season,away_team,home_team,away_goals,home_goals,away_shots,home_shots,away_xg,home_xg,url,away_eng,home_eng,away_ev_goals,home_ev_goals
20242025,Michigan State,Lake Superior,2.0,1.0,39.0,26.0,2.5,1.6,https://www.collegehockeynews.com/box/final/20241004/msu/lss/,0,0,2.0,1.0
20242025,Minnesota State,Michigan,5.0,2.0,23.0,34.0,2.7,4.1,https://www.collegehockeynews.com/box/final/20241004/mns/mic/,0,0,5.0,1.0
20242025,Arizona State,Air Force,8.0,1.0,24.0,28.0,3.3,3.0,https://www.collegehockeynews.com/box/final/20241004/asu/afa/,0,0,3.0,1.0
20242025,Bowling Green,Mercyhurst,2.0,1.0,27.0,33.0,2.4,2.7,https://www.collegehockeynews.com/box/final/20241004/bgs/mrc/,0,0,1.0,1.0
20242025,Colgate,Connecticut,2.0,4.0,24.0,38.0,2.3,3.0,https://www.collegehockeynews.com/box/final/20241004/clg/con/,0,0,2.0,3.0
20242025,Miami,Ferris State,3.0,3.0,30.0,37.0,3.0,3.7,https://www.collegehockeynews.com/box/final/20241004/mia/fsu/,0,0,2.0,2.0
20242025,Michigan State,Lake Superior,5.0,1.0,47.0,26.0,3.3,2.0,https://www.collegehockeynews.com/box/final/20241005/msu/lss/,0,0,2.0,1.0
20242025,Bemidji State,Minnesota-Duluth,4.0,3.0,23.0,40.0,2.6,4.3,https://www.collegehockeynews.com/box/final/20241005/bmj/mnd/,0,0,4.0,2.0
20242025,Denver,Alaska-Anchorage,6.0,2.0,38.0,12.0,3.0,1.1,https://www.collegehockeynews.com/box/final/20241005/den/aka/,0,0,2.0,1.0
20242025,Minnesota State,Michigan,1.0,4.0,25.0,18.0,2.8,2.8,https://www.collegehockeynews.com/box/final/20241005/mns/mic/,0,2,1.0,2.0
20242025,Holy Cross,Boston University,2.0,5.0,31.0,37.0,1.9,3.2,https://www.collegehockeynews.com/box/final/20241005/hcr/bu_/,0,0,1.0,4.0
20242025,Canisius,Clarkson,1.0,2.0,25.0,28.0,2.9,3.1,https://www.collegehockeynews.com/box/final/20241005/cns/clk/,0,0,1.0,2.0
20242025,American Int'l,Maine,0.0,6.0,17.0,32.0,1.5,5.3,https://www.collegehockeynews.com/box/final/20241005/aic/mne/,0,0,0.0,5.0
20242025,RIT,St. Lawrence,2.0,3.0,22.0,27.0,2.2,3.2,https://www.collegehockeynews.com/box/final/20241005/rit/stl/,0,0,2.0,3.0
20242025,Massachusetts,Bentley,5.0,4.0,37.0,37.0,3.6,2.6,https://www.collegehockeynews.com/box/final/20241005/uma/ben/,0,0,5.0,3.0
20242025,Arizona State,Air Force,3.0,4.0,35.0,33.0,3.1,3.1,https://www.collegehockeynews.com/box/final/20241005/asu/afa/,0,0,3.0,2.0
20242025,Bowling Green,Mercyhurst,5.0,4.0,42.0,34.0,3.0,2.4,https://www.collegehockeynews.com/box/final/20241005/bgs/mrc/,0,0,4.0,3.0
20242025,Penn State,Alaska,4.0,3.0,33.0,29.0,2.6,3.0,https://www.collegehockeynews.com/box/final/20241005/psu/akf/,0,0,4.0,3.0
20242025,Colgate,Connecticut,2.0,6.0,34.0,43.0,3.2,4.5,https://www.collegehockeynews.com/box/final/20241005/clg/con/,0,0,2.0,5.0
20242025,Miami,Ferris State,4.0,4.0,38.0,27.0,4.0,1.9,https://www.collegehockeynews.com/box/final/20241005/mia/fsu/,0,0,1.0,4.0
20242025,RIT,Clarkson,3.0,2.0,18.0,34.0,1.5,3.7,https://www.collegehockeynews.com/box/final/20241006/rit/clk/,0,0,2.0,0.0
20242025,Canisius,St. Lawrence,2.0,5.0,28.0,25.0,3.3,3.4,https://www.collegehockeynews.com/box/final/20241006/cns/stl/,0,0,2.0,3.0
20242025,Army,Union,3.0,4.0,18.0,34.0,1.9,3.2,https://www.collegehockeynews.com/box/final/20241006/arm/uni/,0,0,1.0,3.0
20242025,Stonehill,Merrimack,3.0,2.0,25.0,29.0,2.8,2.3,https://www.collegehockeynews.com/box/final/20241006/stn/mer/,0,0,1.0,2.0
20242025,Denver,Alaska-Anchorage,4.0,1.0,36.0,25.0,2.1,1.3,https://www.collegehockeynews.com/box/final/20241006/den/aka/,0,0,3.0,0.0
20242025,Penn State,Alaska,5.0,0.0,32.0,32.0,3.1,3.2,https://www.collegehockeynews.com/box/final/20241006/psu/akf/,0,0,3.0,0.0
20242025,St. Cloud State,St. Thomas,1.0,0.0,28.0,34.0,2.2,3.1,https://www.collegehockeynews.com/box/final/20241006/stc/stt/,0,0,0.0,0.0
20242025,Michigan,Arizona State,4.0,1.0,34.0,36.0,2.0,2.3,https://www.collegehockeynews.com/box/final/20241011/mic/asu/,0,0,1.0,0.0
20242025,Boston College,Michigan State,3.0,0.0,29.0,24.0,5.0,2.3,https://www.collegehockeynews.com/box/final/20241011/bc_/msu/,0,0,3.0,0.0
20242025,Rensselaer,Canisius,6.0,3.0,29.0,31.0,3.1,2.7,https://www.collegehockeynews.com/box/final/20241011/ren/cns/,1,0,3.0,2.0
20242025,Niagara,Clarkson,2.0,4.0,22.0,27.0,2.0,2.8,https://www.collegehockeynews.com/box/final/20241011/nia/clk/,0,0,1.0,1.0
20242025,Sacred Heart,Colgate,5.0,6.0,27.0,32.0,2.0,1.8,https://www.collegehockeynews.com/box/final/20241011/sac/clg/,0,0,4.0,5.0
20242025,Northern Michigan,Colorado College,3.0,4.0,19.0,49.0,1.6,6.6,https://www.collegehockeynews.com/box/final/20241011/nmu/cc_/,0,0,1.0,4.0
20242025,Connecticut,Holy Cross,3.0,4.0,37.0,21.0,3.2,2.0,https://www.collegehockeynews.com/box/final/20241011/con/hcr/,0,0,3.0,1.0
20242025,Union,Stonehill,4.0,2.0,45.0,26.0,4.5,2.5,https://www.collegehockeynews.com/box/final/20241011/uni/stn/,0,0,4.0,1.0
20242025,American Int'l,Ohio State,3.0,3.0,22.0,50.0,2.2,4.9,https://www.collegehockeynews.com/box/final/20241011/aic/osu/,0,0,3.0,2.0
20242025,Notre Dame,St. Lawrence,4.0,1.0,38.0,33.0,4.2,2.8,https://www.collegehockeynews.com/box/final/20241011/ndm/stl/,0,0,3.0,0.0
20242025,Ferris State,Western Michigan,1.0,4.0,18.0,44.0,1.8,4.2,https://www.collegehockeynews.com/box/final/20241011/fsu/wmu/,0,0,1.0,4.0
20242025,Lindenwood,Wisconsin,4.0,2.0,19.0,36.0,1.5,4.3,https://www.collegehockeynews.com/box/final/20241011/lin/wis/,0,0,3.0,1.0
20242025,Vermont,St. Thomas,5.0,5.0,37.0,38.0,3.4,4.5,https://www.collegehockeynews.com/box/final/20241011/ver/stt/,0,0,4.0,4.0
20242025,Alaska-Anchorage,Miami,2.0,3.0,27.0,21.0,2.6,2.2,https://www.collegehockeynews.com/box/final/20241011/aka/mia/,0,0,1.0,1.0
20242025,Alaska,Michigan Tech,1.0,2.0,16.0,28.0,1.7,3.0,https://www.collegehockeynews.com/box/final/20241011/akf/mtu/,0,0,1.0,2.0
20242025,Merrimack,Minnesota State,1.0,0.0,20.0,28.0,1.6,2.2,https://www.collegehockeynews.com/box/final/20241011/mer/mns/,0,0,1.0,0.0
20242025,Long Island,Augustana,0.0,4.0,29.0,24.0,3.9,3.3,https://www.collegehockeynews.com/box/final/20241011/liu/aug/,0,0,0.0,3.0
20242025,Minnesota-Duluth,Mass.-Lowell,4.0,2.0,29.0,38.0,2.3,3.5,https://www.collegehockeynews.com/box/final/20241011/mnd/uml/,0,0,2.0,2.0
20242025,Bemidji State,St. Cloud State,3.0,4.0,33.0,23.0,2.9,1.8,https://www.collegehockeynews.com/box/final/20241011/bmj/stc/,0,0,3.0,4.0
20242025,Omaha,Massachusetts,3.0,2.0,24.0,26.0,2.0,2.5,https://www.collegehockeynews.com/box/final/20241011/uno/uma/,0,0,2.0,0.0
20242025,Minnesota,Air Force,7.0,1.0,33.0,22.0,3.1,1.4,https://www.collegehockeynews.com/box/final/20241011/min/afa/,0,0,7.0,0.0
20242025,RIT,Mercyhurst,2.0,4.0,33.0,30.0,3.1,2.3,https://www.collegehockeynews.com/box/final/20241011/rit/mrc/,0,1,1.0,3.0
20242025,Holy Cross,Connecticut,1.0,3.0,15.0,26.0,1.3,2.2,https://www.collegehockeynews.com/box/final/20241012/hcr/con/,0,1,1.0,2.0
20242025,Sacred Heart,Colgate,3.0,3.0,26.0,33.0,2.8,4.3,https://www.collegehockeynews.com/box/final/20241012/sac/clg/,0,0,3.0,3.0
20242025,Rensselaer,Canisius,8.0,3.0,28.0,31.0,2.8,3.5,https://www.collegehockeynews.com/box/final/20241012/ren/cns/,0,0,5.0,2.0
20242025,American Int'l,Ohio State,2.0,5.0,28.0,27.0,1.7,2.4,https://www.collegehockeynews.com/box/final/20241012/aic/osu/,0,0,1.0,4.0
20242025,Michigan,Arizona State,3.0,3.0,34.0,31.0,3.2,1.9,https://www.collegehockeynews.com/box/final/20241012/mic/asu/,0,0,3.0,0.0
20242025,Northern Michigan,Colorado College,1.0,6.0,12.0,36.0,1.4,5.1,https://www.collegehockeynews.com/box/final/20241012/nmu/cc_/,0,0,1.0,5.0
20242025,Boston College,Michigan State,3.0,4.0,35.0,29.0,2.4,2.2,https://www.collegehockeynews.com/box/final/20241012/bc_/msu/,0,0,2.0,4.0
20242025,Lindenwood,Wisconsin,2.0,3.0,17.0,45.0,1.6,5.4,https://www.collegehockeynews.com/box/final/20241012/lin/wis/,0,0,2.0,1.0
20242025,Vermont,St. Thomas,1.0,3.0,28.0,40.0,2.0,3.2,https://www.collegehockeynews.com/box/final/20241012/ver/stt/,0,1,1.0,2.0
20242025,Minnesota-Duluth,Mass.-Lowell,1.0,4.0,21.0,36.0,2.1,2.8,https://www.collegehockeynews.com/box/final/20241012/mnd/uml/,0,0,1.0,2.0
20242025,Alaska,Michigan Tech,1.0,2.0,30.0,18.0,2.3,1.9,https://www.collegehockeynews.com/box/final/20241012/akf/mtu/,0,0,0.0,1.0
20242025,Merrimack,Minnesota State,1.0,4.0,19.0,23.0,1.3,2.1,https://www.collegehockeynews.com/box/final/20241012/mer/mns/,0,0,1.0,3.0
20242025,Providence,North Dakota,2.0,5.0,24.0,31.0,2.5,2.5,https://www.collegehockeynews.com/box/final/20241012/prv/ndk/,0,1,1.0,3.0
20242025,Long Island,Augustana,3.0,2.0,33.0,23.0,3.4,2.8,https://www.collegehockeynews.com/box/final/20241012/liu/aug/,0,0,3.0,1.0
20242025,St. Cloud State,Bemidji State,3.0,2.0,25.0,25.0,3.2,2.5,https://www.collegehockeynews.com/box/final/20241012/stc/bmj/,0,0,2.0,1.0
20242025,Union,Boston University,1.0,4.0,37.0,44.0,3.1,3.9,https://www.collegehockeynews.com/box/final/20241012/uni/bu_/,0,0,1.0,2.0
20242025,Notre Dame,Clarkson,5.0,2.0,27.0,32.0,3.0,3.3,https://www.collegehockeynews.com/box/final/20241012/ndm/clk/,1,0,2.0,1.0
20242025,Western Michigan,Ferris State,5.0,1.0,32.0,29.0,3.8,2.6,https://www.collegehockeynews.com/box/final/20241012/wmu/fsu/,0,0,4.0,1.0
20242025,Bentley,New Hampshire,1.0,2.0,24.0,28.0,3.7,4.1,https://www.collegehockeynews.com/box/final/20241012/ben/unh/,0,0,0.0,1.0
20242025,Stonehill,Northeastern,1.0,5.0,18.0,35.0,1.8,4.8,https://www.collegehockeynews.com/box/final/20241012/stn/noe/,0,0,1.0,5.0
20242025,Penn State,Quinnipiac,2.0,3.0,20.0,22.0,2.4,3.0,https://www.collegehockeynews.com/box/final/20241012/psu/qui/,0,0,1.0,3.0
20242025,Niagara,St. Lawrence,3.0,4.0,26.0,32.0,2.9,3.4,https://www.collegehockeynews.com/box/final/20241012/nia/stl/,0,0,1.0,3.0
20242025,Alaska-Anchorage,Miami,1.0,4.0,26.0,15.0,2.3,1.7,https://www.collegehockeynews.com/box/final/20241012/aka/mia/,0,0,1.0,3.0
20242025,RIT,Mercyhurst,4.0,2.0,41.0,33.0,2.5,2.1,https://www.collegehockeynews.com/box/final/20241012/rit/mrc/,1,0,3.0,0.0
20242025,Massachusetts,Air Force,5.0,1.0,37.0,34.0,2.7,3.8,https://www.collegehockeynews.com/box/final/20241012/uma/afa/,1,0,2.0,0.0
20242025,Minnesota,Omaha,1.0,2.0,54.0,18.0,4.4,2.0,https://www.collegehockeynews.com/box/final/20241012/min/uno/,0,0,1.0,1.0
20242025,Robert Morris,Miami,5.0,1.0,24.0,24.0,3.1,2.2,https://www.collegehockeynews.com/box/final/20241017/rmu/mia/,0,0,5.0,1.0
20242025,Bowling Green,Western Michigan,2.0,6.0,25.0,39.0,2.0,3.1,https://www.collegehockeynews.com/box/final/20241017/bgs/wmu/,0,0,1.0,3.0
20242025,Connecticut,Boston University,2.0,4.0,26.0,29.0,2.8,3.6,https://www.collegehockeynews.com/box/final/20241018/con/bu_/,0,0,1.0,3.0
20242025,New Hampshire,Merrimack,0.0,0.0,19.0,16.0,2.5,1.3,https://www.collegehockeynews.com/box/final/20241018/unh/mer/,0,0,0.0,0.0
20242025,Ohio State,Wisconsin,2.0,1.0,23.0,38.0,2.2,4.2,https://www.collegehockeynews.com/box/final/20241018/osu/wis/,0,0,2.0,0.0
20242025,Northeastern,Denver,2.0,5.0,17.0,45.0,1.9,4.6,https://www.collegehockeynews.com/box/final/20241018/noe/den/,0,0,2.0,5.0
20242025,Quinnipiac,Maine,1.0,2.0,20.0,29.0,2.5,2.9,https://www.collegehockeynews.com/box/final/20241018/qui/mne/,0,0,0.0,2.0
20242025,Sacred Heart,Massachusetts,4.0,3.0,20.0,36.0,1.6,3.5,https://www.collegehockeynews.com/box/final/20241018/sac/uma/,0,0,4.0,2.0
20242025,St. Cloud State,Michigan,0.0,3.0,21.0,30.0,2.7,4.0,https://www.collegehockeynews.com/box/final/20241018/stc/mic/,0,1,0.0,0.0
20242025,Minnesota,Minnesota-Duluth,7.0,5.0,49.0,22.0,4.5,2.1,https://www.collegehockeynews.com/box/final/20241018/min/mnd/,0,0,6.0,3.0
20242025,Arizona State,Providence,1.0,4.0,28.0,27.0,2.1,2.2,https://www.collegehockeynews.com/box/final/20241018/asu/prv/,0,1,1.0,3.0
20242025,Niagara,Rensselaer,3.0,3.0,42.0,39.0,3.4,3.5,https://www.collegehockeynews.com/box/final/20241018/nia/ren/,0,0,2.0,3.0
20242025,Ferris State,St. Lawrence,1.0,0.0,27.0,35.0,2.4,2.8,https://www.collegehockeynews.com/box/final/20241018/fsu/stl/,0,0,1.0,0.0
20242025,Mercyhurst,Union,2.0,6.0,22.0,34.0,2.0,4.0,https://www.collegehockeynews.com/box/final/20241018/mrc/uni/,0,0,1.0,6.0
20242025,Long Island,Bentley,1.0,1.0,15.0,26.0,2.0,3.1,https://www.collegehockeynews.com/box/final/20241018/liu/ben/,0,0,1.0,1.0
20242025,American Int'l,Boston College,0.0,5.0,20.0,31.0,1.5,4.0,https://www.collegehockeynews.com/box/final/20241018/aic/bc_/,0,0,0.0,4.0
20242025,Lindenwood,Air Force,2.0,3.0,28.0,27.0,2.6,3.4,https://www.collegehockeynews.com/box/final/20241018/lin/afa/,0,0,1.0,1.0
20242025,Alaska,Notre Dame,1.0,4.0,26.0,38.0,2.3,4.2,https://www.collegehockeynews.com/box/final/20241018/akf/ndm/,0,0,1.0,2.0
20242025,Stonehill,Lake Superior,4.0,1.0,23.0,30.0,1.1,2.2,https://www.collegehockeynews.com/box/final/20241018/stn/lss/,1,0,3.0,0.0
20242025,North Dakota,Minnesota State,3.0,2.0,22.0,25.0,3.0,3.0,https://www.collegehockeynews.com/box/final/20241018/ndk/mns/,0,0,1.0,2.0
20242025,Augustana,Omaha,2.0,1.0,36.0,35.0,3.3,4.0,https://www.collegehockeynews.com/box/final/20241018/aug/uno/,0,0,1.0,1.0
20242025,Alaska-Anchorage,Northern Michigan,1.0,2.0,32.0,20.0,2.8,1.9,https://www.collegehockeynews.com/box/final/20241018/aka/nmu/,0,0,1.0,2.0
20242025,Colgate,Mass.-Lowell,2.0,5.0,22.0,34.0,2.8,3.1,https://www.collegehockeynews.com/box/final/20241018/clg/uml/,0,0,1.0,2.0
20242025,Arizona State,Providence,1.0,2.0,32.0,38.0,2.4,2.6,https://www.collegehockeynews.com/box/final/20241019/asu/prv/,0,0,0.0,2.0
20242025,Niagara,Rensselaer,5.0,4.0,43.0,29.0,3.8,2.9,https://www.collegehockeynews.com/box/final/20241019/nia/ren/,0,0,3.0,3.0
20242025,Mercyhurst,Union,2.0,3.0,23.0,37.0,2.6,4.3,https://www.collegehockeynews.com/box/final/20241019/mrc/uni/,0,0,1.0,1.0
20242025,Northeastern,Denver,2.0,5.0,29.0,32.0,2.6,3.5,https://www.collegehockeynews.com/box/final/20241019/noe/den/,0,1,1.0,2.0
20242025,Minnesota,Minnesota-Duluth,5.0,1.0,34.0,32.0,3.8,2.4,https://www.collegehockeynews.com/box/final/20241019/min/mnd/,1,0,3.0,0.0
20242025,Colgate,Mass.-Lowell,1.0,2.0,25.0,30.0,2.6,2.8,https://www.collegehockeynews.com/box/final/20241019/clg/uml/,0,0,1.0,0.0
20242025,Alaska,Notre Dame,1.0,0.0,23.0,37.0,1.7,3.1,https://www.collegehockeynews.com/box/final/20241019/akf/ndm/,0,0,1.0,0.0
20242025,Stonehill,Lake Superior,0.0,3.0,35.0,30.0,2.1,2.5,https://www.collegehockeynews.com/box/final/20241019/stn/lss/,0,0,0.0,2.0
20242025,North Dakota,Minnesota State,0.0,3.0,27.0,27.0,3.4,2.9,https://www.collegehockeynews.com/box/final/20241019/ndk/mns/,0,1,0.0,2.0
20242025,Alaska-Anchorage,Northern Michigan,5.0,3.0,49.0,25.0,4.6,2.0,https://www.collegehockeynews.com/box/final/20241019/aka/nmu/,1,0,4.0,2.0
20242025,St. Cloud State,Michigan,4.0,0.0,27.0,24.0,3.7,4.0,https://www.collegehockeynews.com/box/final/20241019/stc/mic/,1,0,1.0,0.0
20242025,Miami,Robert Morris,1.0,4.0,26.0,33.0,2.1,3.4,https://www.collegehockeynews.com/box/final/20241019/mia/rmu/,0,2,0.0,2.0
20242025,Massachusetts,Sacred Heart,6.0,1.0,20.0,21.0,1.8,1.6,https://www.collegehockeynews.com/box/final/20241019/uma/sac/,0,0,4.0,0.0
20242025,Ferris State,St. Lawrence,0.0,8.0,30.0,37.0,3.1,3.4,https://www.collegehockeynews.com/box/final/20241019/fsu/stl/,0,0,0.0,2.0
20242025,Long Island,Bentley,1.0,3.0,22.0,33.0,1.9,2.9,https://www.collegehockeynews.com/box/final/20241019/liu/ben/,0,0,0.0,2.0
20242025,Bowling Green,RIT,2.0,1.0,45.0,27.0,4.3,2.4,https://www.collegehockeynews.com/box/final/20241019/bgs/rit/,0,0,1.0,1.0
20242025,Augustana,Omaha,4.0,0.0,21.0,33.0,2.4,3.9,https://www.collegehockeynews.com/box/final/20241019/aug/uno/,0,0,2.0,0.0
20242025,Quinnipiac,Maine,5.0,6.0,27.0,41.0,2.9,4.3,https://www.collegehockeynews.com/box/final/20241019/qui/mne/,0,0,3.0,3.0
20242025,Clarkson,Vermont,3.0,1.0,25.0,18.0,2.1,1.8,https://www.collegehockeynews.com/box/final/20241019/clk/ver/,1,0,1.0,1.0
20242025,Ohio State,Wisconsin,2.0,1.0,20.0,29.0,2.5,3.0,https://www.collegehockeynews.com/box/final/20241019/osu/wis/,0,0,2.0,1.0
20242025,Army,Holy Cross,1.0,0.0,28.0,36.0,1.9,3.5,https://www.collegehockeynews.com/box/final/20241019/arm/hcr/,0,0,0.0,0.0
20242025,Lindenwood,Air Force,1.0,2.0,21.0,26.0,2.1,2.6,https://www.collegehockeynews.com/box/final/20241020/lin/afa/,0,0,1.0,1.0
20242025,Army,Holy Cross,3.0,5.0,33.0,42.0,2.5,3.5,https://www.collegehockeynews.com/box/final/20241020/arm/hcr/,0,0,3.0,5.0
20242025,Mercyhurst,Canisius,3.0,6.0,25.0,35.0,2.3,3.2,https://www.collegehockeynews.com/box/final/20241022/mrc/cns/,0,1,2.0,4.0
20242025,Air Force,American Int'l,2.0,1.0,19.0,26.0,2.1,2.3,https://www.collegehockeynews.com/box/final/20241025/afa/aic/,0,0,1.0,1.0
20242025,Niagara,Robert Morris,7.0,3.0,29.0,35.0,2.8,3.1,https://www.collegehockeynews.com/box/final/20241025/nia/rmu/,0,0,5.0,2.0
20242025,Holy Cross,Sacred Heart,2.0,1.0,32.0,30.0,3.7,2.7,https://www.collegehockeynews.com/box/final/20241025/hcr/sac/,0,0,1.0,0.0
20242025,Bentley,Army,6.0,3.0,26.0,29.0,2.7,2.1,https://www.collegehockeynews.com/box/final/20241025/ben/arm/,1,0,4.0,2.0
20242025,Stonehill,Minnesota-Duluth,1.0,5.0,17.0,43.0,1.6,4.4,https://www.collegehockeynews.com/box/final/20241025/stn/mnd/,0,0,1.0,3.0
20242025,Michigan State,Canisius,3.0,0.0,35.0,15.0,3.9,1.5,https://www.collegehockeynews.com/box/final/20241025/msu/cns/,0,0,1.0,0.0
20242025,Wisconsin,Denver,2.0,4.0,33.0,25.0,3.8,3.0,https://www.collegehockeynews.com/box/final/20241025/wis/den/,0,1,2.0,2.0
20242025,Colorado College,Alaska-Anchorage,2.0,1.0,20.0,29.0,1.3,1.6,https://www.collegehockeynews.com/box/final/20241025/cc_/aka/,0,0,0.0,0.0
20242025,Clarkson,Michigan Tech,4.0,1.0,17.0,32.0,2.4,3.4,https://www.collegehockeynews.com/box/final/20241025/clk/mtu/,1,0,2.0,0.0
20242025,Bowling Green,Ohio State,1.0,3.0,26.0,26.0,2.9,2.4,https://www.collegehockeynews.com/box/final/20241025/bgs/osu/,0,0,1.0,1.0
20242025,New Hampshire,Quinnipiac,2.0,8.0,31.0,30.0,3.4,2.9,https://www.collegehockeynews.com/box/final/20241025/unh/qui/,0,0,2.0,6.0
20242025,Augustana,St. Cloud State,3.0,4.0,32.0,29.0,2.4,2.5,https://www.collegehockeynews.com/box/final/20241025/aug/stc/,0,0,3.0,4.0
20242025,St. Lawrence,Penn State,2.0,3.0,16.0,28.0,1.7,3.5,https://www.collegehockeynews.com/box/final/20241025/stl/psu/,0,0,2.0,3.0
20242025,Lindenwood,Miami,4.0,2.0,22.0,33.0,2.3,2.8,https://www.collegehockeynews.com/box/final/20241025/lin/mia/,0,0,2.0,1.0
20242025,Long Island,Notre Dame,1.0,4.0,39.0,24.0,2.8,2.5,https://www.collegehockeynews.com/box/final/20241025/liu/ndm/,0,0,0.0,3.0
20242025,Colgate,RIT,5.0,4.0,38.0,24.0,3.9,2.8,https://www.collegehockeynews.com/box/final/20241025/clg/rit/,0,0,5.0,4.0
20242025,Omaha,Minnesota State,3.0,4.0,29.0,30.0,2.4,2.2,https://www.collegehockeynews.com/box/final/20241025/uno/mns/,0,0,1.0,4.0
20242025,Boston University,North Dakota,2.0,7.0,29.0,34.0,2.6,3.8,https://www.collegehockeynews.com/box/final/20241025/bu_/ndk/,0,0,1.0,5.0
20242025,Arizona State,Northern Michigan,3.0,1.0,40.0,17.0,4.0,1.2,https://www.collegehockeynews.com/box/final/20241025/asu/nmu/,1,0,1.0,1.0
20242025,St. Thomas,Minnesota,1.0,7.0,21.0,33.0,1.8,2.6,https://www.collegehockeynews.com/box/final/20241025/stt/min/,0,0,1.0,7.0
20242025,Union,Rensselaer,6.0,3.0,40.0,30.0,2.7,2.7,https://www.collegehockeynews.com/box/final/20241025/uni/ren/,1,0,1.0,2.0
20242025,Connecticut,Massachusetts,3.0,3.0,23.0,33.0,2.1,3.4,https://www.collegehockeynews.com/box/final/20241025/con/uma/,0,0,3.0,2.0
20242025,Maine,Northeastern,4.0,1.0,34.0,25.0,3.5,1.8,https://www.collegehockeynews.com/box/final/20241025/mne/noe/,0,0,1.0,0.0
20242025,Providence,Vermont,3.0,2.0,30.0,23.0,2.7,2.0,https://www.collegehockeynews.com/box/final/20241025/prv/ver/,0,0,3.0,1.0
20242025,Bemidji State,Ferris State,2.0,4.0,27.0,23.0,3.3,2.2,https://www.collegehockeynews.com/box/final/20241025/bmj/fsu/,0,0,1.0,3.0
20242025,Air Force,American Int'l,2.0,4.0,28.0,27.0,2.5,1.8,https://www.collegehockeynews.com/box/final/20241026/afa/aic/,0,1,2.0,2.0
20242025,Bentley,Army,1.0,4.0,32.0,16.0,3.5,2.1,https://www.collegehockeynews.com/box/final/20241026/ben/arm/,0,1,0.0,2.0
20242025,Robert Morris,Niagara,4.0,4.0,37.0,34.0,3.2,2.6,https://www.collegehockeynews.com/box/final/20241026/rmu/nia/,0,0,4.0,4.0
20242025,Holy Cross,Sacred Heart,1.0,2.0,31.0,17.0,2.9,1.6,https://www.collegehockeynews.com/box/final/20241026/hcr/sac/,0,0,1.0,1.0
20242025,New Hampshire,Quinnipiac,3.0,2.0,33.0,19.0,2.1,2.5,https://www.collegehockeynews.com/box/final/20241026/unh/qui/,0,0,2.0,1.0
20242025,St. Lawrence,Penn State,1.0,3.0,26.0,37.0,2.4,3.2,https://www.collegehockeynews.com/box/final/20241026/stl/psu/,0,0,1.0,1.0
20242025,Augustana,St. Cloud State,1.0,2.0,27.0,30.0,2.2,3.2,https://www.collegehockeynews.com/box/final/20241026/aug/stc/,0,0,1.0,2.0
20242025,Colgate,RIT,4.0,3.0,31.0,23.0,3.3,3.1,https://www.collegehockeynews.com/box/final/20241026/clg/rit/,0,0,2.0,1.0
20242025,Wisconsin,Denver,1.0,6.0,26.0,30.0,2.3,2.8,https://www.collegehockeynews.com/box/final/20241026/wis/den/,0,0,0.0,5.0
20242025,Colorado College,Alaska-Anchorage,2.0,0.0,23.0,18.0,1.6,0.7,https://www.collegehockeynews.com/box/final/20241026/cc_/aka/,0,0,2.0,0.0
20242025,Long Island,Notre Dame,5.0,2.0,42.0,27.0,3.0,2.5,https://www.collegehockeynews.com/box/final/20241026/liu/ndm/,1,0,2.0,1.0
20242025,Omaha,Minnesota State,0.0,1.0,27.0,16.0,2.3,1.9,https://www.collegehockeynews.com/box/final/20241026/uno/mns/,0,0,0.0,0.0
20242025,Stonehill,Minnesota-Duluth,1.0,2.0,15.0,37.0,1.5,2.8,https://www.collegehockeynews.com/box/final/20241026/stn/mnd/,0,0,1.0,0.0
20242025,Boston University,North Dakota,4.0,3.0,28.0,32.0,2.5,3.3,https://www.collegehockeynews.com/box/final/20241026/bu_/ndk/,0,0,1.0,1.0
20242025,Arizona State,Northern Michigan,2.0,0.0,38.0,22.0,3.3,2.3,https://www.collegehockeynews.com/box/final/20241026/asu/nmu/,1,0,0.0,0.0
20242025,Michigan State,Canisius,4.0,1.0,46.0,19.0,5.6,1.7,https://www.collegehockeynews.com/box/final/20241026/msu/cns/,0,0,3.0,0.0
20242025,Clarkson,Michigan Tech,2.0,1.0,33.0,35.0,2.9,3.1,https://www.collegehockeynews.com/box/final/20241026/clk/mtu/,0,0,0.0,1.0
20242025,Western Michigan,Boston College,2.0,4.0,22.0,36.0,2.7,4.4,https://www.collegehockeynews.com/box/final/20241026/wmu/bc_/,0,1,2.0,3.0
20242025,Lindenwood,Miami,1.0,4.0,35.0,17.0,3.3,1.8,https://www.collegehockeynews.com/box/final/20241026/lin/mia/,0,1,1.0,1.0
20242025,Ohio State,Bowling Green,2.0,0.0,33.0,22.0,2.9,2.8,https://www.collegehockeynews.com/box/final/20241026/osu/bgs/,0,0,1.0,0.0
20242025,Minnesota,St. Thomas,6.0,2.0,35.0,18.0,4.0,2.0,https://www.collegehockeynews.com/box/final/20241026/min/stt/,0,0,3.0,1.0
20242025,Providence,Vermont,4.0,4.0,40.0,30.0,3.7,2.8,https://www.collegehockeynews.com/box/final/20241026/prv/ver/,0,0,3.0,4.0
20242025,Massachusetts,Connecticut,2.0,3.0,29.0,28.0,3.2,2.7,https://www.collegehockeynews.com/box/final/20241026/uma/con/,0,0,1.0,2.0
20242025,Mass.-Lowell,Merrimack,6.0,3.0,33.0,17.0,2.9,1.3,https://www.collegehockeynews.com/box/final/20241026/uml/mer/,1,0,4.0,1.0
20242025,Maine,Northeastern,2.0,2.0,36.0,33.0,4.3,3.9,https://www.collegehockeynews.com/box/final/20241026/mne/noe/,0,0,1.0,2.0
20242025,Bemidji State,Ferris State,3.0,0.0,28.0,30.0,2.0,2.9,https://www.collegehockeynews.com/box/final/20241026/bmj/fsu/,0,0,3.0,0.0
20242025,Rensselaer,Union,3.0,4.0,23.0,26.0,2.8,2.7,https://www.collegehockeynews.com/box/final/20241026/ren/uni/,0,0,2.0,3.0
20242025,RIT,Niagara,1.0,4.0,29.0,39.0,3.1,3.3,https://www.collegehockeynews.com/box/final/20241030/rit/nia/,0,0,0.0,3.0
20242025,Army,Canisius,0.0,4.0,26.0,25.0,2.3,2.8,https://www.collegehockeynews.com/box/final/20241031/arm/cns/,0,1,0.0,3.0
20242025,Army,Canisius,1.0,6.0,28.0,34.0,2.9,3.4,https://www.collegehockeynews.com/box/final/20241101/arm/cns/,0,0,1.0,3.0
20242025,Mercyhurst,Niagara,3.0,5.0,43.0,36.0,3.8,3.7,https://www.collegehockeynews.com/box/final/20241101/mrc/nia/,0,0,2.0,5.0
20242025,Sacred Heart,Bentley,2.0,4.0,19.0,25.0,1.5,2.7,https://www.collegehockeynews.com/box/final/20241101/sac/ben/,0,1,1.0,1.0
20242025,Dartmouth,Harvard,2.0,1.0,21.0,38.0,1.8,3.1,https://www.collegehockeynews.com/box/final/20241101/dar/har/,0,0,2.0,0.0
20242025,New Hampshire,Providence,3.0,6.0,26.0,30.0,2.1,2.8,https://www.collegehockeynews.com/box/final/20241101/unh/prv/,0,0,3.0,6.0
20242025,Merrimack,Maine,0.0,5.0,15.0,33.0,1.9,4.5,https://www.collegehockeynews.com/box/final/20241101/mer/mne/,0,0,0.0,3.0
20242025,Penn State,Minnesota,1.0,3.0,22.0,34.0,1.9,2.7,https://www.collegehockeynews.com/box/final/20241101/psu/min/,0,1,1.0,1.0
20242025,Wisconsin,Notre Dame,2.0,3.0,44.0,24.0,3.0,1.9,https://www.collegehockeynews.com/box/final/20241101/wis/ndm/,0,0,1.0,2.0
20242025,Michigan,Boston University,5.0,1.0,35.0,23.0,3.5,1.9,https://www.collegehockeynews.com/box/final/20241101/mic/bu_/,0,0,2.0,0.0
20242025,Alaska,Clarkson,3.0,1.0,19.0,24.0,2.2,3.4,https://www.collegehockeynews.com/box/final/20241101/akf/clk/,1,0,2.0,0.0
20242025,Air Force,Colorado College,2.0,3.0,27.0,33.0,2.9,5.0,https://www.collegehockeynews.com/box/final/20241101/afa/cc_/,0,0,2.0,2.0
20242025,North Dakota,Cornell,1.0,4.0,24.0,21.0,2.3,2.7,https://www.collegehockeynews.com/box/final/20241101/ndk/cor/,0,1,1.0,3.0
20242025,Mass.-Lowell,Holy Cross,5.0,4.0,40.0,31.0,2.2,1.9,https://www.collegehockeynews.com/box/final/20241101/uml/hcr/,0,0,4.0,3.0
20242025,St. Lawrence,Stonehill,0.0,4.0,24.0,41.0,2.2,3.2,https://www.collegehockeynews.com/box/final/20241101/stl/stn/,0,2,0.0,2.0
20242025,Lake Superior,Ohio State,3.0,9.0,17.0,49.0,1.7,5.1,https://www.collegehockeynews.com/box/final/20241101/lss/osu/,0,0,2.0,9.0
20242025,Lindenwood,Robert Morris,0.0,3.0,37.0,23.0,3.7,2.2,https://www.collegehockeynews.com/box/final/20241101/lin/rmu/,0,1,0.0,2.0
20242025,Denver,Yale,6.0,0.0,31.0,22.0,2.4,1.9,https://www.collegehockeynews.com/box/final/20241101/den/yal/,0,0,4.0,0.0
20242025,Rensselaer,Miami,3.0,2.0,23.0,22.0,2.3,2.1,https://www.collegehockeynews.com/box/final/20241101/ren/mia/,0,0,2.0,1.0
20242025,Boston College,St. Cloud State,4.0,1.0,21.0,20.0,2.4,2.2,https://www.collegehockeynews.com/box/final/20241101/bc_/stc/,1,0,1.0,1.0
20242025,Ferris State,Bowling Green,0.0,2.0,29.0,31.0,2.8,2.5,https://www.collegehockeynews.com/box/final/20241101/fsu/bgs/,0,0,0.0,2.0
20242025,Michigan Tech,Northern Michigan,3.0,0.0,41.0,24.0,4.4,2.9,https://www.collegehockeynews.com/box/final/20241101/mtu/nmu/,0,0,1.0,0.0
20242025,Augustana,St. Thomas,0.0,4.0,20.0,28.0,2.4,3.1,https://www.collegehockeynews.com/box/final/20241101/aug/stt/,0,0,0.0,3.0
20242025,Minnesota State,Bemidji State,0.0,1.0,24.0,44.0,3.8,4.5,https://www.collegehockeynews.com/box/final/20241101/mns/bmj/,0,0,0.0,1.0
20242025,Massachusetts,American Int'l,4.0,3.0,34.0,47.0,3.1,4.2,https://www.collegehockeynews.com/box/final/20241102/uma/aic/,0,0,3.0,2.0
20242025,Lake Superior,Ohio State,2.0,6.0,16.0,31.0,1.9,3.7,https://www.collegehockeynews.com/box/final/20241102/lss/osu/,0,0,2.0,5.0
20242025,Boston College,St. Cloud State,2.0,1.0,28.0,26.0,3.1,2.2,https://www.collegehockeynews.com/box/final/20241102/bc_/stc/,0,0,2.0,1.0
20242025,Michigan,Boston University,5.0,4.0,24.0,28.0,3.9,3.7,https://www.collegehockeynews.com/box/final/20241102/mic/bu_/,0,0,4.0,4.0
20242025,Alaska,Clarkson,3.0,3.0,22.0,22.0,2.6,3.2,https://www.collegehockeynews.com/box/final/20241102/akf/clk/,0,0,2.0,2.0
20242025,North Dakota,Cornell,3.0,5.0,28.0,28.0,2.7,2.3,https://www.collegehockeynews.com/box/final/20241102/ndk/cor/,0,1,3.0,4.0
20242025,Quinnipiac,Holy Cross,3.0,0.0,36.0,25.0,2.8,1.9,https://www.collegehockeynews.com/box/final/20241102/qui/hcr/,1,0,2.0,0.0
20242025,Lindenwood,Robert Morris,2.0,2.0,39.0,21.0,3.8,2.0,https://www.collegehockeynews.com/box/final/20241102/lin/rmu/,0,0,1.0,1.0
20242025,Denver,Yale,5.0,1.0,30.0,22.0,3.5,2.0,https://www.collegehockeynews.com/box/final/20241102/den/yal/,0,0,2.0,1.0
20242025,Colorado College,Air Force,6.0,1.0,28.0,28.0,3.1,3.0,https://www.collegehockeynews.com/box/final/20241102/cc_/afa/,0,0,6.0,0.0
20242025,Rensselaer,Miami,2.0,1.0,17.0,31.0,2.1,3.4,https://www.collegehockeynews.com/box/final/20241102/ren/mia/,0,0,2.0,0.0
20242025,Vermont,Connecticut,1.0,0.0,19.0,30.0,1.4,2.1,https://www.collegehockeynews.com/box/final/20241102/ver/con/,0,0,0.0,0.0
20242025,Providence,New Hampshire,3.0,0.0,30.0,43.0,3.9,5.3,https://www.collegehockeynews.com/box/final/20241102/prv/unh/,1,0,2.0,0.0
20242025,Merrimack,Maine,0.0,6.0,19.0,40.0,2.0,4.4,https://www.collegehockeynews.com/box/final/20241102/mer/mne/,0,0,0.0,3.0
20242025,Wisconsin,Notre Dame,2.0,1.0,35.0,23.0,3.9,2.3,https://www.collegehockeynews.com/box/final/20241102/wis/ndm/,0,0,1.0,1.0
20242025,Penn State,Minnesota,0.0,1.0,28.0,12.0,2.1,1.7,https://www.collegehockeynews.com/box/final/20241102/psu/min/,0,0,0.0,1.0
20242025,Northern Michigan,Michigan Tech,3.0,6.0,17.0,43.0,1.4,4.3,https://www.collegehockeynews.com/box/final/20241102/nmu/mtu/,0,2,1.0,4.0
20242025,Augustana,St. Thomas,3.0,2.0,23.0,40.0,2.2,2.6,https://www.collegehockeynews.com/box/final/20241102/aug/stt/,0,0,3.0,0.0
20242025,Minnesota State,Bemidji State,2.0,1.0,30.0,21.0,4.3,1.9,https://www.collegehockeynews.com/box/final/20241102/mns/bmj/,0,0,1.0,0.0
20242025,Ferris State,Bowling Green,4.0,5.0,32.0,43.0,2.5,4.4,https://www.collegehockeynews.com/box/final/20241102/fsu/bgs/,0,0,2.0,1.0
20242025,Niagara,Mercyhurst,3.0,4.0,40.0,21.0,4.6,2.1,https://www.collegehockeynews.com/box/final/20241102/nia/mrc/,0,0,3.0,2.0
20242025,Bentley,Sacred Heart,6.0,4.0,24.0,13.0,2.9,1.5,https://www.collegehockeynews.com/box/final/20241102/ben/sac/,1,0,2.0,2.0
20242025,Vermont,Connecticut,5.0,6.0,37.0,28.0,2.9,2.3,https://www.collegehockeynews.com/box/final/20241103/ver/con/,0,0,3.0,3.0
20242025,Stonehill,Dartmouth,2.0,5.0,25.0,30.0,2.6,3.6,https://www.collegehockeynews.com/box/final/20241103/stn/dar/,0,0,0.0,0.0
20242025,Robert Morris,Mercyhurst,5.0,2.0,33.0,28.0,2.5,1.7,https://www.collegehockeynews.com/box/final/20241104/rmu/mrc/,2,0,2.0,1.0
20242025,American Int'l,Holy Cross,2.0,5.0,26.0,29.0,2.6,2.6,https://www.collegehockeynews.com/box/final/20241107/aic/hcr/,0,1,1.0,4.0
20242025,Notre Dame,Michigan,1.0,2.0,19.0,47.0,3.1,6.5,https://www.collegehockeynews.com/box/final/20241108/ndm/mic/,0,0,1.0,2.0
20242025,Ohio State,Michigan State,2.0,4.0,24.0,27.0,1.7,2.1,https://www.collegehockeynews.com/box/final/20241108/osu/msu/,0,1,2.0,2.0
20242025,Minnesota,Wisconsin,3.0,2.0,31.0,30.0,2.2,2.6,https://www.collegehockeynews.com/box/final/20241108/min/wis/,0,0,1.0,1.0
20242025,American Int'l,Holy Cross,3.0,2.0,36.0,30.0,1.9,2.1,https://www.collegehockeynews.com/box/final/20241108/aic/hcr/,0,0,2.0,1.0
20242025,Sacred Heart,Mercyhurst,4.0,3.0,32.0,29.0,2.4,3.0,https://www.collegehockeynews.com/box/final/20241108/sac/mrc/,0,0,4.0,3.0
20242025,Niagara,Army,0.0,1.0,39.0,30.0,3.2,2.6,https://www.collegehockeynews.com/box/final/20241108/nia/arm/,0,0,0.0,1.0
20242025,RIT,Bentley,0.0,5.0,19.0,39.0,1.3,3.1,https://www.collegehockeynews.com/box/final/20241108/rit/ben/,0,0,0.0,5.0
20242025,Canisius,Air Force,0.0,2.0,21.0,30.0,2.3,3.3,https://www.collegehockeynews.com/box/final/20241108/cns/afa/,0,1,0.0,1.0
20242025,Brown,Colgate,3.0,5.0,24.0,30.0,1.9,3.2,https://www.collegehockeynews.com/box/final/20241108/brn/clg/,0,0,3.0,3.0
20242025,Yale,Cornell,2.0,2.0,10.0,33.0,1.4,3.6,https://www.collegehockeynews.com/box/final/20241108/yal/cor/,0,0,0.0,2.0
20242025,Harvard,Princeton,4.0,3.0,33.0,26.0,5.2,3.2,https://www.collegehockeynews.com/box/final/20241108/har/prn/,0,0,3.0,2.0
20242025,Dartmouth,Quinnipiac,4.0,2.0,13.0,20.0,1.2,2.6,https://www.collegehockeynews.com/box/final/20241108/dar/qui/,1,0,2.0,1.0
20242025,Mass.-Lowell,Boston University,5.0,3.0,27.0,29.0,2.1,3.2,https://www.collegehockeynews.com/box/final/20241108/uml/bu_/,0,0,4.0,1.0
20242025,Connecticut,Merrimack,1.0,4.0,35.0,21.0,2.5,1.8,https://www.collegehockeynews.com/box/final/20241108/con/mer/,0,1,0.0,3.0
20242025,Northeastern,Providence,2.0,2.0,42.0,38.0,3.4,3.3,https://www.collegehockeynews.com/box/final/20241108/noe/prv/,0,0,1.0,1.0
20242025,Massachusetts,Vermont,3.0,3.0,24.0,34.0,1.7,2.8,https://www.collegehockeynews.com/box/final/20241108/uma/ver/,0,0,3.0,2.0
20242025,Maine,Boston College,2.0,3.0,32.0,30.0,3.6,3.5,https://www.collegehockeynews.com/box/final/20241108/mne/bc_/,0,0,2.0,2.0
20242025,Arizona State,Colorado College,3.0,4.0,30.0,21.0,3.0,3.2,https://www.collegehockeynews.com/box/final/20241108/asu/cc_/,0,0,2.0,2.0
20242025,Western Michigan,Omaha,2.0,1.0,50.0,29.0,6.0,3.4,https://www.collegehockeynews.com/box/final/20241108/wmu/uno/,0,0,2.0,0.0
20242025,North Dakota,Minnesota-Duluth,7.0,3.0,30.0,35.0,2.7,3.3,https://www.collegehockeynews.com/box/final/20241108/ndk/mnd/,0,0,4.0,0.0
20242025,Miami,St. Cloud State,2.0,3.0,25.0,23.0,3.4,2.5,https://www.collegehockeynews.com/box/final/20241108/mia/stc/,0,0,2.0,2.0
20242025,Lindenwood,Denver,1.0,4.0,24.0,46.0,2.1,5.6,https://www.collegehockeynews.com/box/final/20241108/lin/den/,0,0,1.0,2.0
20242025,Alaska,Union,3.0,3.0,34.0,19.0,3.2,2.4,https://www.collegehockeynews.com/box/final/20241108/akf/uni/,0,0,1.0,3.0
20242025,Michigan Tech,Ferris State,3.0,2.0,31.0,25.0,2.1,2.7,https://www.collegehockeynews.com/box/final/20241108/mtu/fsu/,0,0,1.0,2.0
20242025,Lake Superior,Northern Michigan,5.0,0.0,20.0,34.0,2.3,2.9,https://www.collegehockeynews.com/box/final/20241108/lss/nmu/,0,0,1.0,0.0
20242025,Minnesota State,St. Thomas,5.0,3.0,24.0,31.0,2.0,2.5,https://www.collegehockeynews.com/box/final/20241108/mns/stt/,0,0,3.0,0.0
20242025,Bemidji State,Augustana,4.0,3.0,33.0,23.0,3.4,3.8,https://www.collegehockeynews.com/box/final/20241108/bmj/aug/,0,0,3.0,3.0
20242025,Merrimack,Connecticut,5.0,2.0,24.0,25.0,2.5,2.6,https://www.collegehockeynews.com/box/final/20241109/mer/con/,1,0,3.0,1.0
20242025,Boston University,Mass.-Lowell,5.0,2.0,25.0,19.0,2.2,2.2,https://www.collegehockeynews.com/box/final/20241109/bu_/uml/,0,0,5.0,0.0
20242025,Providence,Northeastern,6.0,5.0,40.0,36.0,3.9,3.0,https://www.collegehockeynews.com/box/final/20241109/prv/noe/,0,0,1.0,2.0
20242025,Massachusetts,Vermont,0.0,4.0,26.0,19.0,2.2,1.6,https://www.collegehockeynews.com/box/final/20241109/uma/ver/,0,2,0.0,2.0
20242025,Sacred Heart,Mercyhurst,4.0,1.0,50.0,35.0,3.2,2.0,https://www.collegehockeynews.com/box/final/20241109/sac/mrc/,0,0,2.0,1.0
20242025,Niagara,Army,2.0,0.0,32.0,38.0,3.5,4.0,https://www.collegehockeynews.com/box/final/20241109/nia/arm/,1,0,1.0,0.0
20242025,RIT,Bentley,6.0,2.0,31.0,35.0,2.8,3.7,https://www.collegehockeynews.com/box/final/20241109/rit/ben/,1,0,4.0,2.0
20242025,Alaska,Union,6.0,4.0,19.0,28.0,2.2,3.1,https://www.collegehockeynews.com/box/final/20241109/akf/uni/,0,0,5.0,1.0
20242025,Stonehill,Clarkson,3.0,6.0,20.0,25.0,2.1,2.6,https://www.collegehockeynews.com/box/final/20241109/stn/clk/,0,0,2.0,5.0
20242025,Lindenwood,Denver,1.0,4.0,19.0,27.0,1.1,3.1,https://www.collegehockeynews.com/box/final/20241109/lin/den/,0,0,1.0,3.0
20242025,Long Island,New Hampshire,1.0,6.0,22.0,34.0,2.5,4.3,https://www.collegehockeynews.com/box/final/20241109/liu/unh/,0,0,0.0,3.0
20242025,Arizona State,Colorado College,1.0,3.0,42.0,21.0,4.0,2.9,https://www.collegehockeynews.com/box/final/20241109/asu/cc_/,0,1,0.0,1.0
20242025,North Dakota,Minnesota-Duluth,4.0,1.0,28.0,27.0,2.5,2.5,https://www.collegehockeynews.com/box/final/20241109/ndk/mnd/,1,0,2.0,0.0
20242025,Miami,St. Cloud State,1.0,3.0,17.0,36.0,2.6,3.7,https://www.collegehockeynews.com/box/final/20241109/mia/stc/,0,0,0.0,3.0
20242025,Western Michigan,Omaha,4.0,2.0,37.0,33.0,3.1,2.8,https://www.collegehockeynews.com/box/final/20241109/wmu/uno/,1,0,3.0,0.0
20242025,Minnesota,Wisconsin,3.0,2.0,42.0,33.0,5.0,2.3,https://www.collegehockeynews.com/box/final/20241109/min/wis/,0,0,1.0,2.0
20242025,Notre Dame,Michigan,2.0,4.0,29.0,34.0,2.9,4.9,https://www.collegehockeynews.com/box/final/20241109/ndm/mic/,0,1,2.0,3.0
20242025,Ohio State,Michigan State,1.0,4.0,30.0,40.0,2.0,3.9,https://www.collegehockeynews.com/box/final/20241109/osu/msu/,0,1,0.0,3.0
20242025,Michigan Tech,Ferris State,3.0,1.0,23.0,37.0,2.9,3.2,https://www.collegehockeynews.com/box/final/20241109/mtu/fsu/,0,0,3.0,1.0
20242025,St. Thomas,Minnesota State,1.0,1.0,27.0,26.0,2.1,2.4,https://www.collegehockeynews.com/box/final/20241109/stt/mns/,0,0,1.0,1.0
20242025,Lake Superior,Northern Michigan,5.0,1.0,32.0,29.0,3.7,3.2,https://www.collegehockeynews.com/box/final/20241109/lss/nmu/,0,0,5.0,1.0
20242025,Bemidji State,Augustana,1.0,5.0,23.0,28.0,1.9,2.3,https://www.collegehockeynews.com/box/final/20241109/bmj/aug/,0,1,1.0,3.0
20242025,Yale,Colgate,4.0,3.0,35.0,24.0,3.8,3.0,https://www.collegehockeynews.com/box/final/20241109/yal/clg/,0,0,3.0,1.0
20242025,Brown,Cornell,1.0,3.0,19.0,31.0,2.2,3.2,https://www.collegehockeynews.com/box/final/20241109/brn/cor/,0,1,1.0,2.0
20242025,Dartmouth,Princeton,5.0,1.0,26.0,19.0,2.2,1.6,https://www.collegehockeynews.com/box/final/20241109/dar/prn/,0,0,4.0,1.0
20242025,Harvard,Quinnipiac,3.0,0.0,29.0,25.0,2.2,2.6,https://www.collegehockeynews.com/box/final/20241109/har/qui/,1,0,0.0,0.0
20242025,Maine,Boston College,0.0,3.0,26.0,23.0,2.6,3.2,https://www.collegehockeynews.com/box/final/20241110/mne/bc_/,0,1,0.0,2.0
20242025,Canisius,Air Force,1.0,2.0,28.0,30.0,2.6,3.7,https://www.collegehockeynews.com/box/final/20241110/cns/afa/,0,0,0.0,1.0
20242025,Merrimack,Stonehill,3.0,4.0,44.0,19.0,4.3,1.4,https://www.collegehockeynews.com/box/final/20241112/mer/stn/,0,0,3.0,2.0
20242025,Providence,Massachusetts,2.0,1.0,28.0,26.0,2.7,2.4,https://www.collegehockeynews.com/box/final/20241114/prv/uma/,0,0,1.0,1.0
20242025,Bemidji State,Minnesota,3.0,5.0,25.0,39.0,2.5,4.2,https://www.collegehockeynews.com/box/final/20241114/bmj/min/,0,1,2.0,3.0
20242025,Holy Cross,Niagara,3.0,3.0,45.0,38.0,4.2,3.6,https://www.collegehockeynews.com/box/final/20241115/hcr/nia/,0,0,3.0,2.0
20242025,Robert Morris,Sacred Heart,2.0,4.0,21.0,31.0,2.0,2.6,https://www.collegehockeynews.com/box/final/20241115/rmu/sac/,0,0,2.0,4.0
20242025,American Int'l,Bentley,2.0,5.0,19.0,30.0,1.8,2.6,https://www.collegehockeynews.com/box/final/20241115/aic/ben/,0,1,0.0,2.0
20242025,Army,RIT,5.0,1.0,36.0,20.0,2.9,1.8,https://www.collegehockeynews.com/box/final/20241115/arm/rit/,0,0,5.0,1.0
20242025,Mercyhurst,Air Force,0.0,1.0,23.0,41.0,2.2,3.7,https://www.collegehockeynews.com/box/final/20241115/mrc/afa/,0,0,0.0,1.0
20242025,Quinnipiac,Brown,3.0,2.0,38.0,20.0,3.8,1.8,https://www.collegehockeynews.com/box/final/20241115/qui/brn/,0,0,1.0,1.0
20242025,Cornell,Dartmouth,3.0,4.0,32.0,23.0,3.8,1.8,https://www.collegehockeynews.com/box/final/20241115/cor/dar/,0,0,2.0,2.0
20242025,Colgate,Harvard,4.0,2.0,33.0,35.0,3.4,3.6,https://www.collegehockeynews.com/box/final/20241115/clg/har/,0,0,4.0,2.0
20242025,Clarkson,Rensselaer,3.0,1.0,34.0,19.0,2.8,2.1,https://www.collegehockeynews.com/box/final/20241115/clk/ren/,1,0,2.0,1.0
20242025,St. Lawrence,Union,0.0,4.0,19.0,33.0,3.4,2.9,https://www.collegehockeynews.com/box/final/20241115/stl/uni/,0,1,0.0,1.0
20242025,Princeton,Yale,4.0,1.0,32.0,22.0,3.4,2.5,https://www.collegehockeynews.com/box/final/20241115/prn/yal/,0,0,3.0,1.0
20242025,Boston College,Connecticut,4.0,5.0,32.0,46.0,3.1,3.5,https://www.collegehockeynews.com/box/final/20241115/bc_/con/,0,1,2.0,4.0
20242025,Boston University,Maine,2.0,5.0,25.0,34.0,3.0,4.7,https://www.collegehockeynews.com/box/final/20241115/bu_/mne/,0,1,1.0,1.0
20242025,Northeastern,New Hampshire,1.0,4.0,24.0,31.0,3.0,3.1,https://www.collegehockeynews.com/box/final/20241115/noe/unh/,0,1,1.0,2.0
20242025,Mass.-Lowell,Vermont,5.0,2.0,27.0,21.0,2.1,1.6,https://www.collegehockeynews.com/box/final/20241115/uml/ver/,0,0,5.0,1.0
20242025,Colorado College,Western Michigan,2.0,3.0,14.0,39.0,2.0,3.5,https://www.collegehockeynews.com/box/final/20241115/cc_/wmu/,0,0,2.0,3.0
20242025,Omaha,Arizona State,4.0,2.0,23.0,43.0,1.9,3.3,https://www.collegehockeynews.com/box/final/20241115/uno/asu/,1,0,2.0,1.0
20242025,Minnesota-Duluth,Miami,5.0,0.0,29.0,21.0,3.0,2.6,https://www.collegehockeynews.com/box/final/20241115/mnd/mia/,0,0,5.0,0.0
20242025,Denver,North Dakota,5.0,2.0,39.0,24.0,3.5,3.2,https://www.collegehockeynews.com/box/final/20241115/den/ndk/,1,0,3.0,2.0
20242025,Notre Dame,Michigan State,3.0,8.0,30.0,41.0,2.4,3.8,https://www.collegehockeynews.com/box/final/20241115/ndm/msu/,0,0,2.0,4.0
20242025,Wisconsin,Penn State,5.0,4.0,28.0,36.0,3.4,3.2,https://www.collegehockeynews.com/box/final/20241115/wis/psu/,0,0,5.0,2.0
20242025,Long Island,Stonehill,5.0,1.0,39.0,21.0,3.8,1.5,https://www.collegehockeynews.com/box/final/20241115/liu/stn/,0,0,1.0,0.0
20242025,Alaska,Alaska-Anchorage,3.0,2.0,23.0,23.0,1.3,1.6,https://www.collegehockeynews.com/box/final/20241115/akf/aka/,0,0,2.0,1.0
20242025,Ohio State,Lindenwood,5.0,2.0,28.0,25.0,2.5,2.5,https://www.collegehockeynews.com/box/final/20241115/osu/lin/,0,0,4.0,1.0
20242025,Ferris State,Lake Superior,2.0,4.0,45.0,25.0,3.2,2.2,https://www.collegehockeynews.com/box/final/20241115/fsu/lss/,0,0,2.0,3.0
20242025,Northern Michigan,Minnesota State,0.0,3.0,21.0,23.0,1.8,2.0,https://www.collegehockeynews.com/box/final/20241115/nmu/mns/,0,1,0.0,2.0
20242025,Bowling Green,St. Thomas,2.0,2.0,33.0,28.0,2.8,3.1,https://www.collegehockeynews.com/box/final/20241115/bgs/stt/,0,0,0.0,1.0
20242025,Ohio State,Lindenwood,3.0,2.0,23.0,28.0,3.0,2.5,https://www.collegehockeynews.com/box/final/20241116/osu/lin/,0,0,0.0,1.0
20242025,Long Island,Stonehill,4.0,2.0,32.0,19.0,2.3,2.3,https://www.collegehockeynews.com/box/final/20241116/liu/stn/,0,0,3.0,1.0
20242025,Alaska,Alaska-Anchorage,1.0,6.0,21.0,20.0,1.7,1.7,https://www.collegehockeynews.com/box/final/20241116/akf/aka/,0,3,0.0,2.0
20242025,Minnesota,Bemidji State,1.0,3.0,39.0,21.0,6.2,2.5,https://www.collegehockeynews.com/box/final/20241116/min/bmj/,0,1,0.0,2.0
20242025,Robert Morris,Sacred Heart,3.0,6.0,30.0,39.0,2.8,3.7,https://www.collegehockeynews.com/box/final/20241116/rmu/sac/,0,0,1.0,2.0
20242025,Holy Cross,Niagara,2.0,3.0,42.0,21.0,4.2,2.3,https://www.collegehockeynews.com/box/final/20241116/hcr/nia/,0,0,0.0,3.0
20242025,American Int'l,Bentley,0.0,3.0,25.0,27.0,1.4,1.8,https://www.collegehockeynews.com/box/final/20241116/aic/ben/,0,1,0.0,2.0
20242025,Army,RIT,4.0,2.0,34.0,34.0,2.6,3.3,https://www.collegehockeynews.com/box/final/20241116/arm/rit/,0,0,3.0,1.0
20242025,Mercyhurst,Air Force,1.0,4.0,34.0,35.0,3.1,3.6,https://www.collegehockeynews.com/box/final/20241116/mrc/afa/,0,1,0.0,2.0
20242025,Clarkson,Union,4.0,1.0,18.0,29.0,2.1,2.8,https://www.collegehockeynews.com/box/final/20241116/clk/uni/,1,0,2.0,1.0
20242025,Princeton,Brown,1.0,1.0,27.0,30.0,2.1,2.9,https://www.collegehockeynews.com/box/final/20241116/prn/brn/,0,0,0.0,0.0
20242025,Colgate,Dartmouth,4.0,4.0,28.0,28.0,2.5,2.8,https://www.collegehockeynews.com/box/final/20241116/clg/dar/,0,0,3.0,4.0
20242025,Cornell,Harvard,2.0,2.0,26.0,34.0,2.8,3.6,https://www.collegehockeynews.com/box/final/20241116/cor/har/,0,0,1.0,2.0
20242025,St. Lawrence,Rensselaer,2.0,3.0,31.0,28.0,2.8,2.2,https://www.collegehockeynews.com/box/final/20241116/stl/ren/,0,1,1.0,2.0
20242025,Quinnipiac,Yale,4.0,1.0,34.0,24.0,2.8,1.7,https://www.collegehockeynews.com/box/final/20241116/qui/yal/,1,0,2.0,1.0
20242025,Omaha,Arizona State,2.0,3.0,22.0,44.0,1.2,2.7,https://www.collegehockeynews.com/box/final/20241116/uno/asu/,0,0,2.0,3.0
20242025,Colorado College,Western Michigan,1.0,1.0,28.0,28.0,2.4,3.5,https://www.collegehockeynews.com/box/final/20241116/cc_/wmu/,0,0,0.0,1.0
20242025,Denver,North Dakota,3.0,2.0,22.0,23.0,2.1,2.6,https://www.collegehockeynews.com/box/final/20241116/den/ndk/,0,0,2.0,0.0
20242025,Minnesota-Duluth,Miami,7.0,2.0,32.0,20.0,3.2,2.3,https://www.collegehockeynews.com/box/final/20241116/mnd/mia/,0,0,6.0,2.0
20242025,Massachusetts,Providence,5.0,1.0,34.0,35.0,2.7,3.2,https://www.collegehockeynews.com/box/final/20241116/uma/prv/,0,0,3.0,1.0
20242025,Mass.-Lowell,Vermont,3.0,0.0,19.0,20.0,2.2,1.7,https://www.collegehockeynews.com/box/final/20241116/uml/ver/,0,0,1.0,0.0
20242025,Boston University,Maine,2.0,2.0,22.0,32.0,2.5,5.1,https://www.collegehockeynews.com/box/final/20241116/bu_/mne/,0,0,1.0,1.0
20242025,New Hampshire,Northeastern,1.0,1.0,30.0,29.0,3.0,2.5,https://www.collegehockeynews.com/box/final/20241116/unh/noe/,0,0,1.0,1.0
20242025,Ferris State,Lake Superior,3.0,2.0,29.0,16.0,3.1,2.2,https://www.collegehockeynews.com/box/final/20241116/fsu/lss/,0,0,3.0,1.0
20242025,Northern Michigan,Minnesota State,1.0,1.0,22.0,27.0,2.0,2.5,https://www.collegehockeynews.com/box/final/20241116/nmu/mns/,0,0,1.0,1.0
20242025,Bowling Green,St. Thomas,3.0,6.0,35.0,33.0,3.2,2.9,https://www.collegehockeynews.com/box/final/20241116/bgs/stt/,0,0,3.0,3.0
20242025,Wisconsin,Penn State,6.0,3.0,31.0,33.0,4.1,3.8,https://www.collegehockeynews.com/box/final/20241116/wis/psu/,0,0,4.0,3.0
20242025,Notre Dame,Michigan State,3.0,4.0,31.0,30.0,3.1,3.0,https://www.collegehockeynews.com/box/final/20241116/ndm/msu/,0,0,1.0,4.0
20242025,Boston College,Providence,3.0,2.0,39.0,26.0,3.2,3.1,https://www.collegehockeynews.com/box/final/20241119/bc_/prv/,0,0,2.0,2.0
20242025,Stonehill,American Int'l,0.0,3.0,16.0,46.0,1.8,5.3,https://www.collegehockeynews.com/box/final/20241119/stn/aic/,0,0,0.0,2.0
20242025,Canisius,Mercyhurst,3.0,2.0,35.0,32.0,2.2,1.8,https://www.collegehockeynews.com/box/final/20241122/cns/mrc/,0,0,3.0,2.0
20242025,RIT,Sacred Heart,2.0,3.0,29.0,25.0,2.7,1.8,https://www.collegehockeynews.com/box/final/20241122/rit/sac/,0,0,2.0,3.0
20242025,Holy Cross,Army,5.0,3.0,28.0,22.0,3.5,3.3,https://www.collegehockeynews.com/box/final/20241122/hcr/arm/,1,0,4.0,3.0
20242025,Air Force,Bentley,0.0,2.0,26.0,24.0,1.8,1.9,https://www.collegehockeynews.com/box/final/20241122/afa/ben/,0,0,0.0,2.0
20242025,Brown,Clarkson,1.0,0.0,16.0,29.0,1.9,3.8,https://www.collegehockeynews.com/box/final/20241122/brn/clk/,0,0,1.0,0.0
20242025,Princeton,Colgate,1.0,2.0,28.0,19.0,2.7,1.5,https://www.collegehockeynews.com/box/final/20241122/prn/clg/,0,0,1.0,1.0
20242025,Quinnipiac,Cornell,3.0,1.0,23.0,16.0,2.6,2.1,https://www.collegehockeynews.com/box/final/20241122/qui/cor/,1,0,1.0,1.0
20242025,Yale,St. Lawrence,5.0,1.0,30.0,27.0,2.6,2.9,https://www.collegehockeynews.com/box/final/20241122/yal/stl/,0,0,3.0,1.0
20242025,Merrimack,Boston University,3.0,6.0,39.0,30.0,4.2,3.1,https://www.collegehockeynews.com/box/final/20241122/mer/bu_/,0,0,3.0,5.0
20242025,Maine,New Hampshire,3.0,1.0,34.0,25.0,4.4,3.0,https://www.collegehockeynews.com/box/final/20241122/mne/unh/,0,0,2.0,0.0
20242025,Northeastern,Boston College,0.0,3.0,28.0,32.0,2.9,3.9,https://www.collegehockeynews.com/box/final/20241122/noe/bc_/,0,0,0.0,3.0
20242025,Connecticut,Mass.-Lowell,4.0,1.0,30.0,27.0,2.9,2.7,https://www.collegehockeynews.com/box/final/20241122/con/uml/,0,0,2.0,1.0
20242025,St. Cloud State,Colorado College,3.0,2.0,17.0,27.0,2.3,2.9,https://www.collegehockeynews.com/box/final/20241122/stc/cc_/,0,0,1.0,0.0
20242025,Arizona State,Denver,3.0,2.0,30.0,32.0,2.1,3.0,https://www.collegehockeynews.com/box/final/20241122/asu/den/,0,0,3.0,1.0
20242025,Western Michigan,Minnesota-Duluth,5.0,2.0,21.0,44.0,2.2,4.6,https://www.collegehockeynews.com/box/final/20241122/wmu/mnd/,0,0,3.0,1.0
20242025,Miami,Omaha,0.0,3.0,24.0,32.0,2.0,2.6,https://www.collegehockeynews.com/box/final/20241122/mia/uno/,0,0,0.0,2.0
20242025,Michigan,Penn State,6.0,5.0,25.0,29.0,3.3,4.3,https://www.collegehockeynews.com/box/final/20241122/mic/psu/,0,0,4.0,3.0
20242025,Minnesota,Notre Dame,6.0,3.0,38.0,28.0,3.3,2.7,https://www.collegehockeynews.com/box/final/20241122/min/ndm/,1,0,2.0,3.0
20242025,Harvard,Massachusetts,3.0,5.0,40.0,40.0,3.8,3.7,https://www.collegehockeynews.com/box/final/20241122/har/uma/,0,0,2.0,4.0
20242025,Robert Morris,North Dakota,3.0,4.0,32.0,43.0,3.1,3.9,https://www.collegehockeynews.com/box/final/20241122/rmu/ndk/,0,0,1.0,2.0
20242025,Stonehill,Lindenwood,0.0,5.0,20.0,27.0,1.7,2.3,https://www.collegehockeynews.com/box/final/20241122/stn/lin/,0,0,0.0,4.0
20242025,Minnesota State,Michigan Tech,5.0,2.0,27.0,23.0,3.6,2.1,https://www.collegehockeynews.com/box/final/20241122/mns/mtu/,1,0,2.0,1.0
20242025,St. Thomas,Bemidji State,2.0,2.0,21.0,24.0,3.3,3.8,https://www.collegehockeynews.com/box/final/20241122/stt/bmj/,0,0,1.0,1.0
20242025,Augustana,Ferris State,2.0,5.0,22.0,32.0,2.5,3.0,https://www.collegehockeynews.com/box/final/20241122/aug/fsu/,0,0,0.0,3.0
20242025,Air Force,Bentley,0.0,2.0,24.0,24.0,2.0,2.3,https://www.collegehockeynews.com/box/final/20241123/afa/ben/,0,0,0.0,2.0
20242025,Canisius,Mercyhurst,3.0,3.0,34.0,22.0,2.3,1.6,https://www.collegehockeynews.com/box/final/20241123/cns/mrc/,0,0,1.0,3.0
20242025,Niagara,American Int'l,2.0,1.0,34.0,57.0,3.0,3.8,https://www.collegehockeynews.com/box/final/20241123/nia/aic/,0,0,2.0,1.0
20242025,RIT,Sacred Heart,3.0,3.0,25.0,33.0,3.0,3.5,https://www.collegehockeynews.com/box/final/20241123/rit/sac/,0,0,2.0,2.0
20242025,Yale,Clarkson,0.0,4.0,18.0,35.0,2.6,4.2,https://www.collegehockeynews.com/box/final/20241123/yal/clk/,0,0,0.0,2.0
20242025,Quinnipiac,Colgate,2.0,3.0,16.0,21.0,2.5,2.8,https://www.collegehockeynews.com/box/final/20241123/qui/clg/,0,0,1.0,2.0
20242025,Princeton,Cornell,0.0,5.0,24.0,24.0,2.6,3.2,https://www.collegehockeynews.com/box/final/20241123/prn/cor/,0,0,0.0,3.0
20242025,Brown,St. Lawrence,2.0,1.0,25.0,31.0,1.6,3.0,https://www.collegehockeynews.com/box/final/20241123/brn/stl/,0,0,2.0,1.0
20242025,Stonehill,Lindenwood,3.0,1.0,35.0,20.0,2.9,1.8,https://www.collegehockeynews.com/box/final/20241123/stn/lin/,0,0,3.0,1.0
20242025,Robert Morris,North Dakota,0.0,1.0,20.0,27.0,2.8,4.1,https://www.collegehockeynews.com/box/final/20241123/rmu/ndk/,0,0,0.0,1.0
20242025,Long Island,Providence,3.0,4.0,26.0,38.0,2.2,4.0,https://www.collegehockeynews.com/box/final/20241123/liu/prv/,0,0,1.0,2.0
20242025,Lake Superior,Alaska-Anchorage,4.0,4.0,32.0,26.0,2.5,1.6,https://www.collegehockeynews.com/box/final/20241123/lss/aka/,0,0,3.0,1.0
20242025,Western Michigan,Minnesota-Duluth,4.0,1.0,36.0,33.0,3.7,3.1,https://www.collegehockeynews.com/box/final/20241123/wmu/mnd/,0,0,2.0,1.0
20242025,St. Cloud State,Colorado College,0.0,1.0,27.0,35.0,2.4,4.2,https://www.collegehockeynews.com/box/final/20241123/stc/cc_/,0,0,0.0,1.0
20242025,Arizona State,Denver,5.0,2.0,29.0,28.0,2.9,3.1,https://www.collegehockeynews.com/box/final/20241123/asu/den/,1,0,3.0,1.0
20242025,Miami,Omaha,1.0,8.0,22.0,43.0,1.6,3.2,https://www.collegehockeynews.com/box/final/20241123/mia/uno/,0,0,1.0,4.0
20242025,Connecticut,Mass.-Lowell,0.0,1.0,32.0,27.0,2.6,2.8,https://www.collegehockeynews.com/box/final/20241123/con/uml/,0,0,0.0,0.0
20242025,Boston College,Northeastern,2.0,4.0,32.0,29.0,3.9,2.4,https://www.collegehockeynews.com/box/final/20241123/bc_/noe/,0,1,2.0,3.0
20242025,Minnesota,Notre Dame,5.0,3.0,39.0,23.0,3.2,2.5,https://www.collegehockeynews.com/box/final/20241123/min/ndm/,1,0,3.0,1.0
20242025,Michigan,Penn State,10.0,6.0,30.0,39.0,3.0,5.2,https://www.collegehockeynews.com/box/final/20241123/mic/psu/,0,0,4.0,4.0
20242025,Minnesota State,Michigan Tech,3.0,1.0,18.0,33.0,2.5,3.4,https://www.collegehockeynews.com/box/final/20241123/mns/mtu/,0,0,2.0,1.0
20242025,St. Thomas,Bemidji State,1.0,2.0,23.0,27.0,4.1,3.8,https://www.collegehockeynews.com/box/final/20241123/stt/bmj/,0,0,1.0,1.0
20242025,Augustana,Ferris State,4.0,1.0,33.0,32.0,2.6,3.0,https://www.collegehockeynews.com/box/final/20241123/aug/fsu/,1,0,2.0,0.0
20242025,Niagara,American Int'l,2.0,5.0,28.0,35.0,3.0,2.9,https://www.collegehockeynews.com/box/final/20241124/nia/aic/,0,0,2.0,3.0
20242025,Vermont,Massachusetts,3.0,2.0,19.0,40.0,1.8,3.4,https://www.collegehockeynews.com/box/final/20241124/ver/uma/,1,0,2.0,1.0
20242025,Lake Superior,Alaska-Anchorage,4.0,2.0,18.0,19.0,2.0,1.3,https://www.collegehockeynews.com/box/final/20241124/lss/aka/,0,0,2.0,0.0
20242025,Colgate,Penn State,2.0,3.0,27.0,42.0,3.1,4.2,https://www.collegehockeynews.com/box/final/20241126/clg/psu/,0,0,2.0,2.0
20242025,Army,Stonehill,1.0,3.0,33.0,36.0,3.3,4.5,https://www.collegehockeynews.com/box/final/20241126/arm/stn/,0,1,1.0,2.0
20242025,Colgate,Penn State,1.0,7.0,23.0,36.0,2.9,4.8,https://www.collegehockeynews.com/box/final/20241127/clg/psu/,0,0,1.0,5.0
20242025,Merrimack,Boston University,2.0,6.0,33.0,29.0,2.5,2.3,https://www.collegehockeynews.com/box/final/20241129/mer/bu_/,0,1,1.0,3.0
20242025,Harvard,Notre Dame,2.0,5.0,31.0,27.0,2.3,2.5,https://www.collegehockeynews.com/box/final/20241129/har/ndm/,0,1,2.0,2.0
20242025,St. Lawrence,Mass.-Lowell,0.0,2.0,20.0,30.0,2.1,5.2,https://www.collegehockeynews.com/box/final/20241129/stl/uml/,0,1,0.0,1.0
20242025,Clarkson,Providence,2.0,3.0,25.0,31.0,3.1,4.8,https://www.collegehockeynews.com/box/final/20241129/clk/prv/,0,0,1.0,2.0
20242025,Army,Massachusetts,1.0,3.0,25.0,42.0,2.0,5.6,https://www.collegehockeynews.com/box/final/20241129/arm/uma/,0,0,0.0,1.0
20242025,Air Force,Brown,1.0,1.0,27.0,31.0,2.9,2.6,https://www.collegehockeynews.com/box/final/20241129/afa/brn/,0,0,1.0,0.0
20242025,Alaska,Minnesota,1.0,1.0,20.0,37.0,1.4,4.3,https://www.collegehockeynews.com/box/final/20241129/akf/min/,0,0,1.0,1.0
20242025,RIT,New Hampshire,1.0,5.0,22.0,36.0,2.5,4.7,https://www.collegehockeynews.com/box/final/20241129/rit/unh/,0,0,1.0,4.0
20242025,Union,Niagara,4.0,2.0,29.0,33.0,2.2,3.2,https://www.collegehockeynews.com/box/final/20241129/uni/nia/,1,0,3.0,1.0
20242025,Ohio State,Princeton,1.0,3.0,30.0,23.0,2.7,2.4,https://www.collegehockeynews.com/box/final/20241129/osu/prn/,0,0,1.0,1.0
20242025,Michigan,Western Michigan,1.0,4.0,27.0,37.0,1.7,2.6,https://www.collegehockeynews.com/box/final/20241129/mic/wmu/,0,0,1.0,4.0
20242025,Alaska-Anchorage,Wisconsin,1.0,7.0,19.0,38.0,1.3,3.7,https://www.collegehockeynews.com/box/final/20241129/aka/wis/,0,0,1.0,4.0
20242025,Dartmouth,Boston College,3.0,5.0,16.0,37.0,2.4,4.6,https://www.collegehockeynews.com/box/final/20241129/dar/bc_/,0,1,2.0,2.0
20242025,Lindenwood,Michigan State,0.0,4.0,29.0,56.0,2.4,4.7,https://www.collegehockeynews.com/box/final/20241129/lin/msu/,0,0,0.0,2.0
20242025,North Dakota,Bemidji State,1.0,2.0,35.0,22.0,3.6,2.9,https://www.collegehockeynews.com/box/final/20241129/ndk/bmj/,0,0,0.0,2.0
20242025,Yale,Long Island,2.0,3.0,21.0,34.0,2.2,4.2,https://www.collegehockeynews.com/box/final/20241129/yal/liu/,0,0,1.0,1.0
20242025,American Int'l,Robert Morris,1.0,4.0,31.0,33.0,2.9,2.7,https://www.collegehockeynews.com/box/final/20241129/aic/rmu/,0,0,1.0,2.0
20242025,Sacred Heart,Holy Cross,1.0,6.0,36.0,26.0,2.6,1.9,https://www.collegehockeynews.com/box/final/20241129/sac/hcr/,0,0,1.0,5.0
20242025,Michigan Tech,Bowling Green,3.0,0.0,30.0,28.0,2.5,2.9,https://www.collegehockeynews.com/box/final/20241129/mtu/bgs/,0,0,1.0,0.0
20242025,Lake Superior,St. Thomas,4.0,2.0,35.0,20.0,3.2,1.6,https://www.collegehockeynews.com/box/final/20241129/lss/stt/,0,0,1.0,0.0
20242025,Northern Michigan,Augustana,1.0,4.0,25.0,30.0,2.0,3.2,https://www.collegehockeynews.com/box/final/20241129/nmu/aug/,0,0,0.0,4.0
20242025,Harvard,Merrimack,4.0,2.0,32.0,33.0,2.6,2.9,https://www.collegehockeynews.com/box/final/20241130/har/mer/,0,0,4.0,2.0
20242025,Notre Dame,Boston University,3.0,4.0,31.0,30.0,3.0,3.1,https://www.collegehockeynews.com/box/final/20241130/ndm/bu_/,0,0,3.0,3.0
20242025,Maine,Rensselaer,6.0,0.0,50.0,16.0,3.7,1.8,https://www.collegehockeynews.com/box/final/20241130/mne/ren/,0,0,3.0,0.0
20242025,Air Force,Brown,2.0,5.0,32.0,31.0,2.5,2.3,https://www.collegehockeynews.com/box/final/20241130/afa/brn/,0,1,1.0,3.0
20242025,Ohio State,Princeton,1.0,3.0,38.0,22.0,1.9,1.0,https://www.collegehockeynews.com/box/final/20241130/osu/prn/,0,0,0.0,2.0
20242025,Alaska,Minnesota,2.0,5.0,23.0,35.0,1.8,4.2,https://www.collegehockeynews.com/box/final/20241130/akf/min/,0,1,1.0,3.0
20242025,Bemidji State,North Dakota,3.0,3.0,26.0,24.0,2.5,2.7,https://www.collegehockeynews.com/box/final/20241130/bmj/ndk/,0,0,3.0,3.0
20242025,Western Michigan,Michigan,1.0,2.0,18.0,30.0,2.3,2.9,https://www.collegehockeynews.com/box/final/20241130/wmu/mic/,0,0,0.0,2.0
20242025,RIT,New Hampshire,1.0,6.0,17.0,36.0,2.2,3.7,https://www.collegehockeynews.com/box/final/20241130/rit/unh/,0,0,0.0,5.0
20242025,Union,Niagara,5.0,3.0,35.0,22.0,3.4,2.4,https://www.collegehockeynews.com/box/final/20241130/uni/nia/,0,0,4.0,2.0
20242025,Alaska-Anchorage,Wisconsin,1.0,1.0,15.0,45.0,1.2,4.3,https://www.collegehockeynews.com/box/final/20241130/aka/wis/,0,0,0.0,0.0
20242025,Yale,Long Island,0.0,3.0,25.0,24.0,1.9,2.0,https://www.collegehockeynews.com/box/final/20241130/yal/liu/,0,0,0.0,2.0
20242025,Quinnipiac,Cornell,3.0,3.0,29.0,33.0,2.6,3.3,https://www.collegehockeynews.com/box/final/20241130/qui/cor/,0,0,0.0,2.0
20242025,Providence,St. Lawrence,2.0,1.0,35.0,20.0,4.6,2.1,https://www.collegehockeynews.com/box/final/20241130/prv/stl/,0,0,2.0,1.0
20242025,Clarkson,Mass.-Lowell,4.0,4.0,24.0,27.0,3.3,3.8,https://www.collegehockeynews.com/box/final/20241130/clk/uml/,0,0,3.0,4.0
20242025,American Int'l,Robert Morris,4.0,2.0,34.0,33.0,2.7,2.2,https://www.collegehockeynews.com/box/final/20241130/aic/rmu/,0,0,3.0,1.0
20242025,Sacred Heart,Holy Cross,1.0,4.0,33.0,30.0,2.6,3.0,https://www.collegehockeynews.com/box/final/20241130/sac/hcr/,0,0,1.0,3.0
20242025,Lake Superior,St. Thomas,5.0,3.0,36.0,33.0,2.8,2.4,https://www.collegehockeynews.com/box/final/20241130/lss/stt/,1,0,4.0,1.0
20242025,Northern Michigan,Augustana,1.0,4.0,30.0,29.0,2.8,3.5,https://www.collegehockeynews.com/box/final/20241130/nmu/aug/,0,1,1.0,2.0
20242025,Michigan Tech,Bowling Green,2.0,2.0,57.0,33.0,4.9,3.5,https://www.collegehockeynews.com/box/final/20241130/mtu/bgs/,0,0,2.0,0.0
20242025,Bentley,Northeastern,1.0,3.0,35.0,17.0,3.6,1.9,https://www.collegehockeynews.com/box/final/20241201/ben/noe/,0,0,1.0,2.0
20242025,Maine,Rensselaer,6.0,2.0,50.0,28.0,3.8,2.5,https://www.collegehockeynews.com/box/final/20241201/mne/ren/,0,0,4.0,2.0
20242025,Dartmouth,Vermont,3.0,1.0,15.0,22.0,1.4,2.2,https://www.collegehockeynews.com/box/final/20241201/dar/ver/,0,0,2.0,0.0
20242025,Lindenwood,Michigan State,0.0,2.0,14.0,37.0,1.7,3.3,https://www.collegehockeynews.com/box/final/20241201/lin/msu/,0,0,0.0,2.0
20242025,Army,Sacred Heart,0.0,4.0,22.0,29.0,2.0,2.7,https://www.collegehockeynews.com/box/final/20241203/arm/sac/,0,1,0.0,3.0
20242025,Canisius,RIT,6.0,4.0,25.0,33.0,2.8,3.9,https://www.collegehockeynews.com/box/final/20241203/cns/rit/,0,0,4.0,3.0
20242025,Connecticut,Boston College,1.0,2.0,24.0,43.0,3.3,6.3,https://www.collegehockeynews.com/box/final/20241204/con/bc_/,0,0,0.0,2.0
20242025,Alaska-Anchorage,Stonehill,4.0,1.0,25.0,27.0,2.9,2.5,https://www.collegehockeynews.com/box/final/20241204/aka/stn/,1,0,3.0,1.0
20242025,Penn State,Ohio State,0.0,4.0,22.0,36.0,1.2,3.2,https://www.collegehockeynews.com/box/final/20241205/psu/osu/,0,1,0.0,2.0
20242025,Holy Cross,American Int'l,1.0,0.0,35.0,24.0,3.8,1.9,https://www.collegehockeynews.com/box/final/20241206/hcr/aic/,0,0,1.0,0.0
20242025,Sacred Heart,Canisius,4.0,2.0,32.0,27.0,3.2,3.3,https://www.collegehockeynews.com/box/final/20241206/sac/cns/,0,0,3.0,1.0
20242025,Bentley,Mercyhurst,4.0,2.0,35.0,24.0,2.2,1.5,https://www.collegehockeynews.com/box/final/20241206/ben/mrc/,1,0,1.0,1.0
20242025,Robert Morris,RIT,7.0,3.0,34.0,31.0,2.7,3.2,https://www.collegehockeynews.com/box/final/20241206/rmu/rit/,1,0,3.0,2.0
20242025,Niagara,Air Force,3.0,2.0,18.0,39.0,2.5,3.8,https://www.collegehockeynews.com/box/final/20241206/nia/afa/,0,0,2.0,2.0
20242025,Colgate,Cornell,2.0,3.0,10.0,31.0,1.6,3.2,https://www.collegehockeynews.com/box/final/20241206/clg/cor/,0,0,1.0,2.0
20242025,St. Lawrence,Dartmouth,3.0,2.0,19.0,31.0,1.6,2.5,https://www.collegehockeynews.com/box/final/20241206/stl/dar/,0,0,3.0,2.0
20242025,Clarkson,Harvard,4.0,3.0,40.0,28.0,3.7,2.4,https://www.collegehockeynews.com/box/final/20241206/clk/har/,1,0,3.0,2.0
20242025,Union,Princeton,1.0,2.0,28.0,28.0,2.1,2.7,https://www.collegehockeynews.com/box/final/20241206/uni/prn/,0,0,0.0,1.0
20242025,Rensselaer,Quinnipiac,1.0,3.0,18.0,35.0,1.6,2.8,https://www.collegehockeynews.com/box/final/20241206/ren/qui/,0,0,1.0,0.0
20242025,New Hampshire,Northeastern,5.0,3.0,18.0,26.0,2.0,3.6,https://www.collegehockeynews.com/box/final/20241206/unh/noe/,0,0,5.0,3.0
20242025,Boston College,Mass.-Lowell,3.0,3.0,35.0,35.0,4.8,4.9,https://www.collegehockeynews.com/box/final/20241206/bc_/uml/,0,0,2.0,3.0
20242025,Denver,Western Michigan,2.0,3.0,31.0,27.0,3.0,2.5,https://www.collegehockeynews.com/box/final/20241206/den/wmu/,0,0,2.0,3.0
20242025,Minnesota-Duluth,Arizona State,3.0,5.0,38.0,28.0,3.3,2.7,https://www.collegehockeynews.com/box/final/20241206/mnd/asu/,0,1,3.0,3.0
20242025,North Dakota,Miami,5.0,4.0,38.0,17.0,3.7,1.0,https://www.collegehockeynews.com/box/final/20241206/ndk/mia/,0,0,3.0,1.0
20242025,Omaha,St. Cloud State,4.0,3.0,29.0,34.0,2.7,2.9,https://www.collegehockeynews.com/box/final/20241206/uno/stc/,0,0,4.0,3.0
20242025,Michigan,Minnesota,0.0,6.0,32.0,39.0,2.9,3.6,https://www.collegehockeynews.com/box/final/20241206/mic/min/,0,0,0.0,6.0
20242025,Penn State,Ohio State,2.0,4.0,29.0,33.0,2.7,4.0,https://www.collegehockeynews.com/box/final/20241206/psu/osu/,0,1,1.0,1.0
20242025,Michigan State,Wisconsin,0.0,4.0,26.0,26.0,3.0,3.3,https://www.collegehockeynews.com/box/final/20241206/msu/wis/,0,1,0.0,2.0
20242025,Alaska-Anchorage,Merrimack,2.0,4.0,29.0,27.0,1.9,2.4,https://www.collegehockeynews.com/box/final/20241206/aka/mer/,0,0,1.0,4.0
20242025,Colorado College,Providence,3.0,4.0,32.0,29.0,2.6,2.1,https://www.collegehockeynews.com/box/final/20241206/cc_/prv/,0,0,3.0,4.0
20242025,Long Island,Vermont,3.0,2.0,17.0,32.0,1.0,2.4,https://www.collegehockeynews.com/box/final/20241206/liu/ver/,1,0,1.0,1.0
20242025,Augustana,Alaska,3.0,1.0,28.0,27.0,2.7,2.3,https://www.collegehockeynews.com/box/final/20241206/aug/akf/,1,0,1.0,0.0
20242025,Bemidji State,Lake Superior,4.0,2.0,35.0,24.0,2.9,1.7,https://www.collegehockeynews.com/box/final/20241206/bmj/lss/,0,0,3.0,0.0
20242025,Bowling Green,Minnesota State,1.0,4.0,21.0,24.0,1.9,1.8,https://www.collegehockeynews.com/box/final/20241206/bgs/mns/,0,0,1.0,3.0
20242025,Ferris State,Northern Michigan,3.0,1.0,26.0,36.0,3.0,3.1,https://www.collegehockeynews.com/box/final/20241206/fsu/nmu/,0,0,1.0,1.0
20242025,St. Thomas,Michigan Tech,1.0,2.0,26.0,25.0,2.9,2.3,https://www.collegehockeynews.com/box/final/20241206/stt/mtu/,0,0,1.0,1.0
20242025,Stonehill,Maine,2.0,5.0,16.0,46.0,2.6,5.3,https://www.collegehockeynews.com/box/final/20241207/stn/mne/,0,0,1.0,3.0
20242025,Colorado College,Providence,1.0,5.0,23.0,29.0,2.3,2.8,https://www.collegehockeynews.com/box/final/20241207/cc_/prv/,0,0,0.0,4.0
20242025,Long Island,Vermont,4.0,7.0,19.0,38.0,2.0,2.9,https://www.collegehockeynews.com/box/final/20241207/liu/ver/,0,1,1.0,3.0
20242025,Alaska-Anchorage,Merrimack,3.0,1.0,36.0,32.0,3.1,2.8,https://www.collegehockeynews.com/box/final/20241207/aka/mer/,1,0,1.0,1.0
20242025,Brown,Northeastern,3.0,4.0,25.0,36.0,2.3,3.8,https://www.collegehockeynews.com/box/final/20241207/brn/noe/,0,0,1.0,3.0
20242025,Augustana,Alaska,1.0,2.0,30.0,26.0,3.1,2.1,https://www.collegehockeynews.com/box/final/20241207/aug/akf/,0,0,1.0,1.0
20242025,Union,Quinnipiac,1.0,3.0,35.0,22.0,2.9,2.2,https://www.collegehockeynews.com/box/final/20241207/uni/qui/,0,0,1.0,2.0
20242025,Cornell,Colgate,3.0,6.0,20.0,22.0,2.3,1.9,https://www.collegehockeynews.com/box/final/20241207/cor/clg/,0,1,2.0,2.0
20242025,Clarkson,Dartmouth,3.0,2.0,18.0,22.0,2.0,2.2,https://www.collegehockeynews.com/box/final/20241207/clk/dar/,0,0,3.0,1.0
20242025,St. Lawrence,Harvard,0.0,0.0,31.0,26.0,3.3,2.6,https://www.collegehockeynews.com/box/final/20241207/stl/har/,0,0,0.0,0.0
20242025,Rensselaer,Princeton,2.0,6.0,26.0,23.0,2.2,2.0,https://www.collegehockeynews.com/box/final/20241207/ren/prn/,0,0,2.0,3.0
20242025,Sacred Heart,Canisius,3.0,3.0,30.0,32.0,3.3,2.8,https://www.collegehockeynews.com/box/final/20241207/sac/cns/,0,0,3.0,2.0
20242025,Bentley,Mercyhurst,2.0,2.0,41.0,24.0,2.6,1.4,https://www.collegehockeynews.com/box/final/20241207/ben/mrc/,0,0,2.0,2.0
20242025,Robert Morris,RIT,3.0,4.0,27.0,27.0,2.6,3.0,https://www.collegehockeynews.com/box/final/20241207/rmu/rit/,0,0,2.0,3.0
20242025,Niagara,Air Force,2.0,4.0,25.0,27.0,2.7,3.6,https://www.collegehockeynews.com/box/final/20241207/nia/afa/,0,0,1.0,4.0
20242025,Minnesota-Duluth,Arizona State,2.0,3.0,35.0,28.0,2.6,2.0,https://www.collegehockeynews.com/box/final/20241207/mnd/asu/,0,0,2.0,3.0
20242025,Omaha,St. Cloud State,2.0,5.0,29.0,43.0,2.2,3.9,https://www.collegehockeynews.com/box/final/20241207/uno/stc/,0,0,2.0,2.0
20242025,Denver,Western Michigan,3.0,2.0,34.0,21.0,2.9,1.5,https://www.collegehockeynews.com/box/final/20241207/den/wmu/,0,0,2.0,2.0
20242025,North Dakota,Miami,4.0,2.0,33.0,21.0,2.6,1.9,https://www.collegehockeynews.com/box/final/20241207/ndk/mia/,0,0,2.0,2.0
20242025,Michigan,Minnesota,0.0,2.0,22.0,37.0,1.7,2.8,https://www.collegehockeynews.com/box/final/20241207/mic/min/,0,1,0.0,0.0
20242025,Michigan State,Wisconsin,3.0,2.0,36.0,31.0,4.4,2.5,https://www.collegehockeynews.com/box/final/20241207/msu/wis/,0,0,2.0,1.0
20242025,Massachusetts,Boston University,4.0,0.0,37.0,32.0,3.3,3.2,https://www.collegehockeynews.com/box/final/20241207/uma/bu_/,0,0,1.0,0.0
20242025,Bemidji State,Lake Superior,3.0,4.0,36.0,27.0,2.3,2.0,https://www.collegehockeynews.com/box/final/20241207/bmj/lss/,0,0,2.0,2.0
20242025,Bowling Green,Minnesota State,2.0,3.0,18.0,36.0,2.2,2.2,https://www.collegehockeynews.com/box/final/20241207/bgs/mns/,0,0,2.0,2.0
20242025,Ferris State,Northern Michigan,2.0,1.0,30.0,23.0,3.5,2.1,https://www.collegehockeynews.com/box/final/20241207/fsu/nmu/,0,0,1.0,1.0
20242025,St. Thomas,Michigan Tech,4.0,1.0,17.0,30.0,1.9,3.0,https://www.collegehockeynews.com/box/final/20241207/stt/mtu/,1,0,1.0,0.0
20242025,Stonehill,Maine,2.0,4.0,16.0,34.0,1.6,3.1,https://www.collegehockeynews.com/box/final/20241208/stn/mne/,0,0,2.0,3.0
20242025,Mass.-Lowell,Boston College,2.0,3.0,15.0,31.0,1.5,3.5,https://www.collegehockeynews.com/box/final/20241209/uml/bc_/,0,0,1.0,1.0
20242025,Boston University,Massachusetts,4.0,2.0,33.0,24.0,2.8,2.1,https://www.collegehockeynews.com/box/final/20241211/bu_/uma/,0,0,2.0,2.0
20242025,Augustana,Alaska-Anchorage,2.0,2.0,21.0,24.0,1.4,1.3,https://www.collegehockeynews.com/box/final/20241212/aug/aka/,0,0,2.0,2.0
20242025,Penn State,Army,4.0,1.0,30.0,31.0,3.1,2.4,https://www.collegehockeynews.com/box/final/20241212/psu/arm/,1,0,2.0,1.0
20242025,Wisconsin,Michigan,4.0,0.0,28.0,23.0,3.4,3.4,https://www.collegehockeynews.com/box/final/20241213/wis/mic/,0,0,1.0,0.0
20242025,Notre Dame,Ohio State,1.0,2.0,19.0,43.0,2.9,3.4,https://www.collegehockeynews.com/box/final/20241213/ndm/osu/,0,0,1.0,1.0
20242025,Michigan State,Minnesota,3.0,3.0,32.0,43.0,3.3,5.3,https://www.collegehockeynews.com/box/final/20241213/msu/min/,0,0,1.0,2.0
20242025,Denver,Colorado College,4.0,5.0,29.0,39.0,3.2,4.4,https://www.collegehockeynews.com/box/final/20241213/den/cc_/,0,0,0.0,4.0
20242025,St. Cloud State,North Dakota,0.0,2.0,24.0,31.0,3.4,4.0,https://www.collegehockeynews.com/box/final/20241213/stc/ndk/,0,0,0.0,2.0
20242025,New Hampshire,Dartmouth,3.0,3.0,30.0,18.0,3.0,1.9,https://www.collegehockeynews.com/box/final/20241213/unh/dar/,0,0,3.0,3.0
20242025,Vermont,Union,6.0,2.0,28.0,30.0,2.8,2.8,https://www.collegehockeynews.com/box/final/20241213/ver/uni/,1,0,3.0,1.0
20242025,Augustana,Alaska-Anchorage,3.0,2.0,28.0,20.0,1.8,1.0,https://www.collegehockeynews.com/box/final/20241213/aug/aka/,0,0,2.0,1.0
20242025,Lindenwood,Omaha,3.0,2.0,39.0,31.0,3.5,3.5,https://www.collegehockeynews.com/box/final/20241213/lin/uno/,0,0,3.0,2.0
20242025,Stonehill,Long Island,1.0,3.0,17.0,38.0,1.4,2.7,https://www.collegehockeynews.com/box/final/20241213/stn/liu/,0,1,1.0,2.0
20242025,Northern Michigan,Bowling Green,0.0,2.0,24.0,33.0,2.5,3.8,https://www.collegehockeynews.com/box/final/20241213/nmu/bgs/,0,1,0.0,1.0
20242025,Lake Superior,Minnesota State,1.0,2.0,20.0,26.0,2.0,2.4,https://www.collegehockeynews.com/box/final/20241213/lss/mns/,0,0,1.0,2.0
20242025,Michigan Tech,Bemidji State,2.0,2.0,25.0,32.0,4.8,2.7,https://www.collegehockeynews.com/box/final/20241213/mtu/bmj/,0,0,0.0,2.0
20242025,Robert Morris,Canisius,5.0,2.0,27.0,23.0,2.3,2.4,https://www.collegehockeynews.com/box/final/20241214/rmu/cns/,1,0,4.0,1.0
20242025,Vermont,Union,3.0,2.0,34.0,21.0,3.1,2.7,https://www.collegehockeynews.com/box/final/20241214/ver/uni/,0,0,2.0,2.0
20242025,Rensselaer,Mercyhurst,3.0,3.0,42.0,35.0,2.9,2.2,https://www.collegehockeynews.com/box/final/20241214/ren/mrc/,0,0,1.0,2.0
20242025,Lindenwood,Omaha,1.0,2.0,30.0,30.0,2.4,2.7,https://www.collegehockeynews.com/box/final/20241214/lin/uno/,0,0,1.0,1.0
20242025,Stonehill,Long Island,1.0,6.0,17.0,27.0,1.4,2.3,https://www.collegehockeynews.com/box/final/20241214/stn/liu/,0,0,1.0,6.0
20242025,Michigan State,Minnesota,5.0,3.0,30.0,27.0,2.7,2.9,https://www.collegehockeynews.com/box/final/20241214/msu/min/,1,0,3.0,2.0
20242025,Wisconsin,Michigan,2.0,3.0,28.0,36.0,4.9,4.5,https://www.collegehockeynews.com/box/final/20241214/wis/mic/,0,0,2.0,3.0
20242025,Notre Dame,Ohio State,1.0,3.0,15.0,37.0,1.4,2.6,https://www.collegehockeynews.com/box/final/20241214/ndm/osu/,0,0,1.0,2.0
20242025,Northeastern,Merrimack,1.0,4.0,27.0,21.0,3.0,2.6,https://www.collegehockeynews.com/box/final/20241214/noe/mer/,0,1,1.0,2.0
20242025,Lake Superior,Minnesota State,2.0,3.0,36.0,29.0,3.5,2.1,https://www.collegehockeynews.com/box/final/20241214/lss/mns/,0,0,1.0,3.0
20242025,Michigan Tech,Bemidji State,9.0,5.0,31.0,28.0,4.5,3.2,https://www.collegehockeynews.com/box/final/20241214/mtu/bmj/,1,0,6.0,4.0
20242025,Northern Michigan,Bowling Green,3.0,4.0,27.0,48.0,2.2,4.8,https://www.collegehockeynews.com/box/final/20241214/nmu/bgs/,0,0,2.0,3.0
20242025,St. Cloud State,North Dakota,3.0,4.0,26.0,38.0,2.7,3.8,https://www.collegehockeynews.com/box/final/20241214/stc/ndk/,0,0,1.0,3.0
20242025,Colorado College,Denver,1.0,2.0,21.0,24.0,1.9,2.3,https://www.collegehockeynews.com/box/final/20241214/cc_/den/,0,0,1.0,2.0
20242025,Robert Morris,Canisius,3.0,1.0,24.0,29.0,2.8,2.1,https://www.collegehockeynews.com/box/final/20241215/rmu/cns/,1,0,1.0,0.0
20242025,Rensselaer,Mercyhurst,5.0,2.0,44.0,21.0,3.1,1.3,https://www.collegehockeynews.com/box/final/20241215/ren/mrc/,2,0,3.0,1.0
20242025,Sacred Heart,American Int'l,4.0,1.0,38.0,28.0,4.2,2.6,https://www.collegehockeynews.com/box/final/20241228/sac/aic/,1,0,3.0,1.0
20242025,Connecticut,Alaska,4.0,1.0,33.0,28.0,2.4,2.9,https://www.collegehockeynews.com/box/final/20241228/con/akf/,0,0,1.0,1.0
20242025,Ferris State,Wisconsin,0.0,8.0,23.0,59.0,1.9,5.3,https://www.collegehockeynews.com/box/final/20241228/fsu/wis/,0,0,0.0,7.0
20242025,New Hampshire,Rensselaer,7.0,4.0,44.0,20.0,2.9,1.8,https://www.collegehockeynews.com/box/final/20241228/unh/ren/,0,0,5.0,4.0
20242025,Princeton,Army,1.0,0.0,23.0,24.0,2.0,1.9,https://www.collegehockeynews.com/box/final/20241228/prn/arm/,0,0,0.0,0.0
20242025,Northeastern,Providence,1.0,3.0,20.0,35.0,1.9,3.4,https://www.collegehockeynews.com/box/final/20241228/noe/prv/,0,0,1.0,2.0
20242025,Alaska-Anchorage,Dartmouth,4.0,5.0,20.0,21.0,1.7,2.5,https://www.collegehockeynews.com/box/final/20241228/aka/dar/,0,0,3.0,5.0
20242025,Ferris State,Alaska,1.0,4.0,27.0,36.0,2.1,3.1,https://www.collegehockeynews.com/box/final/20241229/fsu/akf/,0,1,0.0,1.0
20242025,Connecticut,Wisconsin,3.0,4.0,25.0,33.0,2.3,2.8,https://www.collegehockeynews.com/box/final/20241229/con/wis/,0,0,2.0,1.0
20242025,Long Island,Brown,0.0,3.0,43.0,20.0,3.4,1.6,https://www.collegehockeynews.com/box/final/20241229/liu/brn/,0,1,0.0,2.0
20242025,RIT,Bowling Green,1.0,2.0,20.0,46.0,2.5,4.7,https://www.collegehockeynews.com/box/final/20241229/rit/bgs/,0,0,1.0,2.0
20242025,Bentley,Maine,4.0,2.0,19.0,45.0,1.5,5.1,https://www.collegehockeynews.com/box/final/20241229/ben/mne/,1,0,2.0,0.0
20242025,American Int'l,Quinnipiac,5.0,6.0,25.0,34.0,2.2,3.8,https://www.collegehockeynews.com/box/final/20241229/aic/qui/,0,0,4.0,6.0
20242025,St. Thomas,St. Cloud State,1.0,2.0,29.0,32.0,3.0,1.8,https://www.collegehockeynews.com/box/final/20241229/stt/stc/,0,0,1.0,2.0
20242025,Boston University,Yale,5.0,7.0,32.0,28.0,2.6,2.6,https://www.collegehockeynews.com/box/final/20241229/bu_/yal/,0,0,2.0,3.0
20242025,Vermont,Army,6.0,0.0,25.0,25.0,3.3,3.2,https://www.collegehockeynews.com/box/final/20241229/ver/arm/,0,0,5.0,0.0
20242025,Michigan Tech,Western Michigan,3.0,4.0,31.0,43.0,2.5,3.4,https://www.collegehockeynews.com/box/final/20241229/mtu/wmu/,0,0,3.0,3.0
20242025,Michigan State,Northern Michigan,2.0,0.0,48.0,16.0,4.8,1.5,https://www.collegehockeynews.com/box/final/20241229/msu/nmu/,0,0,2.0,0.0
20242025,Northeastern,Alaska-Anchorage,4.0,3.0,30.0,24.0,2.9,2.6,https://www.collegehockeynews.com/box/final/20241229/noe/aka/,0,0,2.0,3.0
20242025,Providence,Dartmouth,5.0,3.0,32.0,12.0,3.5,1.1,https://www.collegehockeynews.com/box/final/20241229/prv/dar/,1,0,3.0,3.0
20242025,Michigan Tech,Northern Michigan,4.0,3.0,42.0,25.0,3.1,1.4,https://www.collegehockeynews.com/box/final/20241230/mtu/nmu/,0,0,3.0,0.0
20242025,Western Michigan,Michigan State,1.0,3.0,30.0,35.0,2.2,3.9,https://www.collegehockeynews.com/box/final/20241230/wmu/msu/,0,0,0.0,3.0
20242025,Holy Cross,Long Island,1.0,3.0,25.0,21.0,2.1,2.2,https://www.collegehockeynews.com/box/final/20241231/hcr/liu/,0,0,1.0,1.0
20242025,Minnesota-Duluth,Bemidji State,4.0,2.0,34.0,28.0,4.4,4.2,https://www.collegehockeynews.com/box/final/20241231/mnd/bmj/,0,0,4.0,1.0
20242025,Quinnipiac,Harvard,3.0,2.0,32.0,30.0,3.0,3.6,https://www.collegehockeynews.com/box/final/20250101/qui/har/,0,0,3.0,2.0
20242025,Wisconsin,Michigan State,3.0,4.0,33.0,36.0,3.4,3.4,https://www.collegehockeynews.com/box/final/20250102/wis/msu/,0,0,2.0,4.0
20242025,Assumption,Long Island,,,,,,,https://www.collegehockeynews.com/box/final/20250103/401/liu/,0,0,0.0,8.0
20242025,Cornell,Massachusetts,4.0,2.0,35.0,24.0,3.6,2.1,https://www.collegehockeynews.com/box/final/20250103/cor/uma/,1,0,3.0,1.0
20242025,Robert Morris,Arizona State,3.0,7.0,25.0,35.0,2.1,3.1,https://www.collegehockeynews.com/box/final/20250103/rmu/asu/,0,0,0.0,6.0
20242025,Michigan Tech,Mass.-Lowell,2.0,3.0,15.0,28.0,1.0,2.2,https://www.collegehockeynews.com/box/final/20250103/mtu/uml/,0,0,1.0,2.0
20242025,Holy Cross,Omaha,3.0,4.0,19.0,36.0,1.6,3.3,https://www.collegehockeynews.com/box/final/20250103/hcr/uno/,0,0,0.0,4.0
20242025,Michigan,Ohio State,3.0,4.0,34.0,34.0,3.6,3.9,https://www.collegehockeynews.com/box/final/20250103/mic/osu/,0,0,1.0,2.0
20242025,Notre Dame,Penn State,3.0,3.0,46.0,42.0,4.7,4.9,https://www.collegehockeynews.com/box/final/20250103/ndm/psu/,0,0,2.0,3.0
20242025,Denver,Maine,2.0,1.0,24.0,30.0,3.1,3.0,https://www.collegehockeynews.com/box/final/20250103/den/mne/,0,0,1.0,0.0
20242025,Augustana,Colorado College,5.0,1.0,24.0,29.0,2.4,4.3,https://www.collegehockeynews.com/box/final/20250103/aug/cc_/,1,0,2.0,1.0
20242025,Mercyhurst,Minnesota,2.0,6.0,22.0,45.0,1.8,5.3,https://www.collegehockeynews.com/box/final/20250103/mrc/min/,0,0,1.0,4.0
20242025,American Int'l,Stonehill,3.0,1.0,30.0,34.0,2.4,3.1,https://www.collegehockeynews.com/box/final/20250103/aic/stn/,0,0,2.0,1.0
20242025,New Hampshire,Princeton,3.0,0.0,19.0,15.0,1.4,1.2,https://www.collegehockeynews.com/box/final/20250103/unh/prn/,1,0,2.0,0.0
20242025,Alaska-Anchorage,Western Michigan,1.0,4.0,20.0,30.0,2.0,3.0,https://www.collegehockeynews.com/box/final/20250103/aka/wmu/,0,1,1.0,1.0
20242025,Merrimack,Army,5.0,2.0,50.0,23.0,5.1,2.8,https://www.collegehockeynews.com/box/final/20250103/mer/arm/,1,0,3.0,2.0
20242025,Alaska,Minnesota-Duluth,2.0,2.0,36.0,20.0,2.9,2.0,https://www.collegehockeynews.com/box/final/20250103/akf/mnd/,0,0,2.0,2.0
20242025,St. Thomas,Lindenwood,3.0,2.0,30.0,35.0,2.4,3.3,https://www.collegehockeynews.com/box/final/20250103/stt/lin/,0,0,3.0,1.0
20242025,Bentley,Niagara,2.0,3.0,29.0,22.0,2.4,2.0,https://www.collegehockeynews.com/box/final/20250103/ben/nia/,0,0,2.0,3.0
20242025,Air Force,Sacred Heart,0.0,3.0,26.0,28.0,2.5,2.2,https://www.collegehockeynews.com/box/final/20250103/afa/sac/,0,2,0.0,1.0
20242025,Union,Brown,3.0,1.0,32.0,23.0,2.9,2.3,https://www.collegehockeynews.com/box/final/20250103/uni/brn/,1,0,1.0,1.0
20242025,Rensselaer,Yale,5.0,3.0,40.0,28.0,2.8,2.3,https://www.collegehockeynews.com/box/final/20250103/ren/yal/,1,0,1.0,2.0
20242025,Bowling Green,Lake Superior,3.0,0.0,27.0,34.0,3.3,3.2,https://www.collegehockeynews.com/box/final/20250103/bgs/lss/,1,0,0.0,0.0
20242025,Robert Morris,Massachusetts,0.0,8.0,22.0,40.0,1.8,3.6,https://www.collegehockeynews.com/box/final/20250104/rmu/uma/,0,0,0.0,6.0
20242025,Cornell,Arizona State,0.0,4.0,34.0,28.0,3.6,2.3,https://www.collegehockeynews.com/box/final/20250104/cor/asu/,0,0,0.0,3.0
20242025,Michigan Tech,Holy Cross,4.0,3.0,22.0,25.0,2.3,2.1,https://www.collegehockeynews.com/box/final/20250104/mtu/hcr/,0,0,3.0,2.0
20242025,Omaha,Mass.-Lowell,2.0,3.0,20.0,28.0,2.2,2.6,https://www.collegehockeynews.com/box/final/20250104/uno/uml/,0,0,1.0,3.0
20242025,Augustana,Colorado College,3.0,2.0,45.0,47.0,4.0,4.4,https://www.collegehockeynews.com/box/final/20250104/aug/cc_/,0,0,2.0,2.0
20242025,New Hampshire,Princeton,4.0,3.0,30.0,15.0,1.6,0.9,https://www.collegehockeynews.com/box/final/20250104/unh/prn/,0,0,4.0,3.0
20242025,Northeastern,Quinnipiac,5.0,1.0,32.0,36.0,3.2,3.6,https://www.collegehockeynews.com/box/final/20250104/noe/qui/,0,0,4.0,0.0
20242025,St. Thomas,Lindenwood,4.0,2.0,41.0,25.0,3.1,2.0,https://www.collegehockeynews.com/box/final/20250104/stt/lin/,1,0,2.0,2.0
20242025,Mercyhurst,Minnesota,2.0,5.0,29.0,44.0,2.6,4.5,https://www.collegehockeynews.com/box/final/20250104/mrc/min/,0,0,2.0,5.0
20242025,St. Lawrence,Vermont,1.0,8.0,19.0,33.0,1.6,2.8,https://www.collegehockeynews.com/box/final/20250104/stl/ver/,0,0,1.0,7.0
20242025,Alaska-Anchorage,Western Michigan,2.0,5.0,14.0,41.0,1.1,3.3,https://www.collegehockeynews.com/box/final/20250104/aka/wmu/,0,1,2.0,3.0
20242025,Alaska,Minnesota-Duluth,2.0,1.0,10.0,40.0,1.4,3.8,https://www.collegehockeynews.com/box/final/20250104/akf/mnd/,0,0,2.0,0.0
20242025,Denver,Maine,1.0,2.0,21.0,46.0,2.2,4.8,https://www.collegehockeynews.com/box/final/20250104/den/mne/,0,0,0.0,1.0
20242025,Connecticut,Harvard,7.0,3.0,38.0,19.0,2.9,1.6,https://www.collegehockeynews.com/box/final/20250104/con/har/,1,0,5.0,2.0
20242025,Bentley,Niagara,2.0,4.0,45.0,30.0,5.2,2.5,https://www.collegehockeynews.com/box/final/20250104/ben/nia/,0,1,2.0,2.0
20242025,Air Force,Sacred Heart,3.0,0.0,36.0,29.0,4.0,2.7,https://www.collegehockeynews.com/box/final/20250104/afa/sac/,1,0,2.0,0.0
20242025,Rensselaer,Brown,4.0,3.0,28.0,30.0,1.9,2.5,https://www.collegehockeynews.com/box/final/20250104/ren/brn/,1,0,1.0,2.0
20242025,Union,Yale,4.0,3.0,35.0,21.0,3.7,1.8,https://www.collegehockeynews.com/box/final/20250104/uni/yal/,0,0,2.0,3.0
20242025,Bowling Green,Lake Superior,3.0,1.0,31.0,38.0,3.6,4.2,https://www.collegehockeynews.com/box/final/20250104/bgs/lss/,0,0,2.0,0.0
20242025,Michigan State,Wisconsin,4.0,3.0,38.0,34.0,3.3,4.0,https://www.collegehockeynews.com/box/final/20250104/msu/wis/,0,0,4.0,2.0
20242025,St. Anselm,Long Island,,,,,,,https://www.collegehockeynews.com/box/final/20250104/419/liu/,0,0,0.0,12.0
20242025,Dartmouth,Merrimack,1.0,2.0,18.0,14.0,2.4,1.7,https://www.collegehockeynews.com/box/final/20250105/dar/mer/,0,0,1.0,1.0
20242025,Ohio State,Michigan,2.0,3.0,32.0,36.0,3.6,5.0,https://www.collegehockeynews.com/box/final/20250105/osu/mic/,0,0,1.0,2.0
20242025,Penn State,Notre Dame,3.0,0.0,36.0,34.0,2.5,2.6,https://www.collegehockeynews.com/box/final/20250105/psu/ndm/,0,0,3.0,0.0
20242025,Stonehill,Quinnipiac,1.0,6.0,14.0,43.0,1.7,5.0,https://www.collegehockeynews.com/box/final/20250106/stn/qui/,0,0,1.0,3.0
20242025,Army,American Int'l,2.0,8.0,51.0,44.0,5.7,4.1,https://www.collegehockeynews.com/box/final/20250107/arm/aic/,0,0,2.0,6.0
20242025,Providence,Brown,2.0,0.0,42.0,29.0,3.3,2.4,https://www.collegehockeynews.com/box/final/20250107/prv/brn/,0,0,0.0,0.0
20242025,Minnesota,Ohio State,1.0,5.0,30.0,30.0,3.8,2.8,https://www.collegehockeynews.com/box/final/20250110/min/osu/,0,1,1.0,2.0
20242025,Michigan State,Penn State,6.0,4.0,45.0,33.0,4.1,2.8,https://www.collegehockeynews.com/box/final/20250110/msu/psu/,0,0,3.0,2.0
20242025,Michigan,Notre Dame,5.0,3.0,33.0,31.0,3.0,2.9,https://www.collegehockeynews.com/box/final/20250110/mic/ndm/,0,0,3.0,2.0
20242025,Alaska-Anchorage,Niagara,2.0,6.0,30.0,33.0,3.4,3.8,https://www.collegehockeynews.com/box/final/20250110/aka/nia/,0,0,2.0,3.0
20242025,Long Island,Colgate,1.0,2.0,27.0,27.0,3.0,2.8,https://www.collegehockeynews.com/box/final/20250110/liu/clg/,0,0,0.0,2.0
20242025,Lindenwood,Stonehill,3.0,0.0,31.0,23.0,2.9,1.6,https://www.collegehockeynews.com/box/final/20250110/lin/stn/,0,0,3.0,0.0
20242025,Cornell,Sacred Heart,1.0,1.0,41.0,18.0,3.8,1.3,https://www.collegehockeynews.com/box/final/20250110/cor/sac/,0,0,1.0,1.0
20242025,RIT,Canisius,2.0,5.0,32.0,40.0,3.2,3.6,https://www.collegehockeynews.com/box/final/20250110/rit/cns/,0,1,2.0,4.0
20242025,Robert Morris,Holy Cross,1.0,4.0,24.0,27.0,2.0,2.0,https://www.collegehockeynews.com/box/final/20250110/rmu/hcr/,0,1,1.0,3.0
20242025,Mercyhurst,Army,1.0,9.0,26.0,53.0,3.1,5.4,https://www.collegehockeynews.com/box/final/20250110/mrc/arm/,0,0,1.0,9.0
20242025,Bentley,Air Force,1.0,0.0,30.0,33.0,3.2,2.8,https://www.collegehockeynews.com/box/final/20250110/ben/afa/,0,0,1.0,0.0
20242025,Union,Clarkson,3.0,5.0,20.0,37.0,3.1,4.8,https://www.collegehockeynews.com/box/final/20250110/uni/clk/,0,0,3.0,4.0
20242025,Brown,Harvard,1.0,3.0,27.0,29.0,2.5,3.0,https://www.collegehockeynews.com/box/final/20250110/brn/har/,0,1,0.0,1.0
20242025,Quinnipiac,Princeton,4.0,2.0,34.0,18.0,2.6,1.6,https://www.collegehockeynews.com/box/final/20250110/qui/prn/,1,0,1.0,2.0
20242025,Rensselaer,St. Lawrence,1.0,4.0,38.0,32.0,2.9,3.2,https://www.collegehockeynews.com/box/final/20250110/ren/stl/,0,0,0.0,4.0
20242025,Yale,Dartmouth,3.0,2.0,22.0,35.0,1.4,3.3,https://www.collegehockeynews.com/box/final/20250110/yal/dar/,0,0,3.0,1.0
20242025,Vermont,Boston University,1.0,6.0,28.0,28.0,2.6,2.6,https://www.collegehockeynews.com/box/final/20250110/ver/bu_/,0,0,1.0,4.0
20242025,Connecticut,New Hampshire,4.0,1.0,25.0,28.0,3.4,3.6,https://www.collegehockeynews.com/box/final/20250110/con/unh/,1,0,0.0,0.0
20242025,Massachusetts,Northeastern,5.0,0.0,30.0,41.0,3.1,3.2,https://www.collegehockeynews.com/box/final/20250110/uma/noe/,1,0,4.0,0.0
20242025,Merrimack,Boston College,5.0,2.0,28.0,29.0,3.1,3.9,https://www.collegehockeynews.com/box/final/20250110/mer/bc_/,0,0,4.0,1.0
20242025,Maine,Mass.-Lowell,3.0,1.0,27.0,27.0,2.2,2.5,https://www.collegehockeynews.com/box/final/20250110/mne/uml/,0,0,2.0,1.0
20242025,Miami,Denver,1.0,4.0,19.0,36.0,1.7,4.9,https://www.collegehockeynews.com/box/final/20250110/mia/den/,0,1,1.0,1.0
20242025,Colorado College,Omaha,2.0,5.0,44.0,29.0,3.3,2.0,https://www.collegehockeynews.com/box/final/20250110/cc_/uno/,0,0,2.0,4.0
20242025,St. Cloud State,Minnesota-Duluth,0.0,2.0,28.0,34.0,2.4,3.8,https://www.collegehockeynews.com/box/final/20250110/stc/mnd/,0,1,0.0,1.0
20242025,North Dakota,Arizona State,1.0,4.0,28.0,31.0,2.5,2.9,https://www.collegehockeynews.com/box/final/20250110/ndk/asu/,0,0,0.0,3.0
20242025,Bemidji State,Bowling Green,3.0,4.0,27.0,20.0,2.8,2.1,https://www.collegehockeynews.com/box/final/20250110/bmj/bgs/,0,0,1.0,4.0
20242025,Lake Superior,Michigan Tech,4.0,2.0,18.0,39.0,1.7,4.4,https://www.collegehockeynews.com/box/final/20250110/lss/mtu/,1,0,3.0,1.0
20242025,Minnesota State,Northern Michigan,2.0,3.0,27.0,23.0,4.1,2.1,https://www.collegehockeynews.com/box/final/20250110/mns/nmu/,0,0,1.0,1.0
20242025,Ferris State,St. Thomas,6.0,9.0,32.0,34.0,2.9,2.8,https://www.collegehockeynews.com/box/final/20250110/fsu/stt/,0,1,5.0,3.0
20242025,New Hampshire,Connecticut,2.0,3.0,28.0,36.0,2.0,2.4,https://www.collegehockeynews.com/box/final/20250111/unh/con/,0,0,0.0,1.0
20242025,Vermont,Boston University,4.0,7.0,30.0,34.0,3.8,3.3,https://www.collegehockeynews.com/box/final/20250111/ver/bu_/,0,1,4.0,3.0
20242025,Maine,Mass.-Lowell,2.0,1.0,36.0,26.0,3.3,2.8,https://www.collegehockeynews.com/box/final/20250111/mne/uml/,0,0,1.0,1.0
20242025,Northeastern,Massachusetts,3.0,0.0,39.0,35.0,2.9,4.0,https://www.collegehockeynews.com/box/final/20250111/noe/uma/,1,0,2.0,0.0
20242025,Boston College,Merrimack,4.0,1.0,41.0,23.0,4.1,1.5,https://www.collegehockeynews.com/box/final/20250111/bc_/mer/,1,0,2.0,0.0
20242025,Mercyhurst,Army,1.0,13.0,19.0,45.0,1.8,5.5,https://www.collegehockeynews.com/box/final/20250111/mrc/arm/,0,0,1.0,10.0
20242025,Bentley,Air Force,1.0,4.0,35.0,23.0,3.6,2.1,https://www.collegehockeynews.com/box/final/20250111/ben/afa/,0,0,1.0,2.0
20242025,Robert Morris,Holy Cross,2.0,2.0,25.0,30.0,3.0,2.8,https://www.collegehockeynews.com/box/final/20250111/rmu/hcr/,0,0,1.0,2.0
20242025,RIT,Canisius,2.0,5.0,24.0,25.0,2.5,3.0,https://www.collegehockeynews.com/box/final/20250111/rit/cns/,0,0,0.0,1.0
20242025,Long Island,Colgate,1.0,3.0,30.0,19.0,3.7,1.4,https://www.collegehockeynews.com/box/final/20250111/liu/clg/,0,1,1.0,2.0
20242025,Lindenwood,Stonehill,2.0,3.0,28.0,25.0,2.7,2.2,https://www.collegehockeynews.com/box/final/20250111/lin/stn/,0,0,2.0,2.0
20242025,Cornell,Sacred Heart,2.0,4.0,29.0,21.0,2.8,1.8,https://www.collegehockeynews.com/box/final/20250111/cor/sac/,0,1,2.0,3.0
20242025,Alaska-Anchorage,Niagara,3.0,1.0,20.0,34.0,2.2,3.4,https://www.collegehockeynews.com/box/final/20250111/aka/nia/,0,0,3.0,1.0
20242025,North Dakota,Arizona State,4.0,3.0,36.0,24.0,3.3,2.5,https://www.collegehockeynews.com/box/final/20250111/ndk/asu/,0,0,2.0,0.0
20242025,Miami,Denver,2.0,6.0,12.0,42.0,1.6,4.6,https://www.collegehockeynews.com/box/final/20250111/mia/den/,0,0,0.0,4.0
20242025,St. Cloud State,Minnesota-Duluth,2.0,5.0,22.0,26.0,2.5,2.8,https://www.collegehockeynews.com/box/final/20250111/stc/mnd/,0,0,1.0,4.0
20242025,Colorado College,Omaha,1.0,3.0,34.0,30.0,3.0,2.7,https://www.collegehockeynews.com/box/final/20250111/cc_/uno/,0,1,1.0,2.0
20242025,Michigan State,Penn State,2.0,2.0,37.0,34.0,4.3,3.7,https://www.collegehockeynews.com/box/final/20250111/msu/psu/,0,0,2.0,1.0
20242025,Michigan,Notre Dame,4.0,7.0,41.0,29.0,4.1,2.9,https://www.collegehockeynews.com/box/final/20250111/mic/ndm/,0,1,2.0,5.0
20242025,Minnesota,Ohio State,6.0,1.0,33.0,33.0,3.0,2.3,https://www.collegehockeynews.com/box/final/20250111/min/osu/,0,0,3.0,0.0
20242025,Lake Superior,Michigan Tech,0.0,1.0,21.0,31.0,1.8,2.4,https://www.collegehockeynews.com/box/final/20250111/lss/mtu/,0,0,0.0,1.0
20242025,Minnesota State,Northern Michigan,6.0,1.0,32.0,22.0,4.1,1.6,https://www.collegehockeynews.com/box/final/20250111/mns/nmu/,0,0,3.0,1.0
20242025,Ferris State,St. Thomas,3.0,4.0,26.0,25.0,2.3,2.5,https://www.collegehockeynews.com/box/final/20250111/fsu/stt/,0,0,1.0,2.0
20242025,Bemidji State,Bowling Green,4.0,4.0,47.0,41.0,3.8,4.3,https://www.collegehockeynews.com/box/final/20250111/bmj/bgs/,0,0,1.0,3.0
20242025,Rensselaer,Clarkson,4.0,1.0,23.0,35.0,3.6,4.6,https://www.collegehockeynews.com/box/final/20250111/ren/clk/,1,0,3.0,0.0
20242025,Brown,Dartmouth,2.0,5.0,21.0,43.0,1.7,3.9,https://www.collegehockeynews.com/box/final/20250111/brn/dar/,0,1,2.0,4.0
20242025,Yale,Harvard,1.0,3.0,25.0,32.0,1.5,3.1,https://www.collegehockeynews.com/box/final/20250111/yal/har/,0,0,0.0,3.0
20242025,Princeton,Quinnipiac,0.0,3.0,25.0,21.0,2.6,2.9,https://www.collegehockeynews.com/box/final/20250111/prn/qui/,0,0,0.0,2.0
20242025,Union,St. Lawrence,8.0,5.0,30.0,32.0,1.4,2.8,https://www.collegehockeynews.com/box/final/20250111/uni/stl/,2,0,2.0,1.0
20242025,Harvard,Boston College,1.0,3.0,21.0,27.0,2.1,2.7,https://www.collegehockeynews.com/box/final/20250114/har/bc_/,0,1,0.0,1.0
20242025,Niagara,Mercyhurst,1.0,5.0,39.0,26.0,3.3,1.6,https://www.collegehockeynews.com/box/final/20250117/nia/mrc/,0,0,1.0,4.0
20242025,RIT,Robert Morris,1.0,6.0,28.0,38.0,2.9,4.9,https://www.collegehockeynews.com/box/final/20250117/rit/rmu/,0,0,1.0,5.0
20242025,American Int'l,Sacred Heart,2.0,5.0,24.0,29.0,2.2,2.6,https://www.collegehockeynews.com/box/final/20250117/aic/sac/,0,0,1.0,4.0
20242025,Air Force,Army,2.0,3.0,33.0,20.0,4.3,2.1,https://www.collegehockeynews.com/box/final/20250117/afa/arm/,0,0,1.0,1.0
20242025,Holy Cross,Bentley,3.0,2.0,30.0,30.0,2.6,3.0,https://www.collegehockeynews.com/box/final/20250117/hcr/ben/,0,0,2.0,1.0
20242025,St. Lawrence,Brown,2.0,3.0,28.0,25.0,3.2,2.6,https://www.collegehockeynews.com/box/final/20250117/stl/brn/,0,0,2.0,2.0
20242025,Cornell,Princeton,6.0,2.0,31.0,25.0,2.4,1.9,https://www.collegehockeynews.com/box/final/20250117/cor/prn/,0,0,5.0,1.0
20242025,Colgate,Quinnipiac,3.0,6.0,22.0,37.0,1.4,4.0,https://www.collegehockeynews.com/box/final/20250117/clg/qui/,0,2,3.0,3.0
20242025,Harvard,Rensselaer,5.0,2.0,30.0,35.0,2.4,2.9,https://www.collegehockeynews.com/box/final/20250117/har/ren/,1,0,2.0,1.0
20242025,Dartmouth,Union,4.0,0.0,26.0,19.0,2.8,1.9,https://www.collegehockeynews.com/box/final/20250117/dar/uni/,1,0,1.0,0.0
20242025,Clarkson,Yale,7.0,4.0,25.0,33.0,2.6,4.1,https://www.collegehockeynews.com/box/final/20250117/clk/yal/,0,0,5.0,2.0
20242025,Connecticut,Maine,4.0,2.0,25.0,28.0,2.6,3.8,https://www.collegehockeynews.com/box/final/20250117/con/mne/,1,0,2.0,2.0
20242025,Massachusetts,Merrimack,2.0,3.0,33.0,33.0,3.6,2.8,https://www.collegehockeynews.com/box/final/20250117/uma/mer/,0,0,1.0,2.0
20242025,Boston University,New Hampshire,6.0,3.0,32.0,42.0,3.3,3.8,https://www.collegehockeynews.com/box/final/20250117/bu_/unh/,0,0,4.0,2.0
20242025,Northeastern,Vermont,2.0,1.0,29.0,28.0,2.0,2.5,https://www.collegehockeynews.com/box/final/20250117/noe/ver/,0,0,1.0,0.0
20242025,Providence,Boston College,0.0,3.0,24.0,41.0,2.8,4.5,https://www.collegehockeynews.com/box/final/20250117/prv/bc_/,0,1,0.0,1.0
20242025,Minnesota-Duluth,Colorado College,2.0,7.0,29.0,30.0,3.6,3.1,https://www.collegehockeynews.com/box/final/20250117/mnd/cc_/,0,0,0.0,4.0
20242025,Omaha,Miami,4.0,1.0,21.0,26.0,2.5,1.9,https://www.collegehockeynews.com/box/final/20250117/uno/mia/,0,0,3.0,1.0
20242025,Western Michigan,North Dakota,3.0,2.0,34.0,31.0,3.2,2.9,https://www.collegehockeynews.com/box/final/20250117/wmu/ndk/,0,0,2.0,2.0
20242025,Arizona State,St. Cloud State,6.0,3.0,28.0,33.0,2.8,3.4,https://www.collegehockeynews.com/box/final/20250117/asu/stc/,1,0,4.0,2.0
20242025,Michigan State,Michigan,2.0,3.0,37.0,32.0,4.3,3.4,https://www.collegehockeynews.com/box/final/20250117/msu/mic/,0,0,2.0,2.0
20242025,Notre Dame,Minnesota,2.0,5.0,15.0,46.0,2.2,4.2,https://www.collegehockeynews.com/box/final/20250117/ndm/min/,0,0,2.0,5.0
20242025,Long Island,Wisconsin,3.0,6.0,25.0,24.0,2.6,3.3,https://www.collegehockeynews.com/box/final/20250117/liu/wis/,0,0,3.0,4.0
20242025,Canisius,Penn State,0.0,4.0,18.0,38.0,2.2,4.3,https://www.collegehockeynews.com/box/final/20250117/cns/psu/,0,1,0.0,2.0
20242025,Lindenwood,Augustana,2.0,3.0,33.0,33.0,3.5,2.7,https://www.collegehockeynews.com/box/final/20250117/lin/aug/,0,0,1.0,1.0
20242025,Bowling Green,Ferris State,4.0,3.0,36.0,42.0,3.0,3.1,https://www.collegehockeynews.com/box/final/20250117/bgs/fsu/,0,0,4.0,2.0
20242025,Michigan Tech,Minnesota State,2.0,5.0,18.0,34.0,1.4,2.3,https://www.collegehockeynews.com/box/final/20250117/mtu/mns/,0,0,2.0,4.0
20242025,Northern Michigan,Bemidji State,4.0,1.0,11.0,25.0,2.2,4.3,https://www.collegehockeynews.com/box/final/20250117/nmu/bmj/,1,0,1.0,0.0
20242025,St. Thomas,Lake Superior,4.0,3.0,40.0,38.0,3.5,3.1,https://www.collegehockeynews.com/box/final/20250117/stt/lss/,0,0,3.0,3.0
20242025,Air Force,Army,3.0,4.0,30.0,23.0,3.8,2.9,https://www.collegehockeynews.com/box/final/20250118/afa/arm/,0,0,3.0,2.0
20242025,Holy Cross,Bentley,5.0,1.0,29.0,32.0,3.0,3.8,https://www.collegehockeynews.com/box/final/20250118/hcr/ben/,1,0,4.0,0.0
20242025,Mercyhurst,Niagara,3.0,6.0,29.0,40.0,3.8,4.0,https://www.collegehockeynews.com/box/final/20250118/mrc/nia/,0,1,1.0,2.0
20242025,RIT,Robert Morris,3.0,2.0,24.0,27.0,2.9,3.1,https://www.collegehockeynews.com/box/final/20250118/rit/rmu/,0,0,2.0,2.0
20242025,American Int'l,Sacred Heart,3.0,6.0,30.0,28.0,1.9,2.2,https://www.collegehockeynews.com/box/final/20250118/aic/sac/,0,1,3.0,2.0
20242025,Clarkson,Brown,2.0,4.0,27.0,41.0,2.3,4.1,https://www.collegehockeynews.com/box/final/20250118/clk/brn/,0,1,0.0,2.0
20242025,Harvard,Union,1.0,4.0,36.0,33.0,3.4,2.5,https://www.collegehockeynews.com/box/final/20250118/har/uni/,0,0,1.0,2.0
20242025,Colgate,Princeton,6.0,4.0,32.0,30.0,1.9,2.2,https://www.collegehockeynews.com/box/final/20250118/clg/prn/,0,0,4.0,4.0
20242025,Cornell,Quinnipiac,2.0,2.0,25.0,24.0,2.8,2.8,https://www.collegehockeynews.com/box/final/20250118/cor/qui/,0,0,1.0,2.0
20242025,Dartmouth,Rensselaer,5.0,3.0,40.0,19.0,4.1,1.9,https://www.collegehockeynews.com/box/final/20250118/dar/ren/,1,0,2.0,2.0
20242025,St. Lawrence,Yale,2.0,3.0,23.0,41.0,1.8,3.0,https://www.collegehockeynews.com/box/final/20250118/stl/yal/,0,0,2.0,2.0
20242025,Notre Dame,Minnesota,4.0,3.0,31.0,33.0,2.6,3.0,https://www.collegehockeynews.com/box/final/20250118/ndm/min/,0,0,4.0,3.0
20242025,Michigan,Michigan State,1.0,4.0,35.0,32.0,2.6,2.6,https://www.collegehockeynews.com/box/final/20250118/mic/msu/,0,0,0.0,1.0
20242025,Canisius,Penn State,2.0,3.0,30.0,46.0,3.0,5.1,https://www.collegehockeynews.com/box/final/20250118/cns/psu/,0,0,2.0,2.0
20242025,Long Island,Wisconsin,2.0,2.0,21.0,24.0,3.0,4.0,https://www.collegehockeynews.com/box/final/20250118/liu/wis/,0,0,2.0,2.0
20242025,Stonehill,Mass.-Lowell,3.0,2.0,30.0,25.0,2.8,2.5,https://www.collegehockeynews.com/box/final/20250118/stn/uml/,0,0,2.0,1.0
20242025,Lindenwood,Augustana,1.0,1.0,25.0,31.0,2.9,3.4,https://www.collegehockeynews.com/box/final/20250118/lin/aug/,0,0,1.0,1.0
20242025,Alaska,Alaska-Anchorage,3.0,3.0,23.0,14.0,1.9,1.1,https://www.collegehockeynews.com/box/final/20250118/akf/aka/,0,0,1.0,2.0
20242025,New Hampshire,Boston University,1.0,2.0,35.0,21.0,2.5,2.1,https://www.collegehockeynews.com/box/final/20250118/unh/bu_/,0,0,1.0,1.0
20242025,Northeastern,Vermont,3.0,2.0,21.0,22.0,1.7,1.8,https://www.collegehockeynews.com/box/final/20250118/noe/ver/,0,0,3.0,1.0
20242025,Connecticut,Maine,2.0,2.0,24.0,32.0,2.7,4.6,https://www.collegehockeynews.com/box/final/20250118/con/mne/,0,0,1.0,2.0
20242025,Merrimack,Massachusetts,2.0,5.0,28.0,30.0,3.8,3.6,https://www.collegehockeynews.com/box/final/20250118/mer/uma/,0,1,1.0,1.0
20242025,Boston College,Providence,4.0,1.0,24.0,31.0,2.6,3.4,https://www.collegehockeynews.com/box/final/20250118/bc_/prv/,0,0,3.0,0.0
20242025,Minnesota-Duluth,Colorado College,4.0,1.0,23.0,28.0,2.9,4.4,https://www.collegehockeynews.com/box/final/20250118/mnd/cc_/,1,0,1.0,1.0
20242025,Arizona State,St. Cloud State,5.0,3.0,25.0,34.0,3.2,3.4,https://www.collegehockeynews.com/box/final/20250118/asu/stc/,1,0,0.0,2.0
20242025,Western Michigan,North Dakota,5.0,1.0,42.0,25.0,4.0,3.0,https://www.collegehockeynews.com/box/final/20250118/wmu/ndk/,0,0,3.0,1.0
20242025,Omaha,Miami,3.0,1.0,29.0,28.0,2.9,2.2,https://www.collegehockeynews.com/box/final/20250118/uno/mia/,0,0,2.0,1.0
20242025,Michigan Tech,Minnesota State,1.0,0.0,25.0,31.0,2.3,2.6,https://www.collegehockeynews.com/box/final/20250118/mtu/mns/,0,0,0.0,0.0
20242025,Northern Michigan,Bemidji State,3.0,1.0,24.0,34.0,2.8,4.8,https://www.collegehockeynews.com/box/final/20250118/nmu/bmj/,0,0,2.0,0.0
20242025,Bowling Green,Ferris State,3.0,4.0,41.0,38.0,3.2,2.9,https://www.collegehockeynews.com/box/final/20250118/bgs/fsu/,0,0,2.0,4.0
20242025,St. Thomas,Lake Superior,3.0,3.0,32.0,41.0,2.4,3.2,https://www.collegehockeynews.com/box/final/20250118/stt/lss/,0,0,2.0,2.0
20242025,Bentley,American Int'l,6.0,1.0,45.0,26.0,4.0,2.2,https://www.collegehockeynews.com/box/final/20250121/ben/aic/,0,0,5.0,1.0
20242025,Brown,Merrimack,5.0,1.0,30.0,21.0,3.3,3.0,https://www.collegehockeynews.com/box/final/20250121/brn/mer/,1,0,3.0,0.0
20242025,St. Anselm,Stonehill,,,,,,,https://www.collegehockeynews.com/box/final/20250121/419/stn/,0,0,0.0,5.0
20242025,Canisius,American Int'l,4.0,2.0,39.0,24.0,4.0,2.5,https://www.collegehockeynews.com/box/final/20250124/cns/aic/,0,0,3.0,1.0
20242025,Holy Cross,Air Force,3.0,2.0,20.0,35.0,2.6,4.3,https://www.collegehockeynews.com/box/final/20250124/hcr/afa/,0,0,2.0,2.0
20242025,Army,Robert Morris,6.0,3.0,26.0,35.0,2.0,3.7,https://www.collegehockeynews.com/box/final/20250124/arm/rmu/,1,0,4.0,3.0
20242025,Niagara,RIT,7.0,0.0,31.0,26.0,3.9,2.3,https://www.collegehockeynews.com/box/final/20250124/nia/rit/,0,0,6.0,0.0
20242025,Quinnipiac,Connecticut,1.0,2.0,36.0,24.0,3.5,1.9,https://www.collegehockeynews.com/box/final/20250124/qui/con/,0,0,1.0,1.0
20242025,Yale,Sacred Heart,2.0,8.0,28.0,28.0,2.3,2.7,https://www.collegehockeynews.com/box/final/20250124/yal/sac/,0,0,0.0,5.0
20242025,Dartmouth,Colgate,2.0,3.0,24.0,25.0,2.1,1.8,https://www.collegehockeynews.com/box/final/20250124/dar/clg/,0,0,2.0,3.0
20242025,Harvard,Cornell,1.0,4.0,15.0,24.0,1.2,2.7,https://www.collegehockeynews.com/box/final/20250124/har/cor/,0,0,1.0,4.0
20242025,Clarkson,St. Lawrence,5.0,2.0,32.0,37.0,2.8,3.5,https://www.collegehockeynews.com/box/final/20250124/clk/stl/,2,0,2.0,1.0
20242025,Boston College,Boston University,6.0,2.0,21.0,33.0,1.9,2.7,https://www.collegehockeynews.com/box/final/20250124/bc_/bu_/,1,0,2.0,0.0
20242025,Vermont,New Hampshire,3.0,2.0,27.0,30.0,3.5,3.4,https://www.collegehockeynews.com/box/final/20250124/ver/unh/,0,0,3.0,1.0
20242025,Providence,Mass.-Lowell,3.0,3.0,34.0,25.0,4.3,2.8,https://www.collegehockeynews.com/box/final/20250124/prv/uml/,0,0,3.0,2.0
20242025,St. Cloud State,Omaha,3.0,6.0,34.0,32.0,2.5,3.1,https://www.collegehockeynews.com/box/final/20250124/stc/uno/,0,1,1.0,3.0
20242025,Miami,Western Michigan,3.0,8.0,21.0,47.0,1.6,4.6,https://www.collegehockeynews.com/box/final/20250124/mia/wmu/,0,0,3.0,6.0
20242025,Colorado College,Arizona State,1.0,4.0,25.0,29.0,2.4,2.5,https://www.collegehockeynews.com/box/final/20250124/cc_/asu/,0,0,1.0,2.0
20242025,Denver,Minnesota-Duluth,3.0,4.0,45.0,30.0,4.4,2.6,https://www.collegehockeynews.com/box/final/20250124/den/mnd/,0,0,2.0,2.0
20242025,Minnesota,Michigan State,3.0,9.0,30.0,42.0,2.9,4.6,https://www.collegehockeynews.com/box/final/20250124/min/msu/,0,0,3.0,8.0
20242025,Michigan,Wisconsin,4.0,5.0,22.0,46.0,2.0,4.6,https://www.collegehockeynews.com/box/final/20250124/mic/wis/,0,0,3.0,3.0
20242025,Ohio State,Penn State,6.0,6.0,33.0,39.0,3.0,4.3,https://www.collegehockeynews.com/box/final/20250124/osu/psu/,0,0,6.0,4.0
20242025,Alaska,Massachusetts,2.0,4.0,26.0,30.0,2.6,3.3,https://www.collegehockeynews.com/box/final/20250124/akf/uma/,0,1,2.0,3.0
20242025,Lindenwood,Notre Dame,3.0,2.0,19.0,28.0,1.8,2.3,https://www.collegehockeynews.com/box/final/20250124/lin/ndm/,0,0,2.0,2.0
20242025,Minnesota State,Ferris State,0.0,2.0,38.0,40.0,3.8,2.3,https://www.collegehockeynews.com/box/final/20250124/mns/fsu/,0,0,0.0,2.0
20242025,Northern Michigan,Michigan Tech,2.0,3.0,20.0,36.0,1.3,4.1,https://www.collegehockeynews.com/box/final/20250124/nmu/mtu/,0,0,2.0,1.0
20242025,Augustana,Bowling Green,1.0,0.0,35.0,33.0,2.6,3.3,https://www.collegehockeynews.com/box/final/20250124/aug/bgs/,0,0,1.0,0.0
20242025,Quinnipiac,Yale,6.0,2.0,35.0,18.0,4.1,2.4,https://www.collegehockeynews.com/box/final/20250125/qui/yal/,1,0,1.0,2.0
20242025,Connecticut,Sacred Heart,1.0,0.0,17.0,23.0,1.7,3.1,https://www.collegehockeynews.com/box/final/20250125/con/sac/,0,0,1.0,0.0
20242025,Mass.-Lowell,Providence,1.0,0.0,26.0,24.0,2.8,1.8,https://www.collegehockeynews.com/box/final/20250125/uml/prv/,0,0,1.0,0.0
20242025,Vermont,New Hampshire,2.0,5.0,25.0,31.0,3.1,4.7,https://www.collegehockeynews.com/box/final/20250125/ver/unh/,0,0,1.0,4.0
20242025,Merrimack,Northeastern,4.0,3.0,34.0,46.0,2.9,4.5,https://www.collegehockeynews.com/box/final/20250125/mer/noe/,0,0,3.0,1.0
20242025,Boston University,Boston College,0.0,2.0,30.0,25.0,3.8,3.5,https://www.collegehockeynews.com/box/final/20250125/bu_/bc_/,0,1,0.0,0.0
20242025,Holy Cross,Air Force,6.0,3.0,25.0,31.0,2.8,2.9,https://www.collegehockeynews.com/box/final/20250125/hcr/afa/,1,0,3.0,2.0
20242025,Canisius,American Int'l,2.0,3.0,35.0,27.0,3.8,3.3,https://www.collegehockeynews.com/box/final/20250125/cns/aic/,0,0,1.0,3.0
20242025,Army,Robert Morris,2.0,0.0,32.0,29.0,3.5,3.3,https://www.collegehockeynews.com/box/final/20250125/arm/rmu/,1,0,1.0,0.0
20242025,Niagara,RIT,6.0,3.0,43.0,37.0,4.7,3.6,https://www.collegehockeynews.com/box/final/20250125/nia/rit/,1,0,3.0,3.0
20242025,Colorado College,Arizona State,5.0,4.0,41.0,34.0,3.6,2.6,https://www.collegehockeynews.com/box/final/20250125/cc_/asu/,0,0,5.0,3.0
20242025,Miami,Western Michigan,0.0,2.0,14.0,33.0,0.7,2.8,https://www.collegehockeynews.com/box/final/20250125/mia/wmu/,0,0,0.0,1.0
20242025,Denver,Minnesota-Duluth,2.0,1.0,30.0,30.0,2.6,2.9,https://www.collegehockeynews.com/box/final/20250125/den/mnd/,0,0,2.0,1.0
20242025,St. Cloud State,Omaha,1.0,3.0,39.0,32.0,3.7,2.8,https://www.collegehockeynews.com/box/final/20250125/stc/uno/,0,1,1.0,2.0
20242025,Ohio State,Penn State,2.0,3.0,26.0,30.0,3.4,3.5,https://www.collegehockeynews.com/box/final/20250125/osu/psu/,0,0,0.0,2.0
20242025,Minnesota,Michigan State,3.0,3.0,21.0,38.0,1.9,3.2,https://www.collegehockeynews.com/box/final/20250125/min/msu/,0,0,2.0,3.0
20242025,Michigan,Wisconsin,4.0,4.0,21.0,28.0,2.5,2.9,https://www.collegehockeynews.com/box/final/20250125/mic/wis/,0,0,4.0,4.0
20242025,Alaska,Massachusetts,3.0,7.0,33.0,28.0,3.4,2.6,https://www.collegehockeynews.com/box/final/20250125/akf/uma/,0,0,2.0,5.0
20242025,Rensselaer,Union,2.0,3.0,22.0,28.0,3.2,4.1,https://www.collegehockeynews.com/box/final/20250125/ren/uni/,0,0,2.0,3.0
20242025,Lindenwood,Notre Dame,2.0,4.0,24.0,40.0,2.2,3.1,https://www.collegehockeynews.com/box/final/20250125/lin/ndm/,0,1,2.0,2.0
20242025,Bentley,Princeton,1.0,3.0,26.0,27.0,2.2,2.1,https://www.collegehockeynews.com/box/final/20250125/ben/prn/,0,0,1.0,3.0
20242025,Minnesota State,Ferris State,7.0,2.0,37.0,25.0,3.1,1.9,https://www.collegehockeynews.com/box/final/20250125/mns/fsu/,0,0,5.0,2.0
20242025,Michigan Tech,Northern Michigan,4.0,0.0,30.0,22.0,3.4,2.2,https://www.collegehockeynews.com/box/final/20250125/mtu/nmu/,1,0,2.0,0.0
20242025,Bemidji State,St. Thomas,2.0,3.0,29.0,29.0,2.5,2.8,https://www.collegehockeynews.com/box/final/20250125/bmj/stt/,0,0,1.0,1.0
20242025,Augustana,Bowling Green,1.0,1.0,28.0,42.0,3.0,4.3,https://www.collegehockeynews.com/box/final/20250125/aug/bgs/,0,0,0.0,1.0
20242025,St. Lawrence,Clarkson,2.0,1.0,25.0,27.0,3.0,3.1,https://www.collegehockeynews.com/box/final/20250125/stl/clk/,0,0,2.0,1.0
20242025,Harvard,Colgate,4.0,1.0,24.0,35.0,2.9,2.8,https://www.collegehockeynews.com/box/final/20250125/har/clg/,2,0,2.0,1.0
20242025,Dartmouth,Cornell,6.0,1.0,30.0,17.0,2.3,1.9,https://www.collegehockeynews.com/box/final/20250125/dar/cor/,0,0,4.0,1.0
20242025,Stonehill,Brown,2.0,5.0,31.0,30.0,2.7,2.7,https://www.collegehockeynews.com/box/final/20250126/stn/brn/,0,0,1.0,5.0
20242025,Bentley,Princeton,0.0,1.0,36.0,21.0,2.5,1.6,https://www.collegehockeynews.com/box/final/20250126/ben/prn/,0,0,0.0,1.0
20242025,Bemidji State,St. Thomas,2.0,1.0,21.0,21.0,2.3,2.8,https://www.collegehockeynews.com/box/final/20250126/bmj/stt/,0,0,1.0,1.0
20242025,Canisius,Robert Morris,4.0,2.0,23.0,39.0,2.5,4.0,https://www.collegehockeynews.com/box/final/20250128/cns/rmu/,0,0,2.0,1.0
20242025,Michigan State,Ohio State,2.0,4.0,37.0,29.0,3.6,2.3,https://www.collegehockeynews.com/box/final/20250130/msu/osu/,0,0,1.0,4.0
20242025,Stonehill,Long Island,2.0,4.0,27.0,20.0,4.4,3.0,https://www.collegehockeynews.com/box/final/20250131/stn/liu/,0,0,0.0,2.0
20242025,Alaska-Anchorage,Alaska,1.0,3.0,28.0,30.0,3.3,2.8,https://www.collegehockeynews.com/box/final/20250131/aka/akf/,0,0,0.0,2.0
20242025,Sacred Heart,Niagara,3.0,2.0,30.0,40.0,3.8,4.6,https://www.collegehockeynews.com/box/final/20250131/sac/nia/,0,0,3.0,2.0
20242025,Mercyhurst,Robert Morris,4.0,2.0,26.0,48.0,1.8,3.9,https://www.collegehockeynews.com/box/final/20250131/mrc/rmu/,1,0,2.0,1.0
20242025,RIT,Air Force,2.0,1.0,29.0,35.0,2.8,3.2,https://www.collegehockeynews.com/box/final/20250131/rit/afa/,0,0,2.0,1.0
20242025,Colgate,Clarkson,2.0,0.0,22.0,29.0,3.1,4.6,https://www.collegehockeynews.com/box/final/20250131/clg/clk/,0,0,2.0,0.0
20242025,Quinnipiac,Dartmouth,5.0,4.0,28.0,26.0,3.0,4.2,https://www.collegehockeynews.com/box/final/20250131/qui/dar/,0,0,4.0,4.0
20242025,Princeton,Harvard,4.0,3.0,29.0,35.0,2.7,2.9,https://www.collegehockeynews.com/box/final/20250131/prn/har/,0,0,4.0,3.0
20242025,Brown,Rensselaer,6.0,5.0,36.0,38.0,3.1,3.1,https://www.collegehockeynews.com/box/final/20250131/brn/ren/,0,0,4.0,4.0
20242025,Cornell,St. Lawrence,1.0,2.0,28.0,29.0,2.8,2.4,https://www.collegehockeynews.com/box/final/20250131/cor/stl/,0,0,1.0,2.0
20242025,Yale,Union,3.0,3.0,25.0,39.0,2.4,3.4,https://www.collegehockeynews.com/box/final/20250131/yal/uni/,0,0,2.0,3.0
20242025,New Hampshire,Boston University,2.0,7.0,21.0,37.0,2.3,3.4,https://www.collegehockeynews.com/box/final/20250131/unh/bu_/,0,1,1.0,5.0
20242025,Northeastern,Maine,1.0,3.0,21.0,32.0,2.9,4.3,https://www.collegehockeynews.com/box/final/20250131/noe/mne/,0,1,1.0,1.0
20242025,Merrimack,Massachusetts,2.0,4.0,25.0,27.0,1.7,2.1,https://www.collegehockeynews.com/box/final/20250131/mer/uma/,0,0,1.0,3.0
20242025,Connecticut,Providence,3.0,3.0,42.0,28.0,3.7,2.6,https://www.collegehockeynews.com/box/final/20250131/con/prv/,0,0,1.0,3.0
20242025,Mass.-Lowell,Boston College,0.0,4.0,22.0,27.0,3.2,3.8,https://www.collegehockeynews.com/box/final/20250131/uml/bc_/,0,0,0.0,4.0
20242025,Western Michigan,Colorado College,4.0,1.0,28.0,27.0,2.9,2.8,https://www.collegehockeynews.com/box/final/20250131/wmu/cc_/,0,0,4.0,1.0
20242025,Omaha,Denver,3.0,3.0,29.0,42.0,3.1,3.8,https://www.collegehockeynews.com/box/final/20250131/uno/den/,0,0,2.0,3.0
20242025,Arizona State,Miami,7.0,1.0,25.0,21.0,4.1,2.5,https://www.collegehockeynews.com/box/final/20250131/asu/mia/,0,0,3.0,1.0
20242025,North Dakota,St. Cloud State,3.0,3.0,35.0,24.0,2.8,2.3,https://www.collegehockeynews.com/box/final/20250131/ndk/stc/,0,0,3.0,3.0
20242025,Penn State,Michigan,5.0,4.0,32.0,39.0,3.8,5.7,https://www.collegehockeynews.com/box/final/20250131/psu/mic/,0,0,2.0,2.0
20242025,Wisconsin,Minnesota,2.0,5.0,35.0,28.0,3.0,2.3,https://www.collegehockeynews.com/box/final/20250131/wis/min/,0,1,2.0,4.0
20242025,Michigan State,Ohio State,4.0,1.0,29.0,23.0,2.5,1.7,https://www.collegehockeynews.com/box/final/20250131/msu/osu/,1,0,3.0,1.0
20242025,St. Thomas,Minnesota State,3.0,2.0,30.0,36.0,2.6,3.0,https://www.collegehockeynews.com/box/final/20250131/stt/mns/,0,0,3.0,1.0
20242025,Bowling Green,Northern Michigan,3.0,2.0,37.0,24.0,4.7,2.9,https://www.collegehockeynews.com/box/final/20250131/bgs/nmu/,0,0,2.0,1.0
20242025,Lake Superior,Augustana,3.0,6.0,29.0,34.0,3.5,4.0,https://www.collegehockeynews.com/box/final/20250131/lss/aug/,0,1,2.0,4.0
20242025,Ferris State,Bemidji State,5.0,1.0,20.0,32.0,2.9,3.2,https://www.collegehockeynews.com/box/final/20250131/fsu/bmj/,1,0,4.0,1.0
20242025,Stonehill,Long Island,2.0,0.0,15.0,26.0,1.4,3.0,https://www.collegehockeynews.com/box/final/20250201/stn/liu/,0,0,1.0,0.0
20242025,Alaska-Anchorage,Alaska,1.0,5.0,33.0,34.0,3.1,3.4,https://www.collegehockeynews.com/box/final/20250201/aka/akf/,0,1,0.0,3.0
20242025,Providence,Connecticut,6.0,3.0,42.0,36.0,3.0,3.1,https://www.collegehockeynews.com/box/final/20250201/prv/con/,2,0,3.0,1.0
20242025,Merrimack,Mass.-Lowell,2.0,3.0,20.0,35.0,1.9,3.3,https://www.collegehockeynews.com/box/final/20250201/mer/uml/,0,0,1.0,3.0
20242025,Brown,Union,1.0,2.0,26.0,26.0,2.3,2.7,https://www.collegehockeynews.com/box/final/20250201/brn/uni/,0,0,0.0,1.0
20242025,Cornell,Clarkson,3.0,3.0,27.0,37.0,4.0,4.6,https://www.collegehockeynews.com/box/final/20250201/cor/clk/,0,0,3.0,2.0
20242025,Princeton,Dartmouth,3.0,1.0,28.0,20.0,3.0,2.0,https://www.collegehockeynews.com/box/final/20250201/prn/dar/,1,0,2.0,1.0
20242025,Yale,Rensselaer,2.0,5.0,35.0,26.0,2.9,3.1,https://www.collegehockeynews.com/box/final/20250201/yal/ren/,0,2,1.0,3.0
20242025,Colgate,St. Lawrence,6.0,1.0,27.0,36.0,2.5,4.3,https://www.collegehockeynews.com/box/final/20250201/clg/stl/,0,0,4.0,1.0
20242025,Sacred Heart,Niagara,3.0,2.0,35.0,33.0,3.9,4.1,https://www.collegehockeynews.com/box/final/20250201/sac/nia/,0,0,2.0,2.0
20242025,RIT,Air Force,3.0,2.0,21.0,29.0,3.0,4.0,https://www.collegehockeynews.com/box/final/20250201/rit/afa/,0,0,1.0,2.0
20242025,Canisius,Holy Cross,2.0,3.0,38.0,34.0,4.6,4.3,https://www.collegehockeynews.com/box/final/20250201/cns/hcr/,0,0,1.0,2.0
20242025,Mercyhurst,Robert Morris,3.0,3.0,27.0,37.0,2.5,3.5,https://www.collegehockeynews.com/box/final/20250201/mrc/rmu/,0,0,3.0,1.0
20242025,Wisconsin,Minnesota,1.0,4.0,27.0,26.0,2.2,1.8,https://www.collegehockeynews.com/box/final/20250201/wis/min/,0,1,0.0,3.0
20242025,Penn State,Michigan,3.0,7.0,39.0,41.0,4.9,3.7,https://www.collegehockeynews.com/box/final/20250201/psu/mic/,0,1,2.0,5.0
20242025,Western Michigan,Colorado College,2.0,3.0,36.0,23.0,4.4,3.3,https://www.collegehockeynews.com/box/final/20250201/wmu/cc_/,0,0,1.0,3.0
20242025,Omaha,Denver,2.0,11.0,23.0,40.0,2.3,3.8,https://www.collegehockeynews.com/box/final/20250201/uno/den/,0,0,0.0,9.0
20242025,North Dakota,St. Cloud State,6.0,2.0,24.0,35.0,2.4,3.5,https://www.collegehockeynews.com/box/final/20250201/ndk/stc/,1,0,4.0,0.0
20242025,Arizona State,Miami,4.0,1.0,24.0,11.0,2.6,2.3,https://www.collegehockeynews.com/box/final/20250201/asu/mia/,0,0,3.0,1.0
20242025,Bowling Green,Northern Michigan,5.0,2.0,39.0,37.0,4.3,3.2,https://www.collegehockeynews.com/box/final/20250201/bgs/nmu/,1,0,3.0,1.0
20242025,Minnesota State,St. Thomas,3.0,2.0,22.0,30.0,2.1,2.6,https://www.collegehockeynews.com/box/final/20250201/mns/stt/,0,0,3.0,1.0
20242025,Lake Superior,Augustana,3.0,4.0,31.0,30.0,3.7,3.1,https://www.collegehockeynews.com/box/final/20250201/lss/aug/,0,0,2.0,2.0
20242025,Ferris State,Bemidji State,3.0,1.0,16.0,30.0,2.8,3.7,https://www.collegehockeynews.com/box/final/20250201/fsu/bmj/,1,0,2.0,1.0
20242025,Canisius,Holy Cross,1.0,4.0,29.0,42.0,3.6,5.0,https://www.collegehockeynews.com/box/final/20250202/cns/hcr/,0,0,1.0,1.0
20242025,Massachusetts,Maine,2.0,3.0,26.0,31.0,3.7,3.5,https://www.collegehockeynews.com/box/final/20250202/uma/mne/,0,0,2.0,2.0
20242025,Harvard,Boston University,1.0,7.0,27.0,38.0,2.0,3.8,https://www.collegehockeynews.com/box/final/20250203/har/bu_/,0,0,0.0,5.0
20242025,Northeastern,Boston College,2.0,8.0,30.0,31.0,2.9,4.3,https://www.collegehockeynews.com/box/final/20250203/noe/bc_/,0,0,2.0,8.0
20242025,Army,Bentley,2.0,5.0,28.0,41.0,2.0,3.8,https://www.collegehockeynews.com/box/final/20250204/arm/ben/,0,1,2.0,3.0
20242025,Brown,Yale,2.0,1.0,27.0,27.0,2.4,2.4,https://www.collegehockeynews.com/box/final/20250206/brn/yal/,0,0,2.0,0.0
20242025,Lindenwood,Long Island,2.0,4.0,21.0,21.0,2.5,2.4,https://www.collegehockeynews.com/box/final/20250206/lin/liu/,0,0,2.0,2.0
20242025,Massachusetts,Connecticut,5.0,4.0,39.0,46.0,3.6,4.2,https://www.collegehockeynews.com/box/final/20250207/uma/con/,0,0,4.0,2.0
20242025,Vermont,Mass.-Lowell,5.0,3.0,28.0,32.0,1.9,2.6,https://www.collegehockeynews.com/box/final/20250207/ver/uml/,1,0,3.0,3.0
20242025,Boston University,Merrimack,1.0,2.0,25.0,28.0,2.3,3.2,https://www.collegehockeynews.com/box/final/20250207/bu_/mer/,0,0,1.0,1.0
20242025,Boston College,New Hampshire,4.0,2.0,32.0,21.0,4.5,2.3,https://www.collegehockeynews.com/box/final/20250207/bc_/unh/,0,0,3.0,2.0
20242025,Maine,Providence,3.0,3.0,30.0,32.0,3.3,3.9,https://www.collegehockeynews.com/box/final/20250207/mne/prv/,0,0,1.0,2.0
20242025,Air Force,Canisius,5.0,3.0,32.0,34.0,2.6,2.3,https://www.collegehockeynews.com/box/final/20250207/afa/cns/,1,0,4.0,0.0
20242025,American Int'l,Mercyhurst,5.0,0.0,36.0,21.0,2.5,1.7,https://www.collegehockeynews.com/box/final/20250207/aic/mrc/,0,0,5.0,0.0
20242025,Sacred Heart,Army,2.0,2.0,24.0,30.0,2.3,3.7,https://www.collegehockeynews.com/box/final/20250207/sac/arm/,0,0,1.0,1.0
20242025,Robert Morris,Bentley,0.0,1.0,19.0,31.0,1.8,3.6,https://www.collegehockeynews.com/box/final/20250207/rmu/ben/,0,0,0.0,1.0
20242025,Holy Cross,RIT,9.0,2.0,33.0,20.0,3.7,1.8,https://www.collegehockeynews.com/box/final/20250207/hcr/rit/,0,0,4.0,0.0
20242025,Union,Colgate,2.0,2.0,28.0,27.0,3.1,2.9,https://www.collegehockeynews.com/box/final/20250207/uni/clg/,0,0,2.0,1.0
20242025,Rensselaer,Cornell,2.0,4.0,18.0,30.0,2.3,2.9,https://www.collegehockeynews.com/box/final/20250207/ren/cor/,0,0,0.0,3.0
20242025,Harvard,Dartmouth,2.0,3.0,21.0,21.0,2.9,2.5,https://www.collegehockeynews.com/box/final/20250207/har/dar/,0,0,1.0,3.0
20242025,Clarkson,Princeton,4.0,1.0,32.0,20.0,2.1,1.5,https://www.collegehockeynews.com/box/final/20250207/clk/prn/,0,0,3.0,1.0
20242025,St. Lawrence,Quinnipiac,1.0,6.0,16.0,36.0,1.8,3.9,https://www.collegehockeynews.com/box/final/20250207/stl/qui/,0,0,1.0,6.0
20242025,St. Cloud State,Western Michigan,0.0,4.0,24.0,34.0,1.5,3.0,https://www.collegehockeynews.com/box/final/20250207/stc/wmu/,0,1,0.0,3.0
20242025,Denver,Arizona State,5.0,4.0,34.0,27.0,3.5,2.2,https://www.collegehockeynews.com/box/final/20250207/den/asu/,0,0,5.0,2.0
20242025,Minnesota-Duluth,Omaha,1.0,4.0,40.0,29.0,4.8,3.5,https://www.collegehockeynews.com/box/final/20250207/mnd/uno/,0,1,0.0,2.0
20242025,Colorado College,North Dakota,6.0,4.0,25.0,22.0,3.0,2.7,https://www.collegehockeynews.com/box/final/20250207/cc_/ndk/,1,0,3.0,2.0
20242025,Michigan,Michigan State,2.0,1.0,27.0,39.0,2.3,4.2,https://www.collegehockeynews.com/box/final/20250207/mic/msu/,0,0,1.0,0.0
20242025,Penn State,Wisconsin,2.0,0.0,26.0,25.0,2.5,3.0,https://www.collegehockeynews.com/box/final/20250207/psu/wis/,1,0,1.0,0.0
20242025,Ohio State,Notre Dame,5.0,1.0,32.0,28.0,2.9,3.1,https://www.collegehockeynews.com/box/final/20250207/osu/ndm/,0,0,3.0,0.0
20242025,St. Thomas,Bowling Green,1.0,4.0,25.0,33.0,2.2,3.4,https://www.collegehockeynews.com/box/final/20250207/stt/bgs/,0,0,1.0,3.0
20242025,Northern Michigan,Lake Superior,2.0,3.0,34.0,37.0,2.6,3.2,https://www.collegehockeynews.com/box/final/20250207/nmu/lss/,0,0,2.0,1.0
20242025,Bemidji State,Michigan Tech,5.0,3.0,26.0,29.0,2.8,3.1,https://www.collegehockeynews.com/box/final/20250207/bmj/mtu/,0,0,4.0,2.0
20242025,Augustana,Minnesota State,1.0,4.0,26.0,33.0,2.3,2.5,https://www.collegehockeynews.com/box/final/20250207/aug/mns/,0,1,1.0,2.0
20242025,Lindenwood,Long Island,2.0,3.0,23.0,32.0,2.5,2.8,https://www.collegehockeynews.com/box/final/20250207/lin/liu/,0,0,2.0,3.0
20242025,Mass.-Lowell,Connecticut,4.0,5.0,37.0,34.0,3.2,3.6,https://www.collegehockeynews.com/box/final/20250208/uml/con/,0,0,3.0,3.0
20242025,Maine,Providence,1.0,0.0,20.0,28.0,1.6,2.7,https://www.collegehockeynews.com/box/final/20250208/mne/prv/,0,0,1.0,0.0
20242025,Merrimack,New Hampshire,5.0,4.0,19.0,34.0,1.6,4.1,https://www.collegehockeynews.com/box/final/20250208/mer/unh/,0,0,5.0,1.0
20242025,Air Force,Canisius,3.0,2.0,52.0,23.0,4.4,2.3,https://www.collegehockeynews.com/box/final/20250208/afa/cns/,0,0,2.0,2.0
20242025,American Int'l,Mercyhurst,4.0,1.0,30.0,18.0,2.2,1.8,https://www.collegehockeynews.com/box/final/20250208/aic/mrc/,1,0,1.0,1.0
20242025,Sacred Heart,Army,3.0,5.0,28.0,25.0,3.4,2.8,https://www.collegehockeynews.com/box/final/20250208/sac/arm/,0,0,3.0,2.0
20242025,Holy Cross,RIT,3.0,0.0,30.0,26.0,3.6,2.4,https://www.collegehockeynews.com/box/final/20250208/hcr/rit/,0,0,1.0,0.0
20242025,Robert Morris,Bentley,0.0,6.0,28.0,31.0,2.4,2.8,https://www.collegehockeynews.com/box/final/20250208/rmu/ben/,0,0,0.0,4.0
20242025,Denver,Arizona State,5.0,6.0,33.0,55.0,3.3,4.0,https://www.collegehockeynews.com/box/final/20250208/den/asu/,0,0,2.0,6.0
20242025,St. Cloud State,Western Michigan,1.0,6.0,26.0,38.0,2.1,2.8,https://www.collegehockeynews.com/box/final/20250208/stc/wmu/,0,0,1.0,5.0
20242025,Colorado College,North Dakota,1.0,3.0,25.0,27.0,2.9,2.5,https://www.collegehockeynews.com/box/final/20250208/cc_/ndk/,0,1,1.0,2.0
20242025,Minnesota-Duluth,Omaha,2.0,5.0,52.0,29.0,4.9,3.5,https://www.collegehockeynews.com/box/final/20250208/mnd/uno/,0,0,1.0,2.0
20242025,Bemidji State,Michigan Tech,6.0,5.0,34.0,26.0,3.0,3.7,https://www.collegehockeynews.com/box/final/20250208/bmj/mtu/,0,0,3.0,1.0
20242025,Northern Michigan,Lake Superior,3.0,2.0,30.0,44.0,2.3,3.4,https://www.collegehockeynews.com/box/final/20250208/nmu/lss/,0,0,1.0,1.0
20242025,Augustana,Minnesota State,1.0,2.0,29.0,19.0,2.8,2.2,https://www.collegehockeynews.com/box/final/20250208/aug/mns/,0,0,1.0,2.0
20242025,St. Thomas,Bowling Green,2.0,1.0,21.0,58.0,1.6,5.4,https://www.collegehockeynews.com/box/final/20250208/stt/bgs/,0,0,1.0,0.0
20242025,Alaska-Anchorage,Alaska,3.0,3.0,25.0,32.0,2.4,3.6,https://www.collegehockeynews.com/box/final/20250208/aka/akf/,0,0,2.0,2.0
20242025,Penn State,Wisconsin,6.0,2.0,22.0,41.0,2.6,5.1,https://www.collegehockeynews.com/box/final/20250208/psu/wis/,0,0,2.0,0.0
20242025,Ohio State,Notre Dame,5.0,1.0,30.0,42.0,3.7,3.0,https://www.collegehockeynews.com/box/final/20250208/osu/ndm/,0,0,4.0,1.0
20242025,Michigan State,Michigan,6.0,1.0,40.0,18.0,5.0,2.4,https://www.collegehockeynews.com/box/final/20250208/msu/mic/,0,0,3.0,1.0
20242025,Rensselaer,Colgate,0.0,4.0,31.0,39.0,4.2,3.4,https://www.collegehockeynews.com/box/final/20250208/ren/clg/,0,1,0.0,2.0
20242025,Union,Cornell,4.0,1.0,24.0,31.0,2.4,4.6,https://www.collegehockeynews.com/box/final/20250208/uni/cor/,1,0,2.0,1.0
20242025,St. Lawrence,Princeton,4.0,4.0,28.0,25.0,2.9,2.6,https://www.collegehockeynews.com/box/final/20250208/stl/prn/,0,0,3.0,2.0
20242025,Clarkson,Quinnipiac,3.0,2.0,17.0,32.0,1.6,3.7,https://www.collegehockeynews.com/box/final/20250208/clk/qui/,0,0,3.0,2.0
20242025,Yale,Brown,1.0,5.0,32.0,30.0,2.8,3.5,https://www.collegehockeynews.com/box/final/20250209/yal/brn/,0,0,1.0,2.0
20242025,Northeastern,Harvard,3.0,4.0,26.0,19.0,1.9,2.3,https://www.collegehockeynews.com/box/final/20250210/noe/har/,0,0,3.0,0.0
20242025,Boston University,Boston College,4.0,1.0,44.0,44.0,3.7,3.9,https://www.collegehockeynews.com/box/final/20250210/bu_/bc_/,1,0,3.0,1.0
20242025,Canisius,Niagara,2.0,6.0,38.0,39.0,3.9,4.1,https://www.collegehockeynews.com/box/final/20250211/cns/nia/,0,1,2.0,4.0
20242025,Alaska-Anchorage,Connecticut,2.0,5.0,29.0,32.0,1.9,2.0,https://www.collegehockeynews.com/box/final/20250212/aka/con/,0,1,2.0,2.0
20242025,Mercyhurst,Holy Cross,1.0,4.0,27.0,42.0,2.4,4.1,https://www.collegehockeynews.com/box/final/20250213/mrc/hcr/,0,1,1.0,3.0
20242025,Alaska-Anchorage,Long Island,1.0,6.0,12.0,45.0,2.5,4.6,https://www.collegehockeynews.com/box/final/20250214/aka/liu/,0,0,1.0,4.0
20242025,Alaska,Lindenwood,2.0,1.0,40.0,21.0,3.4,2.0,https://www.collegehockeynews.com/box/final/20250214/akf/lin/,0,0,2.0,0.0
20242025,Mercyhurst,Holy Cross,3.0,7.0,18.0,46.0,1.8,4.8,https://www.collegehockeynews.com/box/final/20250214/mrc/hcr/,0,1,3.0,5.0
20242025,Robert Morris,Niagara,4.0,3.0,35.0,44.0,4.4,4.3,https://www.collegehockeynews.com/box/final/20250214/rmu/nia/,0,0,2.0,2.0
20242025,Canisius,Bentley,3.0,4.0,21.0,35.0,1.7,3.5,https://www.collegehockeynews.com/box/final/20250214/cns/ben/,0,0,2.0,4.0
20242025,Army,Air Force,2.0,1.0,12.0,34.0,2.3,4.5,https://www.collegehockeynews.com/box/final/20250214/arm/afa/,0,0,2.0,1.0
20242025,American Int'l,RIT,0.0,3.0,22.0,30.0,2.4,2.7,https://www.collegehockeynews.com/box/final/20250214/aic/rit/,0,0,0.0,2.0
20242025,Cornell,Brown,6.0,1.0,31.0,18.0,3.2,1.3,https://www.collegehockeynews.com/box/final/20250214/cor/brn/,0,0,6.0,1.0
20242025,Dartmouth,Clarkson,1.0,4.0,13.0,25.0,2.9,2.7,https://www.collegehockeynews.com/box/final/20250214/dar/clk/,0,1,0.0,2.0
20242025,Princeton,Rensselaer,1.0,4.0,36.0,31.0,4.1,3.3,https://www.collegehockeynews.com/box/final/20250214/prn/ren/,0,1,1.0,2.0
20242025,Harvard,St. Lawrence,6.0,2.0,34.0,29.0,3.2,3.3,https://www.collegehockeynews.com/box/final/20250214/har/stl/,1,0,4.0,1.0
20242025,Quinnipiac,Union,7.0,2.0,28.0,20.0,2.2,1.7,https://www.collegehockeynews.com/box/final/20250214/qui/uni/,1,0,0.0,2.0
20242025,Colgate,Yale,4.0,5.0,27.0,22.0,2.4,2.8,https://www.collegehockeynews.com/box/final/20250214/clg/yal/,0,0,3.0,4.0
20242025,New Hampshire,Maine,1.0,1.0,24.0,18.0,3.5,3.8,https://www.collegehockeynews.com/box/final/20250214/unh/mne/,0,0,0.0,0.0
20242025,Vermont,Merrimack,4.0,2.0,32.0,29.0,2.8,2.5,https://www.collegehockeynews.com/box/final/20250214/ver/mer/,0,0,1.0,0.0
20242025,Mass.-Lowell,Northeastern,0.0,2.0,34.0,30.0,4.6,3.0,https://www.collegehockeynews.com/box/final/20250214/uml/noe/,0,0,0.0,1.0
20242025,Boston University,Providence,3.0,6.0,33.0,33.0,2.4,2.9,https://www.collegehockeynews.com/box/final/20250214/bu_/prv/,0,1,0.0,5.0
20242025,Massachusetts,Boston College,3.0,2.0,29.0,39.0,3.3,4.2,https://www.collegehockeynews.com/box/final/20250214/uma/bc_/,1,0,2.0,0.0
20242025,Miami,Colorado College,1.0,6.0,24.0,30.0,2.4,2.8,https://www.collegehockeynews.com/box/final/20250214/mia/cc_/,0,0,1.0,4.0
20242025,North Dakota,Denver,0.0,4.0,21.0,32.0,2.7,3.9,https://www.collegehockeynews.com/box/final/20250214/ndk/den/,0,1,0.0,3.0
20242025,Omaha,Western Michigan,4.0,5.0,27.0,40.0,2.5,2.6,https://www.collegehockeynews.com/box/final/20250214/uno/wmu/,0,0,2.0,4.0
20242025,Arizona State,Minnesota-Duluth,2.0,3.0,25.0,26.0,2.6,2.0,https://www.collegehockeynews.com/box/final/20250214/asu/mnd/,0,0,1.0,1.0
20242025,Minnesota,Michigan,2.0,3.0,36.0,32.0,3.9,4.2,https://www.collegehockeynews.com/box/final/20250214/min/mic/,0,0,2.0,2.0
20242025,Wisconsin,Ohio State,1.0,4.0,38.0,21.0,3.9,1.8,https://www.collegehockeynews.com/box/final/20250214/wis/osu/,0,1,1.0,2.0
20242025,Notre Dame,Penn State,3.0,5.0,27.0,37.0,3.0,3.5,https://www.collegehockeynews.com/box/final/20250214/ndm/psu/,0,1,2.0,1.0
20242025,Plymouth State,Stonehill,,,,,,,https://www.collegehockeynews.com/box/final/20250214/341/stn/,0,0,0.0,10.0
20242025,Lake Superior,Ferris State,2.0,3.0,36.0,30.0,3.3,2.9,https://www.collegehockeynews.com/box/final/20250214/lss/fsu/,0,0,1.0,2.0
20242025,Michigan Tech,Augustana,1.0,5.0,19.0,27.0,1.5,3.2,https://www.collegehockeynews.com/box/final/20250214/mtu/aug/,0,0,0.0,2.0
20242025,Alaska-Anchorage,Long Island,2.0,4.0,20.0,31.0,1.3,2.1,https://www.collegehockeynews.com/box/final/20250215/aka/liu/,0,1,2.0,1.0
20242025,Alaska,Lindenwood,2.0,5.0,41.0,22.0,3.6,2.0,https://www.collegehockeynews.com/box/final/20250215/akf/lin/,0,1,2.0,2.0
20242025,Canisius,Bentley,5.0,3.0,27.0,33.0,2.0,3.2,https://www.collegehockeynews.com/box/final/20250215/cns/ben/,1,0,2.0,1.0
20242025,Army,Air Force,4.0,4.0,28.0,28.0,3.4,3.4,https://www.collegehockeynews.com/box/final/20250215/arm/afa/,0,0,2.0,3.0
20242025,Niagara,Robert Morris,2.0,1.0,31.0,26.0,3.4,3.1,https://www.collegehockeynews.com/box/final/20250215/nia/rmu/,0,0,0.0,1.0
20242025,American Int'l,RIT,3.0,3.0,27.0,27.0,3.1,2.9,https://www.collegehockeynews.com/box/final/20250215/aic/rit/,0,0,2.0,3.0
20242025,Harvard,Clarkson,0.0,6.0,17.0,26.0,1.6,3.8,https://www.collegehockeynews.com/box/final/20250215/har/clk/,0,0,0.0,4.0
20242025,Princeton,Union,4.0,7.0,25.0,29.0,2.3,2.9,https://www.collegehockeynews.com/box/final/20250215/prn/uni/,0,1,3.0,4.0
20242025,Colgate,Brown,3.0,6.0,30.0,23.0,2.6,2.5,https://www.collegehockeynews.com/box/final/20250215/clg/brn/,0,0,2.0,6.0
20242025,Quinnipiac,Rensselaer,6.0,2.0,31.0,35.0,3.1,2.8,https://www.collegehockeynews.com/box/final/20250215/qui/ren/,0,0,3.0,2.0
20242025,Dartmouth,St. Lawrence,2.0,3.0,21.0,29.0,2.2,2.7,https://www.collegehockeynews.com/box/final/20250215/dar/stl/,0,0,2.0,2.0
20242025,Cornell,Yale,5.0,3.0,22.0,26.0,2.9,2.0,https://www.collegehockeynews.com/box/final/20250215/cor/yal/,0,0,4.0,3.0
20242025,Notre Dame,Penn State,2.0,3.0,38.0,28.0,4.1,2.5,https://www.collegehockeynews.com/box/final/20250215/ndm/psu/,0,0,0.0,2.0
20242025,Minnesota,Michigan,2.0,2.0,35.0,34.0,4.3,3.4,https://www.collegehockeynews.com/box/final/20250215/min/mic/,0,0,1.0,2.0
20242025,Wisconsin,Ohio State,2.0,4.0,30.0,20.0,4.0,2.4,https://www.collegehockeynews.com/box/final/20250215/wis/osu/,0,1,2.0,2.0
20242025,Miami,Colorado College,4.0,5.0,22.0,37.0,2.7,3.9,https://www.collegehockeynews.com/box/final/20250215/mia/cc_/,0,0,3.0,4.0
20242025,North Dakota,Denver,3.0,1.0,23.0,35.0,2.1,3.6,https://www.collegehockeynews.com/box/final/20250215/ndk/den/,0,0,1.0,0.0
20242025,Omaha,Western Michigan,1.0,6.0,17.0,43.0,1.6,3.5,https://www.collegehockeynews.com/box/final/20250215/uno/wmu/,0,0,1.0,6.0
20242025,Arizona State,Minnesota-Duluth,3.0,3.0,44.0,35.0,4.2,2.6,https://www.collegehockeynews.com/box/final/20250215/asu/mnd/,0,0,2.0,3.0
20242025,Northeastern,Mass.-Lowell,1.0,3.0,24.0,26.0,1.9,3.0,https://www.collegehockeynews.com/box/final/20250215/noe/uml/,0,1,1.0,1.0
20242025,Providence,Boston University,0.0,3.0,30.0,23.0,3.1,2.8,https://www.collegehockeynews.com/box/final/20250215/prv/bu_/,0,0,0.0,3.0
20242025,New Hampshire,Maine,2.0,5.0,24.0,33.0,3.1,3.1,https://www.collegehockeynews.com/box/final/20250215/unh/mne/,0,0,1.0,4.0
20242025,Boston College,Massachusetts,4.0,1.0,45.0,22.0,2.3,1.7,https://www.collegehockeynews.com/box/final/20250215/bc_/uma/,1,0,3.0,1.0
20242025,Vermont,Merrimack,3.0,4.0,36.0,29.0,2.9,2.7,https://www.collegehockeynews.com/box/final/20250215/ver/mer/,0,0,3.0,2.0
20242025,Lake Superior,Ferris State,5.0,3.0,46.0,53.0,4.0,4.3,https://www.collegehockeynews.com/box/final/20250215/lss/fsu/,0,0,4.0,1.0
20242025,Michigan Tech,Augustana,4.0,4.0,28.0,29.0,3.1,2.8,https://www.collegehockeynews.com/box/final/20250215/mtu/aug/,0,0,3.0,3.0
20242025,Sacred Heart,American Int'l,3.0,2.0,22.0,38.0,2.1,3.3,https://www.collegehockeynews.com/box/final/20250218/sac/aic/,0,0,3.0,0.0
20242025,Bentley,Holy Cross,3.0,0.0,31.0,37.0,2.8,4.3,https://www.collegehockeynews.com/box/final/20250220/ben/hcr/,1,0,1.0,0.0
20242025,Denver,Miami,5.0,1.0,33.0,19.0,2.8,2.0,https://www.collegehockeynews.com/box/final/20250221/den/mia/,0,0,3.0,0.0
20242025,Western Michigan,Arizona State,3.0,5.0,42.0,32.0,4.0,2.6,https://www.collegehockeynews.com/box/final/20250221/wmu/asu/,0,1,3.0,4.0
20242025,Minnesota-Duluth,North Dakota,2.0,4.0,32.0,34.0,2.7,3.9,https://www.collegehockeynews.com/box/final/20250221/mnd/ndk/,0,1,2.0,3.0
20242025,Colorado College,St. Cloud State,4.0,3.0,30.0,45.0,2.5,3.0,https://www.collegehockeynews.com/box/final/20250221/cc_/stc/,0,0,4.0,3.0
20242025,Penn State,Michigan State,2.0,2.0,33.0,38.0,3.1,3.5,https://www.collegehockeynews.com/box/final/20250221/psu/msu/,0,0,2.0,2.0
20242025,Ohio State,Minnesota,1.0,4.0,26.0,25.0,1.9,2.3,https://www.collegehockeynews.com/box/final/20250221/osu/min/,0,1,1.0,3.0
20242025,Notre Dame,Wisconsin,3.0,7.0,25.0,31.0,2.4,3.0,https://www.collegehockeynews.com/box/final/20250221/ndm/wis/,0,0,1.0,5.0
20242025,Bowling Green,Bemidji State,2.0,3.0,24.0,19.0,2.8,1.8,https://www.collegehockeynews.com/box/final/20250221/bgs/bmj/,0,0,1.0,1.0
20242025,Minnesota State,Lake Superior,4.0,0.0,41.0,32.0,3.7,2.5,https://www.collegehockeynews.com/box/final/20250221/mns/lss/,0,0,4.0,0.0
20242025,Ferris State,Michigan Tech,1.0,6.0,25.0,23.0,2.6,3.0,https://www.collegehockeynews.com/box/final/20250221/fsu/mtu/,0,0,1.0,3.0
20242025,St. Thomas,Northern Michigan,3.0,0.0,38.0,21.0,3.4,2.5,https://www.collegehockeynews.com/box/final/20250221/stt/nmu/,1,0,2.0,0.0
20242025,Niagara,Canisius,6.0,3.0,30.0,41.0,2.8,3.2,https://www.collegehockeynews.com/box/final/20250221/nia/cns/,1,0,5.0,3.0
20242025,Army,American Int'l,2.0,3.0,28.0,37.0,2.9,3.7,https://www.collegehockeynews.com/box/final/20250221/arm/aic/,0,0,0.0,2.0
20242025,Air Force,Robert Morris,4.0,2.0,39.0,21.0,3.5,2.1,https://www.collegehockeynews.com/box/final/20250221/afa/rmu/,0,0,4.0,2.0
20242025,Mercyhurst,RIT,2.0,3.0,31.0,32.0,3.3,3.1,https://www.collegehockeynews.com/box/final/20250221/mrc/rit/,0,0,2.0,2.0
20242025,St. Lawrence,Colgate,4.0,5.0,28.0,29.0,2.1,2.6,https://www.collegehockeynews.com/box/final/20250221/stl/clg/,0,0,3.0,5.0
20242025,Clarkson,Cornell,3.0,1.0,11.0,25.0,1.4,3.6,https://www.collegehockeynews.com/box/final/20250221/clk/cor/,1,0,2.0,1.0
20242025,Rensselaer,Dartmouth,2.0,1.0,12.0,42.0,1.2,4.9,https://www.collegehockeynews.com/box/final/20250221/ren/dar/,0,0,2.0,1.0
20242025,Union,Harvard,2.0,1.0,24.0,24.0,2.6,3.3,https://www.collegehockeynews.com/box/final/20250221/uni/har/,0,0,2.0,1.0
20242025,Brown,Princeton,3.0,2.0,18.0,28.0,1.7,2.2,https://www.collegehockeynews.com/box/final/20250221/brn/prn/,0,0,3.0,1.0
20242025,Yale,Quinnipiac,1.0,4.0,23.0,39.0,2.3,4.3,https://www.collegehockeynews.com/box/final/20250221/yal/qui/,0,0,0.0,3.0
20242025,Northeastern,Boston University,5.0,1.0,20.0,25.0,1.6,2.3,https://www.collegehockeynews.com/box/final/20250221/noe/bu_/,0,0,2.0,0.0
20242025,Massachusetts,New Hampshire,3.0,3.0,21.0,31.0,2.3,3.2,https://www.collegehockeynews.com/box/final/20250221/uma/unh/,0,0,2.0,2.0
20242025,Boston College,Vermont,6.0,3.0,34.0,32.0,2.3,2.3,https://www.collegehockeynews.com/box/final/20250221/bc_/ver/,1,0,3.0,1.0
20242025,Maine,Connecticut,2.0,3.0,34.0,45.0,3.4,4.1,https://www.collegehockeynews.com/box/final/20250221/mne/con/,0,0,0.0,2.0
20242025,Long Island,Stonehill,3.0,1.0,28.0,22.0,3.6,2.1,https://www.collegehockeynews.com/box/final/20250221/liu/stn/,0,0,2.0,0.0
20242025,Lindenwood,Alaska-Anchorage,6.0,4.0,28.0,22.0,2.4,1.0,https://www.collegehockeynews.com/box/final/20250221/lin/aka/,0,0,4.0,3.0
20242025,Alaska,Augustana,2.0,1.0,28.0,24.0,3.6,3.7,https://www.collegehockeynews.com/box/final/20250221/akf/aug/,0,0,1.0,1.0
20242025,American Int'l,Army,2.0,3.0,22.0,39.0,2.0,4.8,https://www.collegehockeynews.com/box/final/20250222/aic/arm/,0,0,1.0,3.0
20242025,Mercyhurst,RIT,3.0,6.0,29.0,27.0,2.7,2.2,https://www.collegehockeynews.com/box/final/20250222/mrc/rit/,0,1,1.0,4.0
20242025,Bentley,Sacred Heart,0.0,2.0,18.0,20.0,3.4,2.5,https://www.collegehockeynews.com/box/final/20250222/ben/sac/,0,0,0.0,1.0
20242025,Canisius,Niagara,6.0,2.0,39.0,28.0,3.4,3.5,https://www.collegehockeynews.com/box/final/20250222/cns/nia/,1,0,4.0,1.0
20242025,Air Force,Robert Morris,3.0,3.0,39.0,46.0,3.8,4.2,https://www.collegehockeynews.com/box/final/20250222/afa/rmu/,0,0,1.0,2.0
20242025,Western Michigan,Arizona State,4.0,3.0,41.0,36.0,3.4,2.8,https://www.collegehockeynews.com/box/final/20250222/wmu/asu/,0,0,3.0,3.0
20242025,Colorado College,St. Cloud State,2.0,4.0,44.0,20.0,3.3,2.4,https://www.collegehockeynews.com/box/final/20250222/cc_/stc/,0,0,2.0,4.0
20242025,Denver,Miami,5.0,2.0,31.0,23.0,2.6,2.9,https://www.collegehockeynews.com/box/final/20250222/den/mia/,1,0,4.0,1.0
20242025,Minnesota-Duluth,North Dakota,1.0,6.0,28.0,28.0,2.9,2.3,https://www.collegehockeynews.com/box/final/20250222/mnd/ndk/,0,0,0.0,0.0
20242025,Ohio State,Minnesota,3.0,6.0,19.0,40.0,1.4,4.5,https://www.collegehockeynews.com/box/final/20250222/osu/min/,0,2,3.0,3.0
20242025,Penn State,Michigan State,3.0,2.0,24.0,44.0,1.9,5.6,https://www.collegehockeynews.com/box/final/20250222/psu/msu/,0,0,2.0,0.0
20242025,Notre Dame,Wisconsin,6.0,1.0,24.0,32.0,2.0,3.8,https://www.collegehockeynews.com/box/final/20250222/ndm/wis/,0,0,3.0,1.0
20242025,Long Island,Stonehill,1.0,2.0,25.0,30.0,3.3,2.5,https://www.collegehockeynews.com/box/final/20250222/liu/stn/,0,0,1.0,1.0
20242025,Alaska,Augustana,5.0,3.0,28.0,28.0,3.3,3.1,https://www.collegehockeynews.com/box/final/20250222/akf/aug/,0,0,3.0,2.0
20242025,Lindenwood,Alaska-Anchorage,0.0,1.0,22.0,24.0,1.8,1.9,https://www.collegehockeynews.com/box/final/20250222/lin/aka/,0,0,0.0,0.0
20242025,St. Lawrence,Cornell,0.0,6.0,13.0,31.0,1.3,3.4,https://www.collegehockeynews.com/box/final/20250222/stl/cor/,0,0,0.0,4.0
20242025,Clarkson,Colgate,5.0,3.0,37.0,35.0,3.6,4.4,https://www.collegehockeynews.com/box/final/20250222/clk/clg/,0,0,3.0,2.0
20242025,Union,Dartmouth,1.0,2.0,19.0,24.0,2.1,2.6,https://www.collegehockeynews.com/box/final/20250222/uni/dar/,0,0,1.0,2.0
20242025,Rensselaer,Harvard,2.0,3.0,29.0,38.0,3.5,5.0,https://www.collegehockeynews.com/box/final/20250222/ren/har/,0,0,1.0,2.0
20242025,Yale,Princeton,2.0,2.0,19.0,35.0,1.9,2.8,https://www.collegehockeynews.com/box/final/20250222/yal/prn/,0,0,2.0,2.0
20242025,Brown,Quinnipiac,0.0,4.0,23.0,37.0,2.1,4.0,https://www.collegehockeynews.com/box/final/20250222/brn/qui/,0,0,0.0,1.0
20242025,Mass.-Lowell,Providence,2.0,4.0,19.0,29.0,1.3,3.5,https://www.collegehockeynews.com/box/final/20250222/uml/prv/,0,1,1.0,3.0
20242025,New Hampshire,Massachusetts,1.0,3.0,36.0,19.0,2.2,2.2,https://www.collegehockeynews.com/box/final/20250222/unh/uma/,0,1,1.0,2.0
20242025,Boston University,Northeastern,3.0,1.0,29.0,29.0,3.9,3.4,https://www.collegehockeynews.com/box/final/20250222/bu_/noe/,0,0,2.0,1.0
20242025,Boston College,Vermont,4.0,1.0,18.0,33.0,1.6,2.2,https://www.collegehockeynews.com/box/final/20250222/bc_/ver/,0,0,2.0,0.0
20242025,Minnesota State,Lake Superior,4.0,1.0,32.0,32.0,2.2,2.2,https://www.collegehockeynews.com/box/final/20250222/mns/lss/,0,0,3.0,1.0
20242025,Ferris State,Michigan Tech,3.0,2.0,25.0,29.0,1.9,2.5,https://www.collegehockeynews.com/box/final/20250222/fsu/mtu/,0,0,2.0,2.0
20242025,St. Thomas,Northern Michigan,4.0,3.0,34.0,24.0,4.1,2.7,https://www.collegehockeynews.com/box/final/20250222/stt/nmu/,0,0,3.0,2.0
20242025,Bowling Green,Bemidji State,1.0,2.0,23.0,33.0,3.4,3.1,https://www.collegehockeynews.com/box/final/20250222/bgs/bmj/,0,0,1.0,1.0
20242025,American Int'l,Holy Cross,1.0,3.0,25.0,43.0,2.8,5.6,https://www.collegehockeynews.com/box/final/20250224/aic/hcr/,0,0,1.0,2.0
20242025,Boston University,Connecticut,2.0,2.0,26.0,27.0,2.9,3.4,https://www.collegehockeynews.com/box/final/20250225/bu_/con/,0,0,1.0,1.0
20242025,Mass.-Lowell,Massachusetts,2.0,2.0,24.0,31.0,2.2,2.7,https://www.collegehockeynews.com/box/final/20250227/uml/uma/,0,0,2.0,1.0
20242025,Michigan,Ohio State,1.0,2.0,27.0,25.0,2.8,2.4,https://www.collegehockeynews.com/box/final/20250227/mic/osu/,0,0,1.0,1.0
20242025,Michigan,Ohio State,4.0,3.0,32.0,24.0,2.9,1.8,https://www.collegehockeynews.com/box/final/20250228/mic/osu/,0,0,3.0,1.0
20242025,Michigan State,Notre Dame,5.0,2.0,38.0,24.0,3.1,2.5,https://www.collegehockeynews.com/box/final/20250228/msu/ndm/,1,0,3.0,1.0
20242025,Minnesota,Penn State,3.0,4.0,34.0,32.0,4.2,3.9,https://www.collegehockeynews.com/box/final/20250228/min/psu/,0,0,2.0,3.0
20242025,Dartmouth,Brown,4.0,2.0,24.0,25.0,2.5,2.7,https://www.collegehockeynews.com/box/final/20250228/dar/brn/,1,0,2.0,2.0
20242025,Quinnipiac,Clarkson,3.0,4.0,26.0,12.0,3.1,2.2,https://www.collegehockeynews.com/box/final/20250228/qui/clk/,0,0,1.0,3.0
20242025,Colgate,Rensselaer,4.0,3.0,44.0,32.0,3.6,2.3,https://www.collegehockeynews.com/box/final/20250228/clg/ren/,0,0,2.0,2.0
20242025,Princeton,St. Lawrence,4.0,2.0,28.0,33.0,2.7,3.1,https://www.collegehockeynews.com/box/final/20250228/prn/stl/,0,0,3.0,1.0
20242025,Cornell,Union,1.0,4.0,20.0,17.0,2.5,1.4,https://www.collegehockeynews.com/box/final/20250228/cor/uni/,0,0,1.0,3.0
20242025,Harvard,Yale,4.0,3.0,26.0,24.0,2.8,1.8,https://www.collegehockeynews.com/box/final/20250228/har/yal/,0,0,1.0,1.0
20242025,Northeastern,Connecticut,2.0,5.0,30.0,33.0,3.0,2.5,https://www.collegehockeynews.com/box/final/20250228/noe/con/,0,1,2.0,3.0
20242025,Vermont,Maine,1.0,4.0,27.0,38.0,3.1,3.8,https://www.collegehockeynews.com/box/final/20250228/ver/mne/,0,0,0.0,2.0
20242025,Merrimack,Providence,2.0,3.0,31.0,32.0,2.9,3.6,https://www.collegehockeynews.com/box/final/20250228/mer/prv/,0,0,2.0,1.0
20242025,New Hampshire,Boston College,1.0,4.0,26.0,19.0,2.5,2.9,https://www.collegehockeynews.com/box/final/20250228/unh/bc_/,0,1,1.0,2.0
20242025,St. Cloud State,Denver,1.0,3.0,21.0,41.0,2.1,3.7,https://www.collegehockeynews.com/box/final/20250228/stc/den/,0,0,1.0,2.0
20242025,North Dakota,Western Michigan,4.0,6.0,22.0,33.0,1.9,2.5,https://www.collegehockeynews.com/box/final/20250228/ndk/wmu/,0,1,3.0,3.0
20242025,Miami,Minnesota-Duluth,2.0,3.0,27.0,41.0,2.0,3.3,https://www.collegehockeynews.com/box/final/20250228/mia/mnd/,0,0,2.0,2.0
20242025,Arizona State,Omaha,4.0,1.0,39.0,33.0,3.0,2.6,https://www.collegehockeynews.com/box/final/20250228/asu/uno/,0,0,3.0,0.0
20242025,RIT,American Int'l,1.0,2.0,32.0,35.0,3.3,2.4,https://www.collegehockeynews.com/box/final/20250228/rit/aic/,0,0,1.0,2.0
20242025,Lake Superior,Bowling Green,4.0,3.0,22.0,42.0,1.5,3.5,https://www.collegehockeynews.com/box/final/20250228/lss/bgs/,0,0,2.0,1.0
20242025,Northern Michigan,Ferris State,1.0,5.0,38.0,31.0,3.1,3.3,https://www.collegehockeynews.com/box/final/20250228/nmu/fsu/,0,0,1.0,5.0
20242025,Bemidji State,Minnesota State,1.0,1.0,27.0,33.0,2.1,3.6,https://www.collegehockeynews.com/box/final/20250228/bmj/mns/,0,0,0.0,1.0
20242025,Michigan Tech,St. Thomas,3.0,4.0,39.0,20.0,3.4,2.1,https://www.collegehockeynews.com/box/final/20250228/mtu/stt/,0,0,0.0,4.0
20242025,Alaska,Long Island,2.0,4.0,16.0,27.0,2.4,2.0,https://www.collegehockeynews.com/box/final/20250228/akf/liu/,0,1,1.0,1.0
20242025,Colgate,Union,5.0,1.0,40.0,29.0,3.9,2.4,https://www.collegehockeynews.com/box/final/20250301/clg/uni/,1,0,3.0,0.0
20242025,Harvard,Brown,3.0,3.0,21.0,31.0,2.2,3.5,https://www.collegehockeynews.com/box/final/20250301/har/brn/,0,0,2.0,1.0
20242025,Princeton,Clarkson,4.0,3.0,20.0,28.0,2.5,2.5,https://www.collegehockeynews.com/box/final/20250301/prn/clk/,0,0,2.0,1.0
20242025,Cornell,Rensselaer,6.0,0.0,40.0,21.0,4.1,1.2,https://www.collegehockeynews.com/box/final/20250301/cor/ren/,0,0,6.0,0.0
20242025,Quinnipiac,St. Lawrence,4.0,0.0,32.0,19.0,3.6,2.1,https://www.collegehockeynews.com/box/final/20250301/qui/stl/,0,0,4.0,0.0
20242025,Dartmouth,Yale,5.0,1.0,33.0,26.0,2.5,2.0,https://www.collegehockeynews.com/box/final/20250301/dar/yal/,0,0,4.0,1.0
20242025,St. Cloud State,Denver,2.0,1.0,25.0,39.0,2.4,3.7,https://www.collegehockeynews.com/box/final/20250301/stc/den/,0,0,2.0,0.0
20242025,North Dakota,Western Michigan,4.0,3.0,18.0,36.0,1.5,2.8,https://www.collegehockeynews.com/box/final/20250301/ndk/wmu/,0,0,2.0,3.0
20242025,Miami,Minnesota-Duluth,1.0,1.0,27.0,27.0,2.5,2.8,https://www.collegehockeynews.com/box/final/20250301/mia/mnd/,0,0,1.0,1.0
20242025,Arizona State,Omaha,2.0,4.0,42.0,33.0,3.6,2.4,https://www.collegehockeynews.com/box/final/20250301/asu/uno/,0,1,0.0,2.0
20242025,Massachusetts,Mass.-Lowell,5.0,3.0,34.0,33.0,2.5,3.2,https://www.collegehockeynews.com/box/final/20250301/uma/uml/,1,0,3.0,2.0
20242025,Vermont,Maine,3.0,4.0,28.0,41.0,2.8,3.9,https://www.collegehockeynews.com/box/final/20250301/ver/mne/,0,0,3.0,4.0
20242025,Providence,Merrimack,2.0,1.0,34.0,13.0,2.9,1.3,https://www.collegehockeynews.com/box/final/20250301/prv/mer/,0,0,2.0,0.0
20242025,Boston College,New Hampshire,1.0,1.0,32.0,42.0,3.2,4.3,https://www.collegehockeynews.com/box/final/20250301/bc_/unh/,0,0,0.0,1.0
20242025,Connecticut,Northeastern,7.0,1.0,29.0,14.0,2.8,1.7,https://www.collegehockeynews.com/box/final/20250301/con/noe/,0,0,6.0,0.0
20242025,Michigan State,Notre Dame,5.0,2.0,50.0,31.0,3.7,2.9,https://www.collegehockeynews.com/box/final/20250301/msu/ndm/,0,0,3.0,1.0
20242025,Minnesota,Penn State,5.0,3.0,32.0,33.0,3.7,2.7,https://www.collegehockeynews.com/box/final/20250301/min/psu/,1,0,3.0,2.0
20242025,Northern Michigan,Ferris State,4.0,4.0,27.0,38.0,2.8,3.9,https://www.collegehockeynews.com/box/final/20250301/nmu/fsu/,0,0,1.0,2.0
20242025,Bemidji State,Minnesota State,1.0,5.0,24.0,30.0,2.8,2.9,https://www.collegehockeynews.com/box/final/20250301/bmj/mns/,0,1,0.0,2.0
20242025,Michigan Tech,St. Thomas,1.0,2.0,31.0,36.0,4.0,3.3,https://www.collegehockeynews.com/box/final/20250301/mtu/stt/,0,0,1.0,1.0
20242025,Lake Superior,Bowling Green,3.0,5.0,27.0,42.0,2.4,4.7,https://www.collegehockeynews.com/box/final/20250301/lss/bgs/,0,0,2.0,4.0
20242025,Robert Morris,Air Force,3.0,4.0,37.0,54.0,4.0,5.6,https://www.collegehockeynews.com/box/final/20250301/rmu/afa/,0,0,2.0,2.0
20242025,Mercyhurst,Canisius,0.0,2.0,16.0,33.0,2.1,3.3,https://www.collegehockeynews.com/box/final/20250301/mrc/cns/,0,0,0.0,2.0
20242025,Alaska,Long Island,0.0,2.0,32.0,22.0,2.3,1.3,https://www.collegehockeynews.com/box/final/20250301/akf/liu/,0,1,0.0,0.0
20242025,Providence,Boston University,2.0,8.0,40.0,19.0,4.2,2.0,https://www.collegehockeynews.com/box/final/20250306/prv/bu_/,0,0,2.0,6.0
20242025,Northeastern,Merrimack,2.0,1.0,23.0,29.0,2.8,3.2,https://www.collegehockeynews.com/box/final/20250306/noe/mer/,0,0,0.0,0.0
20242025,Connecticut,Vermont,4.0,1.0,34.0,32.0,2.1,2.7,https://www.collegehockeynews.com/box/final/20250306/con/ver/,1,0,2.0,0.0
20242025,New Hampshire,Mass.-Lowell,4.0,1.0,35.0,15.0,3.9,1.6,https://www.collegehockeynews.com/box/final/20250307/unh/uml/,0,0,3.0,1.0
20242025,Maine,Massachusetts,1.0,5.0,39.0,32.0,3.8,2.7,https://www.collegehockeynews.com/box/final/20250307/mne/uma/,0,0,1.0,3.0
20242025,Colorado College,Denver,1.0,4.0,23.0,32.0,2.5,2.6,https://www.collegehockeynews.com/box/final/20250307/cc_/den/,0,1,0.0,2.0
20242025,Western Michigan,Miami,8.0,3.0,31.0,20.0,3.3,1.5,https://www.collegehockeynews.com/box/final/20250307/wmu/mia/,0,0,8.0,2.0
20242025,Omaha,North Dakota,1.0,3.0,28.0,26.0,2.4,3.3,https://www.collegehockeynews.com/box/final/20250307/uno/ndk/,0,1,1.0,2.0
20242025,Minnesota-Duluth,St. Cloud State,2.0,3.0,29.0,29.0,2.9,2.4,https://www.collegehockeynews.com/box/final/20250307/mnd/stc/,0,0,1.0,1.0
20242025,Penn State,Michigan,6.0,5.0,36.0,26.0,4.0,3.4,https://www.collegehockeynews.com/box/final/20250307/psu/mic/,0,0,4.0,3.0
20242025,Wisconsin,Ohio State,4.0,1.0,34.0,29.0,3.4,3.0,https://www.collegehockeynews.com/box/final/20250307/wis/osu/,1,0,3.0,1.0
20242025,Notre Dame,Minnesota,3.0,2.0,24.0,32.0,1.7,4.0,https://www.collegehockeynews.com/box/final/20250307/ndm/min/,0,0,3.0,1.0
20242025,Princeton,Brown,2.0,3.0,22.0,25.0,2.8,2.7,https://www.collegehockeynews.com/box/final/20250307/prn/brn/,0,1,1.0,2.0
20242025,Rensselaer,Harvard,2.0,5.0,38.0,32.0,4.1,3.2,https://www.collegehockeynews.com/box/final/20250307/ren/har/,0,0,2.0,3.0
20242025,American Int'l,Holy Cross,3.0,2.0,19.0,36.0,2.5,5.1,https://www.collegehockeynews.com/box/final/20250307/aic/hcr/,0,0,3.0,1.0
20242025,Army,Niagara,3.0,2.0,67.0,50.0,5.9,5.9,https://www.collegehockeynews.com/box/final/20250307/arm/nia/,0,0,2.0,1.0
20242025,Air Force,Sacred Heart,1.0,4.0,30.0,23.0,3.0,2.1,https://www.collegehockeynews.com/box/final/20250307/afa/sac/,0,1,1.0,3.0
20242025,Canisius,Bentley,0.0,4.0,26.0,31.0,2.4,3.2,https://www.collegehockeynews.com/box/final/20250307/cns/ben/,0,0,0.0,4.0
20242025,Michigan Tech,Bowling Green,1.0,2.0,21.0,31.0,2.3,3.2,https://www.collegehockeynews.com/box/final/20250307/mtu/bgs/,0,0,1.0,2.0
20242025,Lake Superior,Minnesota State,1.0,4.0,21.0,26.0,1.9,2.0,https://www.collegehockeynews.com/box/final/20250307/lss/mns/,0,1,1.0,3.0
20242025,Ferris State,St. Thomas,3.0,7.0,31.0,37.0,2.8,3.4,https://www.collegehockeynews.com/box/final/20250307/fsu/stt/,0,0,2.0,6.0
20242025,Bemidji State,Augustana,1.0,3.0,19.0,28.0,2.1,4.4,https://www.collegehockeynews.com/box/final/20250307/bmj/aug/,0,0,0.0,3.0
20242025,Merrimack,Boston College,0.0,6.0,27.0,31.0,3.0,4.0,https://www.collegehockeynews.com/box/final/20250308/mer/bc_/,0,0,0.0,5.0
20242025,Mass.-Lowell,New Hampshire,2.0,4.0,33.0,31.0,3.1,3.4,https://www.collegehockeynews.com/box/final/20250308/uml/unh/,0,1,1.0,1.0
20242025,Boston University,Vermont,6.0,1.0,38.0,22.0,3.4,2.9,https://www.collegehockeynews.com/box/final/20250308/bu_/ver/,0,0,4.0,1.0
20242025,Providence,Northeastern,3.0,2.0,30.0,28.0,2.9,2.8,https://www.collegehockeynews.com/box/final/20250308/prv/noe/,0,0,2.0,1.0
20242025,Maine,Massachusetts,2.0,2.0,23.0,42.0,2.6,3.9,https://www.collegehockeynews.com/box/final/20250308/mne/uma/,0,0,2.0,2.0
20242025,Air Force,Sacred Heart,3.0,2.0,58.0,34.0,4.4,2.8,https://www.collegehockeynews.com/box/final/20250308/afa/sac/,0,0,2.0,2.0
20242025,American Int'l,Holy Cross,2.0,3.0,29.0,34.0,2.9,4.0,https://www.collegehockeynews.com/box/final/20250308/aic/hcr/,0,0,2.0,1.0
20242025,Army,Niagara,3.0,4.0,39.0,29.0,3.8,3.4,https://www.collegehockeynews.com/box/final/20250308/arm/nia/,0,0,2.0,2.0
20242025,Canisius,Bentley,0.0,2.0,25.0,32.0,2.3,3.6,https://www.collegehockeynews.com/box/final/20250308/cns/ben/,0,1,0.0,1.0
20242025,Denver,Colorado College,4.0,3.0,35.0,35.0,3.6,3.8,https://www.collegehockeynews.com/box/final/20250308/den/cc_/,0,0,3.0,2.0
20242025,Minnesota-Duluth,St. Cloud State,3.0,2.0,29.0,24.0,2.8,2.6,https://www.collegehockeynews.com/box/final/20250308/mnd/stc/,0,0,3.0,1.0
20242025,Omaha,North Dakota,7.0,3.0,26.0,37.0,2.8,3.1,https://www.collegehockeynews.com/box/final/20250308/uno/ndk/,1,0,4.0,2.0
20242025,Western Michigan,Miami,5.0,2.0,32.0,13.0,3.4,1.2,https://www.collegehockeynews.com/box/final/20250308/wmu/mia/,0,0,3.0,1.0
20242025,Lake Superior,Minnesota State,2.0,3.0,22.0,35.0,1.8,3.5,https://www.collegehockeynews.com/box/final/20250308/lss/mns/,0,0,2.0,3.0
20242025,Ferris State,St. Thomas,1.0,4.0,26.0,28.0,2.5,2.7,https://www.collegehockeynews.com/box/final/20250308/fsu/stt/,0,1,1.0,2.0
20242025,Bemidji State,Augustana,4.0,3.0,34.0,26.0,3.8,3.1,https://www.collegehockeynews.com/box/final/20250308/bmj/aug/,0,0,3.0,3.0
20242025,Michigan Tech,Bowling Green,0.0,4.0,27.0,28.0,2.3,2.6,https://www.collegehockeynews.com/box/final/20250308/mtu/bgs/,0,1,0.0,2.0
20242025,Penn State,Michigan,5.0,2.0,37.0,33.0,3.7,3.6,https://www.collegehockeynews.com/box/final/20250308/psu/mic/,0,0,3.0,1.0
20242025,Notre Dame,Minnesota,2.0,4.0,23.0,35.0,1.7,3.1,https://www.collegehockeynews.com/box/final/20250308/ndm/min/,0,1,2.0,2.0
20242025,Wisconsin,Ohio State,2.0,3.0,33.0,41.0,3.5,4.0,https://www.collegehockeynews.com/box/final/20250308/wis/osu/,0,0,1.0,2.0
20242025,St. Lawrence,Dartmouth,2.0,6.0,18.0,39.0,1.3,4.4,https://www.collegehockeynews.com/box/final/20250308/stl/dar/,0,2,1.0,4.0
20242025,Yale,Cornell,1.0,5.0,19.0,33.0,1.4,4.3,https://www.collegehockeynews.com/box/final/20250308/yal/cor/,0,1,1.0,2.0
20242025,American Int'l,Holy Cross,3.0,4.0,23.0,34.0,2.6,3.6,https://www.collegehockeynews.com/box/final/20250309/aic/hcr/,0,0,1.0,1.0
20242025,Army,Niagara,4.0,3.0,42.0,37.0,4.3,3.4,https://www.collegehockeynews.com/box/final/20250309/arm/nia/,0,0,2.0,2.0
20242025,Air Force,Sacred Heart,1.0,4.0,30.0,31.0,2.4,2.2,https://www.collegehockeynews.com/box/final/20250309/afa/sac/,0,2,1.0,2.0
20242025,Bemidji State,Augustana,3.0,2.0,30.0,43.0,2.3,4.0,https://www.collegehockeynews.com/box/final/20250309/bmj/aug/,0,0,2.0,2.0
20242025,Notre Dame,Minnesota,4.0,1.0,21.0,39.0,1.6,3.0,https://www.collegehockeynews.com/box/final/20250309/ndm/min/,1,0,3.0,0.0
20242025,Wisconsin,Ohio State,2.0,3.0,31.0,28.0,3.0,2.8,https://www.collegehockeynews.com/box/final/20250309/wis/osu/,0,0,0.0,2.0
20242025,New Hampshire,Mass.-Lowell,2.0,3.0,24.0,42.0,3.2,4.0,https://www.collegehockeynews.com/box/final/20250312/unh/uml/,0,0,1.0,3.0
20242025,Vermont,Massachusetts,1.0,2.0,25.0,21.0,1.6,2.3,https://www.collegehockeynews.com/box/final/20250312/ver/uma/,0,0,1.0,2.0
20242025,Northeastern,Merrimack,3.0,2.0,41.0,46.0,3.4,3.4,https://www.collegehockeynews.com/box/final/20250312/noe/mer/,0,0,3.0,2.0
20242025,Colorado College,Denver,3.0,1.0,23.0,34.0,2.0,2.8,https://www.collegehockeynews.com/box/final/20250314/cc_/den/,1,0,1.0,1.0
20242025,St. Cloud State,Western Michigan,2.0,6.0,27.0,41.0,2.2,3.3,https://www.collegehockeynews.com/box/final/20250314/stc/wmu/,0,0,1.0,4.0
20242025,Minnesota-Duluth,Arizona State,3.0,4.0,31.0,23.0,2.6,2.2,https://www.collegehockeynews.com/box/final/20250314/mnd/asu/,0,0,3.0,4.0
20242025,North Dakota,Omaha,3.0,2.0,18.0,33.0,2.2,2.7,https://www.collegehockeynews.com/box/final/20250314/ndk/uno/,0,0,2.0,1.0
20242025,Providence,Connecticut,1.0,3.0,33.0,29.0,2.5,2.0,https://www.collegehockeynews.com/box/final/20250314/prv/con/,0,1,0.0,2.0
20242025,Harvard,Clarkson,2.0,3.0,17.0,28.0,2.2,2.9,https://www.collegehockeynews.com/box/final/20250314/har/clk/,0,0,1.0,2.0
20242025,Cornell,Colgate,4.0,1.0,28.0,22.0,2.9,1.7,https://www.collegehockeynews.com/box/final/20250314/cor/clg/,0,0,3.0,0.0
20242025,Brown,Quinnipiac,1.0,4.0,21.0,30.0,2.7,3.7,https://www.collegehockeynews.com/box/final/20250314/brn/qui/,0,1,0.0,2.0
20242025,Dartmouth,Union,3.0,2.0,19.0,25.0,2.3,2.2,https://www.collegehockeynews.com/box/final/20250314/dar/uni/,0,0,3.0,2.0
20242025,Army,Holy Cross,2.0,3.0,47.0,39.0,4.4,4.2,https://www.collegehockeynews.com/box/final/20250314/arm/hcr/,0,0,1.0,2.0
20242025,Bentley,Sacred Heart,5.0,2.0,35.0,22.0,3.1,1.7,https://www.collegehockeynews.com/box/final/20250314/ben/sac/,1,0,2.0,2.0
20242025,Harvard,Clarkson,3.0,2.0,21.0,26.0,2.2,3.2,https://www.collegehockeynews.com/box/final/20250315/har/clk/,0,0,2.0,2.0
20242025,Brown,Quinnipiac,0.0,4.0,34.0,25.0,3.8,2.9,https://www.collegehockeynews.com/box/final/20250315/brn/qui/,0,0,0.0,2.0
20242025,Dartmouth,Union,7.0,2.0,37.0,30.0,2.6,2.8,https://www.collegehockeynews.com/box/final/20250315/dar/uni/,0,0,4.0,2.0
20242025,Cornell,Colgate,3.0,0.0,22.0,21.0,2.8,3.0,https://www.collegehockeynews.com/box/final/20250315/cor/clg/,0,0,1.0,0.0
20242025,Bowling Green,St. Thomas,1.0,3.0,33.0,29.0,2.4,2.2,https://www.collegehockeynews.com/box/final/20250315/bgs/stt/,0,0,1.0,2.0
20242025,Bemidji State,Minnesota State,0.0,4.0,27.0,23.0,2.6,2.6,https://www.collegehockeynews.com/box/final/20250315/bmj/mns/,0,1,0.0,3.0
20242025,Massachusetts,Boston University,2.0,3.0,38.0,29.0,3.6,3.1,https://www.collegehockeynews.com/box/final/20250315/uma/bu_/,0,0,2.0,2.0
20242025,Mass.-Lowell,Maine,1.0,7.0,28.0,42.0,3.1,4.9,https://www.collegehockeynews.com/box/final/20250315/uml/mne/,0,0,1.0,6.0
20242025,Northeastern,Boston College,3.0,1.0,20.0,31.0,2.2,5.0,https://www.collegehockeynews.com/box/final/20250315/noe/bc_/,0,0,2.0,0.0
20242025,Bentley,Sacred Heart,3.0,0.0,36.0,26.0,2.8,1.9,https://www.collegehockeynews.com/box/final/20250315/ben/sac/,2,0,1.0,0.0
20242025,Army,Holy Cross,1.0,5.0,30.0,21.0,3.8,3.4,https://www.collegehockeynews.com/box/final/20250315/arm/hcr/,0,1,1.0,2.0
20242025,Colorado College,Denver,3.0,6.0,23.0,36.0,2.2,2.8,https://www.collegehockeynews.com/box/final/20250315/cc_/den/,0,0,2.0,3.0
20242025,St. Cloud State,Western Michigan,2.0,6.0,20.0,38.0,1.6,3.2,https://www.collegehockeynews.com/box/final/20250315/stc/wmu/,0,2,0.0,3.0
20242025,Minnesota-Duluth,Arizona State,5.0,6.0,49.0,39.0,3.8,4.2,https://www.collegehockeynews.com/box/final/20250315/mnd/asu/,0,0,5.0,5.0
20242025,North Dakota,Omaha,3.0,2.0,31.0,34.0,3.1,2.9,https://www.collegehockeynews.com/box/final/20250315/ndk/uno/,0,0,2.0,2.0
20242025,Notre Dame,Michigan State,0.0,1.0,18.0,46.0,1.5,3.6,https://www.collegehockeynews.com/box/final/20250315/ndm/msu/,0,0,0.0,0.0
20242025,Penn State,Ohio State,3.0,4.0,34.0,42.0,3.7,3.5,https://www.collegehockeynews.com/box/final/20250315/psu/osu/,0,0,2.0,4.0
20242025,Harvard,Clarkson,1.0,2.0,26.0,41.0,2.7,4.1,https://www.collegehockeynews.com/box/final/20250316/har/clk/,0,0,0.0,1.0
20242025,Colorado College,Denver,2.0,9.0,25.0,33.0,3.5,2.9,https://www.collegehockeynews.com/box/final/20250316/cc_/den/,0,0,1.0,4.0
20242025,Connecticut,Boston University,5.0,2.0,24.0,27.0,2.6,2.7,https://www.collegehockeynews.com/box/final/20250320/con/bu_/,1,0,4.0,0.0
20242025,Northeastern,Maine,3.0,4.0,36.0,61.0,3.9,7.9,https://www.collegehockeynews.com/box/final/20250320/noe/mne/,0,0,2.0,4.0
20242025,Arizona State,Denver,2.0,4.0,29.0,32.0,2.4,3.3,https://www.collegehockeynews.com/box/final/20250321/asu/den/,0,1,1.0,2.0
20242025,Western Michigan,North Dakota,4.0,2.0,41.0,25.0,3.4,1.6,https://www.collegehockeynews.com/box/final/20250321/wmu/ndk/,2,0,2.0,0.0
20242025,Cornell,Quinnipiac,3.0,2.0,22.0,24.0,3.3,2.3,https://www.collegehockeynews.com/box/final/20250321/cor/qui/,0,0,0.0,1.0
20242025,Dartmouth,Clarkson,1.0,4.0,26.0,15.0,3.3,1.4,https://www.collegehockeynews.com/box/final/20250321/dar/clk/,0,1,0.0,2.0
20242025,St. Thomas,Minnesota State,2.0,4.0,31.0,35.0,2.1,2.3,https://www.collegehockeynews.com/box/final/20250321/stt/mns/,0,1,1.0,2.0
20242025,Connecticut,Maine,2.0,5.0,29.0,24.0,2.9,2.9,https://www.collegehockeynews.com/box/final/20250321/con/mne/,0,1,2.0,3.0
20242025,Cornell,Clarkson,3.0,1.0,24.0,31.0,2.5,3.1,https://www.collegehockeynews.com/box/final/20250322/cor/clk/,1,0,2.0,1.0
20242025,Bentley,Holy Cross,6.0,3.0,30.0,20.0,3.6,2.2,https://www.collegehockeynews.com/box/final/20250322/ben/hcr/,1,0,4.0,0.0
20242025,Denver,Western Michigan,3.0,4.0,29.0,50.0,3.2,4.6,https://www.collegehockeynews.com/box/final/20250322/den/wmu/,0,0,3.0,4.0
20242025,Ohio State,Michigan State,3.0,4.0,41.0,51.0,3.3,5.1,https://www.collegehockeynews.com/box/final/20250322/osu/msu/,0,0,3.0,2.0
20242025,Boston University,Ohio State,8.0,3.0,23.0,36.0,2.0,3.0,https://www.collegehockeynews.com/box/final/20250327/bu_/osu/,0,0,5.0,2.0
20242025,Michigan State,Cornell,3.0,4.0,37.0,21.0,2.6,2.0,https://www.collegehockeynews.com/box/final/20250327/msu/cor/,0,0,2.0,3.0
20242025,Western Michigan,Minnesota State,2.0,1.0,44.0,29.0,4.0,3.8,https://www.collegehockeynews.com/box/final/20250327/wmu/mns/,0,0,1.0,1.0
20242025,Minnesota,Massachusetts,4.0,5.0,29.0,37.0,2.3,2.9,https://www.collegehockeynews.com/box/final/20250327/min/uma/,0,0,3.0,4.0
20242025,Boston College,Bentley,3.0,1.0,44.0,21.0,4.2,2.2,https://www.collegehockeynews.com/box/final/20250328/bc_/ben/,1,0,2.0,0.0
20242025,Providence,Denver,1.0,5.0,31.0,20.0,3.2,2.3,https://www.collegehockeynews.com/box/final/20250328/prv/den/,0,0,0.0,3.0
20242025,Connecticut,Quinnipiac,4.0,1.0,22.0,22.0,3.2,2.7,https://www.collegehockeynews.com/box/final/20250328/con/qui/,1,0,3.0,1.0
20242025,Maine,Penn State,1.0,5.0,27.0,34.0,3.6,3.7,https://www.collegehockeynews.com/box/final/20250328/mne/psu/,0,1,1.0,2.0
20242025,Boston University,Cornell,3.0,2.0,43.0,39.0,2.9,2.7,https://www.collegehockeynews.com/box/final/20250329/bu_/cor/,0,0,2.0,2.0
20242025,Western Michigan,Massachusetts,2.0,1.0,30.0,29.0,2.9,2.9,https://www.collegehockeynews.com/box/final/20250329/wmu/uma/,0,0,0.0,1.0
20242025,Penn State,Connecticut,3.0,2.0,41.0,44.0,4.0,4.4,https://www.collegehockeynews.com/box/final/20250330/psu/con/,0,0,3.0,2.0
20242025,Boston College,Denver,1.0,3.0,36.0,25.0,3.6,2.6,https://www.collegehockeynews.com/box/final/20250330/bc_/den/,0,1,1.0,2.0
20242025,Denver,Western Michigan,2.0,3.0,22.0,47.0,2.6,4.2,https://www.collegehockeynews.com/box/final/20250410/den/wmu/,0,0,2.0,2.0
20242025,Boston University,Penn State,3.0,1.0,33.0,33.0,2.5,2.7,https://www.collegehockeynews.com/box/final/20250410/bu_/psu/,1,0,2.0,1.0
20242025,Western Michigan,Boston University,6.0,2.0,28.0,26.0,3.0,2.3,https://www.collegehockeynews.com/box/final/20250412/wmu/bu_/,1,0,5.0,1.0
