Day,Date,Time,AwayTeam,AwayGoals,Location_Indicator,HomeTeam,HomeGoals,OT_Info,Notes,Type,Is_Final,NeutralSite,Is_Exhibition,IsOT,Season,Home_xG,Away_xG,Home_ENG,Away_ENG,Home_EV_Goals,Away_EV_Goals,GoalMargin,Result
Sun.,2021-09-19,12:05 ET,RIT,3,@,Mercyhurst,6,,,nc,True,False,False,False,20212022,,,,,,,3,1.0
Thu.,2021-09-23,7:00 ET,St. Lawrence,1,@,Penn State,0,,,nc,True,False,False,False,20212022,,,,,,,-1,0.0
Fri.,2021-09-24,7:00 ET,St. Lawrence,2,@,Penn State,2,OT,,nc,True,False,False,True,20212022,,,,,,,0,0.5
Fri.,2021-09-24,6:05 ET,RPI,1,@,Mercyhurst,2,OT,,nc,True,False,False,True,20212022,,,,,,,1,1.0
Fri.,2021-09-24,7:10 CT,Wisconsin,8,@,Lindenwood,1,,,nc,True,False,False,False,20212022,,,,,,,-7,0.0
Fri.,2021-09-24,5:00 ET,RIT,1,@,Colgate,8,,,nc,True,False,False,False,20212022,,,,,,,7,1.0
Fri.,2021-09-24,6:00 ET,Maine,2,@,Quinnipiac,3,,,nc,True,False,False,False,20212022,,,,,,,1,1.0
Fri.,2021-09-24,6:00 ET,Sacred Heart,1,@,Clarkson,6,,,nc,True,False,False,False,20212022,,,,,,,5,1.0
Fri.,2021-09-24,6:00 ET,LIU,1,@,Connecticut,3,,,nc,True,False,False,False,20212022,,,,,,,2,1.0
Fri.,2021-09-24,6:00 ET,Minnesota State,3,@,Merrimack,0,,,nc,True,False,False,False,20212022,,,,,,,-3,0.0
Fri.,2021-09-24,6:07 ET,St. Thomas,0,@,Ohio State,6,,,wc,True,False,False,False,20212022,,,,,,,6,1.0
Sat.,2021-09-25,2:07 ET,St. Thomas,1,@,Ohio State,4,,,wc,True,False,False,False,20212022,,,,,,,3,1.0
Sat.,2021-09-25,4:00 ET,Minnesota State,9,@,Merrimack,3,,,nc,True,False,False,False,20212022,,,,,,,-6,0.0
Sat.,2021-09-25,3:00 ET,LIU,0,@,Connecticut,2,,,nc,True,False,False,False,20212022,,,,,,,2,1.0
Sat.,2021-09-25,2:00 ET,Sacred Heart,1,@,Clarkson,5,,,nc,True,False,False,False,20212022,,,,,,,4,1.0
Sat.,2021-09-25,6:00 ET,Colgate,13,@,RIT,0,,,nc,True,False,False,False,20212022,,,,,,,-13,0.0
Sat.,2021-09-25,3:30 CT,Wisconsin,10,@,Lindenwood,0,,,nc,True,False,False,False,20212022,,,,,,,-10,0.0
Sat.,2021-09-25,2:05 ET,RPI,0,@,Mercyhurst,2,,,nc,True,False,False,False,20212022,,,,,,,2,1.0
Sat.,2021-09-25,3:00 ET,Maine,1,@,Quinnipiac,5,,,nc,True,False,False,False,20212022,,,,,,,4,1.0
Thu.,2021-09-30,7:00 ET,Boston College,2,@,Penn State,1,OT,,nc,True,False,False,True,20212022,,,,,,,-1,0.0
Fri.,2021-10-01,6:00 ET,RPI,2,@,Vermont,3,OT,,nc,True,False,False,True,20212022,,,,,,,1,1.0
Fri.,2021-10-01,7:07 CT,Ohio State,4,@,Minnesota,2,,,wc,True,False,False,False,20212022,,,,,,,-2,0.0
Fri.,2021-10-01,6:00 CT,Bemidji State,3,@,St. Thomas,0,,,wc,True,False,False,False,20212022,,,,,,,-3,0.0
Fri.,2021-10-01,6:07 CT,Lindenwood,2,@,St. Cloud State,4,,,nc,True,False,False,False,20212022,,,,,,,2,1.0
Fri.,2021-10-01,2:00 ET,Wisconsin,4,@,Merrimack,0,,,nc,True,False,False,False,20212022,,,,,,,-4,0.0
Fri.,2021-10-01,6:00 ET,LIU,1,@,Quinnipiac,9,,,nc,True,False,False,False,20212022,,,,,,,8,1.0
Fri.,2021-10-01,6:07 CT,Minnesota Duluth,7,@,Minnesota State,0,,,wc,True,False,False,False,20212022,,,,,,,-7,0.0
Fri.,2021-10-01,6:00 ET,Mercyhurst,2,@,Colgate,5,,,nc,True,False,False,False,20212022,,,,,,,3,1.0
Fri.,2021-10-01,7:00 ET,Boston College,2,@,Penn State,1,,,nc,True,False,False,False,20212022,,,,,,,-1,0.0
Fri.,2021-10-01,6:00 ET,Union,7,@,RIT,4,,,nc,True,False,False,False,20212022,,,,,,,-3,0.0
Fri.,2021-10-01,6:00 ET,Northeastern,5,@,Holy Cross,0,,,he,True,False,False,False,20212022,,,,,,,-5,0.0
Fri.,2021-10-01,6:00 ET,Boston University,4,@,New Hampshire,2,,,he,True,False,False,False,20212022,,,,,,,-2,0.0
Fri.,2021-10-01,6:00 ET,Syracuse,1,@,St. Lawrence,4,,,nc,True,False,False,False,20212022,,,,,,,3,1.0
Sat.,2021-10-02,4:07 CT,Ohio State,4,@,Minnesota,1,,,wc,True,False,False,False,20212022,,,,,,,-3,0.0
Sat.,2021-10-02,3:00 CT,Bemidji State,1,@,St. Thomas,2,,,wc,True,False,False,False,20212022,,,,,,,1,1.0
Sat.,2021-10-02,2:07 CT,Lindenwood,2,@,St. Cloud State,4,,,nc,True,False,False,False,20212022,,,,,,,2,1.0
Sat.,2021-10-02,5:30 ET,St. Michael's,0,@,Sacred Heart,7,,,nc,True,False,False,False,20212022,,,,,,,7,1.0
Sat.,2021-10-02,2:00 ET,Wisconsin,5,@,Merrimack,0,,,nc,True,False,False,False,20212022,,,,,,,-5,0.0
Sat.,2021-10-02,3:00 ET,Saint Anselm,3,@,Maine,2,,,nc,True,False,False,False,20212022,,,,,,,-1,0.0
Sat.,2021-10-02,3:07 CT,Minnesota Duluth,2,@,Minnesota State,4,,,wc,True,False,False,False,20212022,,,,,,,2,1.0
Sat.,2021-10-02,3:00 ET,LIU,0,@,Quinnipiac,4,,,nc,True,False,False,False,20212022,,,,,,,4,1.0
Sat.,2021-10-02,3:00 ET,Mercyhurst,2,@,Colgate,4,,,nc,True,False,False,False,20212022,,,,,,,2,1.0
Sat.,2021-10-02,3:00 ET,Syracuse,2,@,St. Lawrence,2,OT,,nc,True,False,False,True,20212022,,,,,,,0,0.5
Sat.,2021-10-02,2:00 ET,Union,4,@,RIT,1,,,nc,True,False,False,False,20212022,,,,,,,-3,0.0
Sat.,2021-10-02,2:00 ET,New Hampshire,0,@,Boston University,5,,,he,True,False,False,False,20212022,,,,,,,5,1.0
Sat.,2021-10-02,2:00 ET,Holy Cross,0,@,Northeastern,6,,,he,True,False,False,False,20212022,,,,,,,6,1.0
Sat.,2021-10-02,3:00 ET,RPI,1,@,Vermont,4,,,nc,True,False,False,False,20212022,,,,,,,3,1.0
Thu.,2021-10-07,6:00 ET,Clarkson,3,@,Syracuse,2,OT,,nc,True,False,False,True,20212022,,,,,,,-1,0.0
Fri.,2021-10-08,6:07 CT,Minnesota,3,@,Minnesota Duluth,1,,,wc,True,False,False,False,20212022,,,,,,,-2,0.0
Fri.,2021-10-08,3:07 CT,Lindenwood,2,@,Minnesota State,6,,,nc,True,False,False,False,20212022,,,,,,,4,1.0
Fri.,2021-10-08,4:00 ET,Sacred Heart,5,@,Post,1,,,nc,True,False,False,False,20212022,,,,,,,-4,0.0
Fri.,2021-10-08,3:15 ET,Maine,4,@,LIU,2,,,nc,True,False,False,False,20212022,,,,,,,-2,0.0
Fri.,2021-10-08,6:00 ET,Saint Anselm,3,@,Quinnipiac,4,,,nc,True,False,False,False,20212022,,,,,,,1,1.0
Fri.,2021-10-08,3:00 ET,Holy Cross,1,@,Penn State,5,,,nc,True,False,False,False,20212022,,,,,,,4,1.0
Fri.,2021-10-08,6:00 ET,Connecticut,4,@,RIT,3,,,nc,True,False,False,False,20212022,,,,,,,-1,0.0
Fri.,2021-10-08,2:00 ET,New Hampshire,1,@,Providence,3,,,he,True,False,False,False,20212022,,,,,,,2,1.0
Fri.,2021-10-08,7:00 ET,Northeastern,1,@,Boston University,2,,,he,True,False,False,False,20212022,,,,,,,1,1.0
Fri.,2021-10-08,6:00 ET,RPI,4,@,Union,0,,,ec,True,False,False,False,20212022,,,,,,,-4,0.0
Fri.,2021-10-08,6:05 ET,Franklin Pierce,1,@,Mercyhurst,9,,,nc,True,False,False,False,20212022,,,,,,,8,1.0
Sat.,2021-10-09,3:00 ET,Saint Anselm,0,@,Quinnipiac,5,,,nc,True,False,False,False,20212022,,,,,,,5,1.0
Sat.,2021-10-09,3:07 CT,Minnesota,4,@,Minnesota Duluth,5,OT,,wc,True,False,False,True,20212022,,,,,,,1,1.0
Sat.,2021-10-09,2:07 CT,St. Cloud State,0,@,Wisconsin,6,,,wc,True,False,False,False,20212022,,,,,,,6,1.0
Sat.,2021-10-09,2:07 CT,Lindenwood,6,@,Minnesota State,7,OT,,nc,True,False,False,True,20212022,,,,,,,1,1.0
Sat.,2021-10-09,2:00 ET,Maine,3,@,LIU,2,,,nc,True,False,False,False,20212022,,,,,,,-1,0.0
Sat.,2021-10-09,2:00 ET,Colgate,3,@,Vermont,0,,,nc,True,False,False,False,20212022,,,,,,,-3,0.0
Sat.,2021-10-09,3:00 ET,Syracuse,1,@,Clarkson,1,OT,,nc,True,False,False,True,20212022,,,,,,,0,0.5
Sat.,2021-10-09,3:00 ET,Northeastern,0,@,Providence,3,,,he,True,False,False,False,20212022,,,,,,,3,1.0
Sat.,2021-10-09,5:00 ET,Holy Cross,2,@,Penn State,6,,,nc,True,False,False,False,20212022,,,,,,,4,1.0
Sat.,2021-10-09,2:00 ET,Connecticut,6,@,RIT,2,,,nc,True,False,False,False,20212022,,,,,,,-4,0.0
Sat.,2021-10-09,2:00 ET,Boston University,3,@,New Hampshire,3,OT,,he,True,False,False,True,20212022,,,,,,,0,0.5
Sat.,2021-10-09,2:05 ET,Franklin Pierce,0,@,Mercyhurst,1,,,nc,True,False,False,False,20212022,,,,,,,1,1.0
Sat.,2021-10-09,2:00 ET,Boston College,2,@,Merrimack,1,,,he,True,False,False,False,20212022,,,,,,,-1,0.0
Sat.,2021-10-09,3:00 ET,Union,2,@,RPI,9,,,ec,True,False,False,False,20212022,,,,,,,7,1.0
Sun.,2021-10-10,4:00 ET,Colgate,5,@,Vermont,1,,,nc,True,False,False,False,20212022,,,,,,,-4,0.0
Sun.,2021-10-10,2:07 CT,St. Cloud State,1,@,Wisconsin,6,,,wc,True,False,False,False,20212022,,,,,,,5,1.0
Tue.,2021-10-12,6:00 ET,Union,0,@,Syracuse,5,,,nc,True,False,False,False,20212022,,,,,,,5,1.0
Wed.,2021-10-13,7:00 ET,Northeastern,5,@,Saint Anselm,0,,,nc,True,False,False,False,20212022,,,,,,,-5,0.0
Thu.,2021-10-14,6:00 ET,Syracuse,1,@,Colgate,7,,,nc,True,False,False,False,20212022,,,,,,,6,1.0
Fri.,2021-10-15,12:07 CT,Wisconsin,3,@,Minnesota Duluth,0,,,wc,True,False,False,False,20212022,,,,,,,-3,0.0
Fri.,2021-10-15,6:07 ET,Bemidji State,0,@,Ohio State,7,,,wc,True,False,False,False,20212022,,,,,,,7,1.0
Fri.,2021-10-15,3:00 CT,St. Cloud State,2,@,St. Thomas,3,,,wc,True,False,False,False,20212022,,,,,,,1,1.0
Fri.,2021-10-15,6:07 CT,Minnesota State,0,@,Minnesota,3,,,wc,True,False,False,False,20212022,,,,,,,3,1.0
Fri.,2021-10-15,6:00 ET,Franklin Pierce,0,@,Holy Cross,2,,,nc,True,False,False,False,20212022,,,,,,,2,1.0
Fri.,2021-10-15,3:00 ET,Quinnipiac,2,@,Providence,2,OT,,nc,True,False,False,True,20212022,,,,,,,0,0.5
Fri.,2021-10-15,8:00 ET,St. Michael's,0,@,Post,1,OT,,new,True,False,False,True,20212022,,,,,,,1,1.0
Fri.,2021-10-15,3:00 ET,Mercyhurst,5,@,Union,0,,,nc,True,False,False,False,20212022,,,,,,,-5,0.0
Fri.,2021-10-15,3:00 ET,Sacred Heart,1,@,LIU,3,,,new,True,False,False,False,20212022,,,,,,,2,1.0
Fri.,2021-10-15,4:00 ET,Connecticut,1,@,Maine,0,,,he,True,False,False,False,20212022,,,,,,,-1,0.0
Fri.,2021-10-15,2:00 ET,New Hampshire,1,@,Boston College,2,,,he,True,False,False,False,20212022,,,,,,,1,1.0
Fri.,2021-10-15,7:00 ET,Merrimack,4,@,Boston University,4,OT,,he,True,False,False,True,20212022,,,,,,,0,0.5
Fri.,2021-10-15,6:00 ET,Clarkson,2,@,St. Lawrence,1,,,nc,True,False,False,False,20212022,,,,,,,-1,0.0
Sat.,2021-10-16,4:07 CT,Minnesota,6,@,Minnesota State,2,,,wc,True,False,False,False,20212022,,,,,,,-4,0.0
Sat.,2021-10-16,1:07 CT,St. Thomas,2,@,St. Cloud State,2,OT,,wc,True,False,False,True,20212022,,,,,,,0,0.5
Sat.,2021-10-16,3:07 ET,Bemidji State,1,@,Ohio State,3,,,wc,True,False,False,False,20212022,,,,,,,2,1.0
Sat.,2021-10-16,3:00 ET,Holy Cross,0,@,Franklin Pierce,4,,,nc,True,False,False,False,20212022,,,,,,,4,1.0
Sat.,2021-10-16,3:00 ET,Providence,1,@,Quinnipiac,1,OT,,nc,True,False,False,True,20212022,,,,,,,0,0.5
Sat.,2021-10-16,3:00 ET,St. Lawrence,1,@,Clarkson,4,,,nc,True,False,False,False,20212022,,,,,,,3,1.0
Sat.,2021-10-16,4:00 ET,Colgate,5,@,Syracuse,2,,,nc,True,False,False,False,20212022,,,,,,,-3,0.0
Sat.,2021-10-16,5:30 ET,LIU,2,@,Sacred Heart,1,OT,,new,True,False,False,True,20212022,,,,,,,-1,0.0
Sat.,2021-10-16,2:15 ET,St. Michael's,1,@,Post,3,,,new,True,False,False,False,20212022,,,,,,,2,1.0
Sat.,2021-10-16,4:00 ET,Northeastern,3,@,Maine,0,,,he,True,False,False,False,20212022,,,,,,,-3,0.0
Sat.,2021-10-16,7:00 ET,Boston College,3,@,New Hampshire,2,,,he,True,False,False,False,20212022,,,,,,,-1,0.0
Sat.,2021-10-16,1:00 ET,Mercyhurst,2,@,Union,2,OT,,nc,True,False,False,True,20212022,,,,,,,0,0.5
Sun.,2021-10-17,3:00 ET,Merrimack,3,@,Connecticut,5,,,he,True,False,False,False,20212022,,,,,,,2,1.0
Sun.,2021-10-17,1:07 CT,Wisconsin,5,@,Minnesota Duluth,4,OT,,wc,True,False,False,True,20212022,,,,,,,-1,0.0
Fri.,2021-10-22,6:07 CT,Clarkson,1,@,Bemidji State,1,OT,,nc,True,False,False,True,20212022,,,,,,,0,0.5
Fri.,2021-10-22,4:00 ET,Franklin Pierce,7,@,Post,0,,,nc,True,False,False,False,20212022,,,,,,,-7,0.0
Fri.,2021-10-22,2:00 ET,Minnesota,5,@,Colgate,3,,,nc,True,False,False,False,20212022,,,,,,,-2,0.0
Fri.,2021-10-22,6:00 ET,Saint Anselm,0,@,Yale,8,,,nc,True,False,False,False,20212022,,,,,,,8,1.0
Fri.,2021-10-22,6:00 ET,Boston University,2,@,RPI,4,,,nc,True,False,False,False,20212022,,,,,,,2,1.0
Fri.,2021-10-22,6:00 ET,Providence,2,@,Union,1,,,nc,True,False,False,False,20212022,,,,,,,-1,0.0
Fri.,2021-10-22,6:00 ET,RIT,0,@,St. Lawrence,3,,,nc,True,False,False,False,20212022,,,,,,,3,1.0
Fri.,2021-10-22,2:00 ET,Connecticut,3,@,Merrimack,2,,,he,True,False,False,False,20212022,,,,,,,-1,0.0
Fri.,2021-10-22,2:00 ET,Maine,1,@,New Hampshire,4,,,he,True,False,False,False,20212022,,,,,,,3,1.0
Fri.,2021-10-22,6:00 ET,Holy Cross,2,@,Vermont,4,,,he,True,False,False,False,20212022,,,,,,,2,1.0
Fri.,2021-10-22,6:00 ET,Harvard,4,@,Dartmouth,1,,,ec,True,False,False,False,20212022,,,,,,,-3,0.0
Fri.,2021-10-22,2:00 CT,Syracuse,3,@,Lindenwood,1,,,ch,True,False,False,False,20212022,,,,,,,-2,0.0
Fri.,2021-10-22,6:00 ET,Mercyhurst,3,@,Cornell,2,,,nc,True,False,False,False,20212022,,,,,,,-1,0.0
Sat.,2021-10-23,2:00 ET,Minnesota,3,@,Colgate,2,,,nc,True,False,False,False,20212022,,,,,,,-1,0.0
Sat.,2021-10-23,2:07 CT,Ohio State,1,@,Wisconsin,3,,,wc,True,False,False,False,20212022,,,,,,,2,1.0
Sat.,2021-10-23,2:00 CT,Minnesota Duluth,3,@,St. Thomas,0,,,wc,True,False,False,False,20212022,,,,,,,-3,0.0
Sat.,2021-10-23,3:07 CT,Clarkson,1,@,Bemidji State,2,,,nc,True,False,False,False,20212022,,,,,,,1,1.0
Sat.,2021-10-23,5:30 ET,Yale,7,@,Sacred Heart,0,,,nc,True,False,False,False,20212022,,,,,,,-7,0.0
Sat.,2021-10-23,3:00 ET,Saint Anselm,2,@,Harvard,6,,,nc,True,False,False,False,20212022,,,,,,,4,1.0
Sat.,2021-10-23,12:30 CT,Syracuse,3,@,Lindenwood,5,,,ch,True,False,False,False,20212022,,,,,,,2,1.0
Sat.,2021-10-23,3:00 ET,Providence,0,@,RPI,2,,,nc,True,False,False,False,20212022,,,,,,,2,1.0
Sat.,2021-10-23,3:00 ET,Mercyhurst,0,@,Cornell,4,,,nc,True,False,False,False,20212022,,,,,,,4,1.0
Sat.,2021-10-23,2:00 ET,Penn State,2,@,Brown,2,OT,,nc,True,False,False,True,20212022,,,,,,,0,0.5
Sat.,2021-10-23,2:00 ET,Maine,2,@,Boston College,5,,,he,True,False,False,False,20212022,,,,,,,3,1.0
Sat.,2021-10-23,3:00 ET,Boston University,4,@,Union,1,,,nc,True,False,False,False,20212022,,,,,,,-3,0.0
Sun.,2021-10-24,3:07 CT,Ohio State,1,@,Wisconsin,2,OT,,wc,True,False,False,True,20212022,,,,,,,1,1.0
Sun.,2021-10-24,2:00 ET,Penn State,5,@,Brown,2,,,nc,True,False,False,False,20212022,,,,,,,-3,0.0
Sun.,2021-10-24,2:00 CT,Minnesota Duluth,7,@,St. Thomas,0,,,wc,True,False,False,False,20212022,,,,,,,-7,0.0
Sun.,2021-10-24,4:30 ET,Holy Cross,1,@,Northeastern,3,,,he,True,False,False,False,20212022,,,,,,,2,1.0
Sun.,2021-10-24,2:00 ET,Merrimack,1,@,Vermont,2,,,he,True,False,False,False,20212022,,,,,,,1,1.0
Fri.,2021-10-29,6:00 ET,Merrimack,3,@,Connecticut,0,,,he,True,False,False,False,20212022,,,,,,,-3,0.0
Fri.,2021-10-29,3:07 CT,Minnesota,5,@,Bemidji State,2,,,wc,True,False,False,False,20212022,,,,,,,-3,0.0
Fri.,2021-10-29,6:07 ET,St. Cloud State,2,@,Ohio State,5,,,wc,True,False,False,False,20212022,,,,,,,3,1.0
Fri.,2021-10-29,3:00 ET,St. Thomas,3,@,RIT,1,,,nc,True,False,False,False,20212022,,,,,,,-2,0.0
Fri.,2021-10-29,3:00 ET,St. Michael's,0,@,LIU,7,,,new,True,False,False,False,20212022,,,,,,,7,1.0
Fri.,2021-10-29,4:00 ET,Sacred Heart,5,@,Post,1,,,new,True,False,False,False,20212022,,,,,,,-4,0.0
Fri.,2021-10-29,7:00 ET,Franklin Pierce,0,@,Saint Anselm,1,,,new,True,False,False,False,20212022,,,,,,,1,1.0
Fri.,2021-10-29,6:00 ET,Vermont,1,@,Boston University,1,OT,,he,True,False,False,True,20212022,,,,,,,0,0.5
Fri.,2021-10-29,3:07 CT,Wisconsin,2,@,Minnesota State,1,,,wc,True,False,False,False,20212022,,,,,,,-1,0.0
Fri.,2021-10-29,7:00 ET,Maine,4,@,Holy Cross,2,,,he,True,False,False,False,20212022,,,,,,,-2,0.0
Fri.,2021-10-29,6:00 ET,Quinnipiac,5,@,Brown,3,,,ec,True,False,False,False,20212022,,,,,,,-2,0.0
Fri.,2021-10-29,6:00 ET,Cornell,1,@,Harvard,4,,,ec,True,False,False,False,20212022,,,,,,,3,1.0
Fri.,2021-10-29,6:00 ET,Princeton,2,@,Yale,0,,,ec,True,False,False,False,20212022,,,,,,,-2,0.0
Fri.,2021-10-29,6:05 ET,Penn State,3,@,Mercyhurst,4,,,ch,True,False,False,False,20212022,,,,,,,1,1.0
Fri.,2021-10-29,4:00 ET,Colgate,4,@,Dartmouth,2,,,ec,True,False,False,False,20212022,,,,,,,-2,0.0
Fri.,2021-10-29,6:00 ET,St. Lawrence,3,@,RPI,0,,,ec,True,False,False,False,20212022,,,,,,,-3,0.0
Fri.,2021-10-29,3:00 ET,Clarkson,4,@,Union,1,,,ec,True,False,False,False,20212022,,,,,,,-3,0.0
Fri.,2021-10-29,6:00 ET,Northeastern,4,@,Boston College,2,,,he,True,False,False,False,20212022,,,,,,,-2,0.0
Sat.,2021-10-30,3:07 ET,St. Cloud State,1,@,Ohio State,10,,,wc,True,False,False,False,20212022,,,,,,,9,1.0
Sat.,2021-10-30,4:00 ET,Vermont,1,@,Connecticut,2,OT,,he,True,False,False,True,20212022,,,,,,,1,1.0
Sat.,2021-10-30,2:07 CT,Wisconsin,6,@,Minnesota State,2,,,wc,True,False,False,False,20212022,,,,,,,-4,0.0
Sat.,2021-10-30,2:07 CT,Minnesota,3,@,Bemidji State,2,,,wc,True,False,False,False,20212022,,,,,,,-1,0.0
Sat.,2021-10-30,2:00 ET,St. Thomas,2,@,RIT,1,,,nc,True,False,False,False,20212022,,,,,,,-1,0.0
Sat.,2021-10-30,8:30 ET,Post,0,@,Sacred Heart,4,,,new,True,False,False,False,20212022,,,,,,,4,1.0
Sat.,2021-10-30,2:00 ET,St. Michael's,3,@,LIU,9,,,new,True,False,False,False,20212022,,,,,,,6,1.0
Sat.,2021-10-30,3:00 ET,Saint Anselm,2,@,Franklin Pierce,3,,,new,True,False,False,False,20212022,,,,,,,1,1.0
Sat.,2021-10-30,4:00 ET,Maine,0,@,Merrimack,2,,,he,True,False,False,False,20212022,,,,,,,2,1.0
Sat.,2021-10-30,3:00 ET,Cornell,3,@,Dartmouth,4,,,ec,True,False,False,False,20212022,,,,,,,1,1.0
Sat.,2021-10-30,3:00 ET,Clarkson,1,@,RPI,0,,,ec,True,False,False,False,20212022,,,,,,,-1,0.0
Sat.,2021-10-30,3:00 ET,St. Lawrence,4,@,Union,0,,,ec,True,False,False,False,20212022,,,,,,,-4,0.0
Sat.,2021-10-30,3:00 ET,Princeton,3,@,Brown,2,,,ec,True,False,False,False,20212022,,,,,,,-1,0.0
Sat.,2021-10-30,3:00 ET,Colgate,5,@,Harvard,4,OT,,ec,True,False,False,True,20212022,,,,,,,-1,0.0
Sat.,2021-10-30,3:00 ET,Quinnipiac,3,@,Yale,1,,,ec,True,False,False,False,20212022,,,,,,,-2,0.0
Sat.,2021-10-30,2:05 ET,Penn State,3,@,Mercyhurst,0,,,ch,True,False,False,False,20212022,,,,,,,-3,0.0
Sat.,2021-10-30,2:00 ET,Boston College,0,@,Northeastern,3,,,he,True,False,False,False,20212022,,,,,,,3,1.0
Sun.,2021-10-31,2:00 ET,Boston University,2,@,Providence,1,,,he,True,False,False,False,20212022,,,,,,,-1,0.0
Sun.,2021-10-31,2:00 ET,Holy Cross,2,@,New Hampshire,4,,,he,True,False,False,False,20212022,,,,,,,2,1.0
Fri.,2021-11-05,6:07 CT,Minnesota State,2,@,St. Cloud State,3,OT,,wc,True,False,False,True,20212022,,,,,,,1,1.0
Fri.,2021-11-05,4:00 ET,Castleton,0,@,Franklin Pierce,5,,,nc,True,False,False,False,20212022,,,,,,,5,1.0
Fri.,2021-11-05,4:00 ET,Saint Anselm,1,@,Sacred Heart,1,OT,,new,True,False,False,True,20212022,,,,,,,0,0.5
Fri.,2021-11-05,3:00 ET,Post,0,@,LIU,4,,,new,True,False,False,False,20212022,,,,,,,4,1.0
Fri.,2021-11-05,6:00 CT,Ohio State,8,@,St. Thomas,1,,,wc,True,False,False,False,20212022,,,,,,,-7,0.0
Fri.,2021-11-05,6:00 ET,Boston University,1,@,Connecticut,2,,,he,True,False,False,False,20212022,,,,,,,1,1.0
Fri.,2021-11-05,6:00 ET,Dartmouth,0,@,Clarkson,5,,,ec,True,False,False,False,20212022,,,,,,,5,1.0
Fri.,2021-11-05,6:00 ET,Northeastern,5,@,Providence,1,,,he,True,False,False,False,20212022,,,,,,,-4,0.0
Fri.,2021-11-05,6:00 ET,RPI,1,@,Princeton,4,,,ec,True,False,False,False,20212022,,,,,,,3,1.0
Fri.,2021-11-05,6:00 ET,Union,1,@,Quinnipiac,2,,,ec,True,False,False,False,20212022,,,,,,,1,1.0
Fri.,2021-11-05,6:00 ET,Brown,1,@,Colgate,7,,,ec,True,False,False,False,20212022,,,,,,,6,1.0
Fri.,2021-11-05,6:00 ET,Yale,7,@,Cornell,0,,,ec,True,False,False,False,20212022,,,,,,,-7,0.0
Fri.,2021-11-05,7:00 ET,RIT,2,@,Syracuse,3,OT,,ch,True,False,False,True,20212022,,,,,,,1,1.0
Fri.,2021-11-05,6:00 ET,Lindenwood,3,@,Penn State,5,,,ch,True,False,False,False,20212022,,,,,,,2,1.0
Fri.,2021-11-05,6:00 ET,Harvard,2,@,St. Lawrence,0,,,ec,True,False,False,False,20212022,,,,,,,-2,0.0
Sat.,2021-11-06,2:07 CT,Bemidji State,0,@,Wisconsin,0,OT,,wc,True,False,False,True,20212022,,,,,,,0,0.5
Sat.,2021-11-06,3:07 CT,Minnesota State,1,@,St. Cloud State,4,,,wc,True,False,False,False,20212022,,,,,,,3,1.0
Sat.,2021-11-06,2:00 CT,Ohio State,6,@,St. Thomas,2,,,wc,True,False,False,False,20212022,,,,,,,-4,0.0
Sat.,2021-11-06,3:00 ET,New Hampshire,3,@,Franklin Pierce,3,OT,,nc,True,False,False,True,20212022,,,,,,,0,0.5
Sat.,2021-11-06,2:30 ET,Saint Anselm,0,@,Sacred Heart,3,,,new,True,False,False,False,20212022,,,,,,,3,1.0
Sat.,2021-11-06,7:30 ET,LIU,6,@,Post,1,,,new,True,False,False,False,20212022,,,,,,,-5,0.0
Sat.,2021-11-06,4:00 ET,Holy Cross,3,@,Merrimack,5,,,he,True,False,False,False,20212022,,,,,,,2,1.0
Sat.,2021-11-06,2:00 ET,Providence,1,@,Northeastern,1,OT,,he,True,False,False,True,20212022,,,,,,,0,0.5
Sat.,2021-11-06,3:00 ET,Dartmouth,6,@,St. Lawrence,2,,,ec,True,False,False,False,20212022,,,,,,,-4,0.0
Sat.,2021-11-06,3:00 ET,Yale,4,@,Colgate,0,,,ec,True,False,False,False,20212022,,,,,,,-4,0.0
Sat.,2021-11-06,3:00 ET,RPI,0,@,Quinnipiac,1,,,ec,True,False,False,False,20212022,,,,,,,1,1.0
Sat.,2021-11-06,3:00 ET,Harvard,3,@,Clarkson,4,OT,,ec,True,False,False,True,20212022,,,,,,,1,1.0
Sat.,2021-11-06,3:00 ET,Union,2,@,Princeton,4,,,ec,True,False,False,False,20212022,,,,,,,2,1.0
Sat.,2021-11-06,3:00 ET,Brown,3,@,Cornell,3,OT,,ec,True,False,False,True,20212022,,,,,,,0,0.5
Sat.,2021-11-06,2:00 ET,Lindenwood,1,@,Penn State,4,,,ch,True,False,False,False,20212022,,,,,,,3,1.0
Sat.,2021-11-06,6:00 ET,Syracuse,7,@,RIT,0,,,ch,True,False,False,False,20212022,,,,,,,-7,0.0
Sat.,2021-11-06,3:00 ET,Connecticut,1,@,Boston University,0,,,he,True,False,False,False,20212022,,,,,,,-1,0.0
Sun.,2021-11-07,2:07 CT,Bemidji State,1,@,Wisconsin,8,,,wc,True,False,False,False,20212022,,,,,,,7,1.0
Tue.,2021-11-09,7:00 ET,Boston College,2,@,Harvard,5,,,nc,True,False,False,False,20212022,,,,,,,3,1.0
Tue.,2021-11-09,7:00 ET,Vermont,2,@,Dartmouth,3,OT,,nc,True,False,False,True,20212022,,,,,,,1,1.0
Tue.,2021-11-09,6:00 ET,Brown,0,@,Connecticut,3,,,nc,True,False,False,False,20212022,,,,,,,3,1.0
Thu.,2021-11-11,6:00 ET,Boston University,0,@,Holy Cross,2,,,he,True,False,False,False,20212022,,,,,,,2,1.0
Fri.,2021-11-12,6:00 ET,Cornell,3,@,Union,0,,,ec,True,False,False,False,20212022,,,,,,,-3,0.0
Fri.,2021-11-12,7:10 CT,Clarkson,5,@,Lindenwood,3,,,nc,True,False,False,False,20212022,,,,,,,-2,0.0
Fri.,2021-11-12,6:05 ET,St. Lawrence,2,@,Mercyhurst,3,,,nc,True,False,False,False,20212022,,,,,,,1,1.0
Fri.,2021-11-12,7:30 ET,St. Michael's,0,@,Franklin Pierce,1,,,new,True,False,False,False,20212022,,,,,,,1,1.0
Fri.,2021-11-12,4:00 ET,Post,1,@,Saint Anselm,5,,,new,True,False,False,False,20212022,,,,,,,4,1.0
Fri.,2021-11-12,2:00 ET,Boston College,1,@,Providence,2,,,he,True,False,False,False,20212022,,,,,,,1,1.0
Fri.,2021-11-12,6:00 ET,New Hampshire,2,@,Merrimack,3,OT,,he,True,False,False,True,20212022,,,,,,,1,1.0
Fri.,2021-11-12,6:07 CT,RIT,0,@,Minnesota,10,,,nc,True,False,False,False,20212022,,,,,,,10,1.0
Fri.,2021-11-12,7:00 ET,Holy Cross,1,@,Boston University,3,,,he,True,False,False,False,20212022,,,,,,,2,1.0
Fri.,2021-11-12,6:00 ET,Maine,1,@,Connecticut,0,,,he,True,False,False,False,20212022,,,,,,,-1,0.0
Fri.,2021-11-12,6:00 ET,Quinnipiac,3,@,Princeton,1,,,ec,True,False,False,False,20212022,,,,,,,-2,0.0
Fri.,2021-11-12,6:00 ET,Harvard,1,@,Yale,3,,,ec,True,False,False,False,20212022,,,,,,,2,1.0
Fri.,2021-11-12,6:00 ET,Colgate,4,@,RPI,3,OT,,ec,True,False,False,True,20212022,,,,,,,-1,0.0
Fri.,2021-11-12,6:00 ET,Dartmouth,0,@,Brown,1,,,ec,True,False,False,False,20212022,,,,,,,1,1.0
Fri.,2021-11-12,6:00 ET,Northeastern,3,@,Vermont,0,,,he,True,False,False,False,20212022,,,,,,,-3,0.0
Sat.,2021-11-13,2:10 CT,Clarkson,5,@,Lindenwood,3,,,nc,True,False,False,False,20212022,,,,,,,-2,0.0
Sat.,2021-11-13,1:00 ET,Post,0,@,Saint Anselm,3,,,new,True,False,False,False,20212022,,,,,,,3,1.0
Sat.,2021-11-13,7:00 ET,St. Michael's,0,@,Franklin Pierce,5,,,new,True,False,False,False,20212022,,,,,,,5,1.0
Sat.,2021-11-13,8:00 ET,Providence,1,@,Boston College,2,OT,,he,True,False,False,True,20212022,,,,,,,1,1.0
Sat.,2021-11-13,2:00 ET,Merrimack,1,@,New Hampshire,2,,,he,True,False,False,False,20212022,,,,,,,1,1.0
Sat.,2021-11-13,3:00 ET,Northeastern,3,@,Vermont,1,,,he,True,False,False,False,20212022,,,,,,,-2,0.0
Sat.,2021-11-13,3:00 ET,Harvard,5,@,Brown,2,,,ec,True,False,False,False,20212022,,,,,,,-3,0.0
Sat.,2021-11-13,3:00 ET,Princeton,1,@,Quinnipiac,0,,,ec,True,False,False,False,20212022,,,,,,,-1,0.0
Sat.,2021-11-13,3:00 ET,Cornell,3,@,RPI,2,,,ec,True,False,False,False,20212022,,,,,,,-1,0.0
Sat.,2021-11-13,3:00 ET,Colgate,7,@,Union,1,,,ec,True,False,False,False,20212022,,,,,,,-6,0.0
Sat.,2021-11-13,3:00 ET,Dartmouth,3,@,Yale,8,,,ec,True,False,False,False,20212022,,,,,,,5,1.0
Sat.,2021-11-13,2:05 ET,St. Lawrence,1,@,Mercyhurst,1,OT,,nc,True,False,False,True,20212022,,,,,,,0,0.5
Sat.,2021-11-13,3:00 ET,Maine,4,@,Connecticut,4,OT,,he,True,False,False,True,20212022,,,,,,,0,0.5
Sat.,2021-11-13,4:07 CT,RIT,1,@,Minnesota,7,,,nc,True,False,False,False,20212022,,,,,,,6,1.0
Tue.,2021-11-16,6:00 ET,Post,1,@,RPI,4,,,nc,True,False,False,False,20212022,,,,,,,3,1.0
Fri.,2021-11-19,7:00 ET,Penn State,1,@,Syracuse,0,OT,,ch,True,False,False,True,20212022,,,,,,,-1,0.0
Fri.,2021-11-19,6:07 ET,Minnesota State,3,@,Ohio State,6,,,wc,True,False,False,False,20212022,,,,,,,3,1.0
Fri.,2021-11-19,6:07 CT,Minnesota,6,@,St. Cloud State,2,,,wc,True,False,False,False,20212022,,,,,,,-4,0.0
Fri.,2021-11-19,3:07 CT,Minnesota Duluth,9,@,Bemidji State,0,,,wc,True,False,False,False,20212022,,,,,,,-9,0.0
Fri.,2021-11-19,7:00 ET,Sacred Heart,10,@,St. Michael's,0,,,new,True,False,False,False,20212022,,,,,,,-10,0.0
Fri.,2021-11-19,3:00 ET,Saint Anselm,1,@,LIU,5,,,new,True,False,False,False,20212022,,,,,,,4,1.0
Fri.,2021-11-19,6:00 ET,Providence,3,@,Connecticut,3,OT,,he,True,False,False,True,20212022,,,,,,,0,0.5
Fri.,2021-11-19,6:00 ET,New Hampshire,1,@,Northeastern,4,,,he,True,False,False,False,20212022,,,,,,,3,1.0
Fri.,2021-11-19,4:00 ET,Franklin Pierce,9,@,Post,0,,,new,True,False,False,False,20212022,,,,,,,-9,0.0
Fri.,2021-11-19,2:00 ET,Holy Cross,2,@,Boston College,4,,,he,True,False,False,False,20212022,,,,,,,2,1.0
Fri.,2021-11-19,6:00 ET,Brown,1,@,Clarkson,5,,,ec,True,False,False,False,20212022,,,,,,,4,1.0
Fri.,2021-11-19,6:00 ET,Yale,4,@,St. Lawrence,4,OT,,ec,True,False,False,True,20212022,,,,,,,0,0.5
Fri.,2021-11-19,3:00 ET,Quinnipiac,4,@,Cornell,0,,,ec,True,False,False,False,20212022,,,,,,,-4,0.0
Fri.,2021-11-19,3:00 ET,Princeton,1,@,Colgate,1,OT,,ec,True,False,False,True,20212022,,,,,,,0,0.5
Fri.,2021-11-19,2:00 ET,Mercyhurst,3,@,RIT,1,,,ch,True,False,False,False,20212022,,,,,,,-2,0.0
Fri.,2021-11-19,6:00 ET,Boston University,1,@,Maine,5,,,he,True,False,False,False,20212022,,,,,,,4,1.0
Sat.,2021-11-20,4:00 ET,Sacred Heart,6,@,St. Michael's,3,,,new,True,False,False,False,20212022,,,,,,,-3,0.0
Sat.,2021-11-20,1:07 ET,Minnesota State,0,@,Ohio State,9,,,wc,True,False,False,False,20212022,,,,,,,9,1.0
Sat.,2021-11-20,2:00 CT,Wisconsin,7,@,St. Thomas,1,,,wc,True,False,False,False,20212022,,,,,,,-6,0.0
Sat.,2021-11-20,2:07 CT,Minnesota Duluth,4,@,Bemidji State,1,,,wc,True,False,False,False,20212022,,,,,,,-3,0.0
Sat.,2021-11-20,3:30 ET,Franklin Pierce,3,@,Post,0,,,new,True,False,False,False,20212022,,,,,,,-3,0.0
Sat.,2021-11-20,2:00 ET,Saint Anselm,2,@,LIU,3,OT,,new,True,False,False,True,20212022,,,,,,,1,1.0
Sat.,2021-11-20,2:00 ET,Connecticut,2,@,Northeastern,3,,,he,True,False,False,False,20212022,,,,,,,1,1.0
Sat.,2021-11-20,3:07 CT,St. Cloud State,1,@,Minnesota,5,,,wc,True,False,False,False,20212022,,,,,,,4,1.0
Sat.,2021-11-20,3:00 ET,Yale,4,@,Clarkson,2,,,ec,True,False,False,False,20212022,,,,,,,-2,0.0
Sat.,2021-11-20,3:00 ET,Brown,1,@,St. Lawrence,2,,,ec,True,False,False,False,20212022,,,,,,,1,1.0
Sat.,2021-11-20,3:00 ET,Princeton,0,@,Cornell,2,,,ec,True,False,False,False,20212022,,,,,,,2,1.0
Sat.,2021-11-20,3:00 ET,Quinnipiac,4,@,Colgate,0,,,ec,True,False,False,False,20212022,,,,,,,-4,0.0
Sat.,2021-11-20,1:00 ET,Mercyhurst,6,@,RIT,1,,,ch,True,False,False,False,20212022,,,,,,,-5,0.0
Sat.,2021-11-20,3:00 ET,Penn State,3,@,Syracuse,6,,,ch,True,False,False,False,20212022,,,,,,,3,1.0
Sat.,2021-11-20,3:00 ET,Vermont,5,@,Merrimack,4,OT,,he,True,False,False,True,20212022,,,,,,,-1,0.0
Sun.,2021-11-21,2:00 ET,Providence,2,@,Maine,3,,,he,True,False,False,False,20212022,,,,,,,1,1.0
Sun.,2021-11-21,2:00 CT,Wisconsin,5,@,St. Thomas,1,,,wc,True,False,False,False,20212022,,,,,,,-4,0.0
Sun.,2021-11-21,3:00 ET,Vermont,5,@,Merrimack,2,,,he,True,False,False,False,20212022,,,,,,,-3,0.0
Sun.,2021-11-21,3:00 ET,Boston College,4,@,Boston University,5,,,he,True,False,False,False,20212022,,,,,,,1,1.0
Tue.,2021-11-23,6:00 ET,St. Lawrence,5,@,RIT,1,,,nc,True,False,False,False,20212022,,,,,,,-4,0.0
Tue.,2021-11-23,7:00 ET,Harvard,3,@,New Hampshire,2,,,nc,True,False,False,False,20212022,,,,,,,-1,0.0
Tue.,2021-11-23,3:00 ET,Yale,2,@,LIU,1,OT,,nc,True,False,False,True,20212022,,,,,,,-1,0.0
Tue.,2021-11-23,1:30 ET,Post,0,@,Sacred Heart,4,,,nc,True,False,False,False,20212022,,,,,,,4,1.0
Wed.,2021-11-24,3:00 ET,Merrimack,1,@,Brown,0,,,nc,True,False,False,False,20212022,,,,,,,-1,0.0
Fri.,2021-11-26,5:00 ET,St. Michael's,2,@,Potsdam,3,OT,,nc,True,False,False,True,20212022,,,,,,,1,1.0
Fri.,2021-11-26,1:00 CT,Boston College,1,vs,Colgate,2,,,nc,True,True,False,False,20212022,,,,,,,1,1.0
Fri.,2021-11-26,3:00 ET,Sacred Heart,1,@,Connecticut,6,,,nc,True,False,False,False,20212022,,,,,,,5,1.0
Fri.,2021-11-26,4:30 CT,Mercyhurst,0,vs,Minnesota,4,,,nc,True,True,False,False,20212022,,,,,,,4,1.0
Fri.,2021-11-26,6:15 ET,Yale,2,vs,Quinnipiac,3,OT,,nc,True,True,False,True,20212022,,,,,,,1,1.0
Fri.,2021-11-26,2:00 ET,Clarkson,4,@,Maine,1,,,nc,True,False,False,False,20212022,,,,,,,-3,0.0
Fri.,2021-11-26,7:10 CT,Bemidji State,4,@,Lindenwood,1,,,nc,True,False,False,False,20212022,,,,,,,-3,0.0
Fri.,2021-11-26,3:00 ET,St. Cloud State,4,@,RPI,1,,,nc,True,False,False,False,20212022,,,,,,,-3,0.0
Fri.,2021-11-26,3:00 ET,Northeastern,2,@,Princeton,0,,,nc,True,False,False,False,20212022,,,,,,,-2,0.0
Fri.,2021-11-26,6:00 ET,New Hampshire,7,@,Union,0,,,nc,True,False,False,False,20212022,,,,,,,-7,0.0
Fri.,2021-11-26,1:00 ET,St. Lawrence,2,vs,Ohio State,5,,,nc,True,True,False,False,20212022,,,,,,,3,1.0
Fri.,2021-11-26,4:00 ET,Minnesota Duluth,2,vs,Penn State,3,,,nc,True,True,False,False,20212022,,,,,,,1,1.0
Fri.,2021-11-26,7:00 ET,Syracuse,1,@,Vermont,1,OT,,nc,True,False,False,True,20212022,,,,,,,0,0.5
Sat.,2021-11-27,2:00 ET,Clarkson,5,@,Maine,2,,,nc,True,False,False,False,20212022,,,,,,,-3,0.0
Sat.,2021-11-27,4:30 CT,Colgate,2,vs,Minnesota,1,,,nc,True,True,False,False,20212022,,,,,,,-1,0.0
Sat.,2021-11-27,1:30 CT,Boston College,2,vs,Mercyhurst,4,,,nc,True,True,False,False,20212022,,,,,,,2,1.0
Sat.,2021-11-27,3:00,Yale,4,vs,Sacred Heart,1,,,nc,True,True,False,False,20212022,,,,,,,-3,0.0
Sat.,2021-11-27,6:15,Quinnipiac,3,@,Connecticut,2,,,nc,True,False,False,False,20212022,,,,,,,-1,0.0
Sat.,2021-11-27,5:00 ET,Potsdam,2,@,St. Michael's,6,,,nc,True,False,False,False,20212022,,,,,,,4,1.0
Sat.,2021-11-27,7:00 ET,Post,0,@,Wesleyan,4,,,nc,True,False,False,False,20212022,,,,,,,4,1.0
Sat.,2021-11-27,7:00 ET,Syracuse,1,@,Vermont,5,,,nc,True,False,False,False,20212022,,,,,,,4,1.0
Sat.,2021-11-27,3:00 ET,Northeastern,3,@,Princeton,1,,,nc,True,False,False,False,20212022,,,,,,,-2,0.0
Sat.,2021-11-27,3:00 ET,Saint Anselm,1,@,Dartmouth,2,,,nc,True,False,False,False,20212022,,,,,,,1,1.0
Sat.,2021-11-27,3:00 ET,New Hampshire,4,@,Union,1,,,nc,True,False,False,False,20212022,,,,,,,-3,0.0
Sat.,2021-11-27,3:00 ET,St. Cloud State,4,@,RPI,2,,,nc,True,False,False,False,20212022,,,,,,,-2,0.0
Sat.,2021-11-27,2:10 CT,Bemidji State,4,@,Lindenwood,3,OT,,nc,True,False,False,True,20212022,,,,,,,-1,0.0
Sat.,2021-11-27,2:00 ET,Providence,4,@,Brown,2,,,nc,True,False,False,False,20212022,,,,,,,-2,0.0
Sat.,2021-11-27,1:00 ET,St. Lawrence,3,vs,Minnesota Duluth,4,OT,,nc,True,True,False,True,20212022,,,,,,,1,1.0
Sat.,2021-11-27,5:30 ET,Penn State,2,vs,Ohio State,4,,,nc,True,True,False,False,20212022,,,,,,,2,1.0
Sun.,2021-11-28,4:00 ET,Dartmouth,0,@,Saint Anselm,1,,,nc,True,False,False,False,20212022,,,,,,,1,1.0
Tue.,2021-11-30,6:00 ET,Merrimack,0,@,Providence,3,,,he,True,False,False,False,20212022,,,,,,,3,1.0
Thu.,2021-12-02,6:00 ET,St. Lawrence,1,@,Clarkson,1,OT,,ec,True,False,False,True,20212022,,,,,,,0,0.5
Thu.,2021-12-02,7:00 ET,Brown,3,@,Saint Anselm,4,,,nc,True,False,False,False,20212022,,,,,,,1,1.0
Fri.,2021-12-03,7:00 CT,Minnesota,3,@,Wisconsin,2,,,wc,True,False,False,False,20212022,,,,,,,-1,0.0
Fri.,2021-12-03,3:07 CT,Bemidji State,4,@,St. Cloud State,3,,,wc,True,False,False,False,20212022,,,,,,,-1,0.0
Fri.,2021-12-03,6:07 CT,Ohio State,2,@,Minnesota Duluth,5,,,wc,True,False,False,False,20212022,,,,,,,3,1.0
Fri.,2021-12-03,7:10 ET,Post,4,@,St. Michael's,2,,,nc,True,False,False,False,20212022,,,,,,,-2,0.0
Fri.,2021-12-03,6:00 ET,Sacred Heart,4,@,Johnson & Wales,2,,,nc,True,False,False,False,20212022,,,,,,,-2,0.0
Fri.,2021-12-03,2:00 ET,Princeton,0,@,Providence,1,,,nc,True,False,False,False,20212022,,,,,,,1,1.0
Fri.,2021-12-03,3:00 ET,Franklin Pierce,1,@,LIU,4,,,new,True,False,False,False,20212022,,,,,,,3,1.0
Fri.,2021-12-03,3:07 CT,St. Thomas,1,@,Minnesota State,3,,,wc,True,False,False,False,20212022,,,,,,,2,1.0
Fri.,2021-12-03,6:00 ET,Vermont,2,@,New Hampshire,5,,,he,True,False,False,False,20212022,,,,,,,3,1.0
Fri.,2021-12-03,7:10 CT,RIT,1,@,Lindenwood,4,,,ch,True,False,False,False,20212022,,,,,,,3,1.0
Fri.,2021-12-03,7:00 ET,Mercyhurst,3,@,Syracuse,0,,,ch,True,False,False,False,20212022,,,,,,,-3,0.0
Fri.,2021-12-03,6:00 ET,Union,0,@,Harvard,5,,,ec,True,False,False,False,20212022,,,,,,,5,1.0
Fri.,2021-12-03,2:00 ET,Boston College,4,@,Maine,3,OT,,he,True,False,False,True,20212022,,,,,,,-1,0.0
Fri.,2021-12-03,2:00 ET,Boston University,2,@,Merrimack,1,OT,,he,True,False,False,True,20212022,,,,,,,-1,0.0
Fri.,2021-12-03,6:00 ET,Holy Cross,0,@,Connecticut,4,,,he,True,False,False,False,20212022,,,,,,,4,1.0
Fri.,2021-12-03,6:00 ET,RPI,3,@,Dartmouth,1,,,ec,True,False,False,False,20212022,,,,,,,-2,0.0
Sat.,2021-12-04,3:00 CT,Minnesota,2,@,Wisconsin,2,OT,,wc,True,False,False,True,20212022,,,,,,,0,0.5
Sat.,2021-12-04,2:00 ET,Franklin Pierce,3,@,LIU,4,,,new,True,False,False,False,20212022,,,,,,,1,1.0
Sat.,2021-12-04,3:07 CT,Ohio State,6,@,Minnesota Duluth,2,,,wc,True,False,False,False,20212022,,,,,,,-4,0.0
Sat.,2021-12-04,2:00 CT,Minnesota State,3,@,St. Thomas,0,,,wc,True,False,False,False,20212022,,,,,,,-3,0.0
Sat.,2021-12-04,4:00 ET,Post,0,@,St. Michael's,1,,,nc,True,False,False,False,20212022,,,,,,,1,1.0
Sat.,2021-12-04,2:30 ET,Johnson & Wales,0,@,Sacred Heart,6,,,nc,True,False,False,False,20212022,,,,,,,6,1.0
Sat.,2021-12-04,2:00 ET,Cornell,2,@,Northeastern,4,,,nc,True,False,False,False,20212022,,,,,,,2,1.0
Sat.,2021-12-04,2:00 ET,Princeton,1,@,Providence,1,OT,,nc,True,False,False,True,20212022,,,,,,,0,0.5
Sat.,2021-12-04,2:07 CT,Bemidji State,2,@,St. Cloud State,1,OT,,wc,True,False,False,True,20212022,,,,,,,-1,0.0
Sat.,2021-12-04,2:00 ET,Vermont,6,@,New Hampshire,3,,,he,True,False,False,False,20212022,,,,,,,-3,0.0
Sat.,2021-12-04,3:00 ET,Merrimack,1,@,Boston University,4,,,he,True,False,False,False,20212022,,,,,,,3,1.0
Sat.,2021-12-04,1:00 ET,Connecticut,4,@,Holy Cross,1,,,he,True,False,False,False,20212022,,,,,,,-3,0.0
Sat.,2021-12-04,3:00 ET,Union,2,@,Dartmouth,1,,,ec,True,False,False,False,20212022,,,,,,,-1,0.0
Sat.,2021-12-04,3:00 ET,Clarkson,1,@,St. Lawrence,0,,,ec,True,False,False,False,20212022,,,,,,,-1,0.0
Sat.,2021-12-04,3:00 ET,RPI,3,@,Harvard,4,OT,,ec,True,False,False,True,20212022,,,,,,,1,1.0
Sat.,2021-12-04,3:00 ET,Mercyhurst,1,@,Syracuse,3,,,ch,True,False,False,False,20212022,,,,,,,2,1.0
Sat.,2021-12-04,2:20 CT,RIT,1,@,Lindenwood,3,,,ch,True,False,False,False,20212022,,,,,,,2,1.0
Sat.,2021-12-04,2:00 ET,Boston College,2,@,Maine,1,OT,,he,True,False,False,True,20212022,,,,,,,-1,0.0
Sun.,2021-12-05,2:00 ET,Cornell,1,@,Northeastern,3,,,nc,True,False,False,False,20212022,,,,,,,2,1.0
Tue.,2021-12-07,7:30 ET,Dartmouth,7,@,Franklin Pierce,0,,,nc,True,False,False,False,20212022,,,,,,,-7,0.0
Wed.,2021-12-08,7:00 ET,Boston University,2,@,Yale,3,,,nc,True,False,False,False,20212022,,,,,,,1,1.0
Thu.,2021-12-09,6:00 ET,Penn State,3,@,New Hampshire,0,,,nc,True,False,False,False,20212022,,,,,,,-3,0.0
Fri.,2021-12-10,6:00 ET,Brown,2,@,Holy Cross,4,,,nc,True,False,False,False,20212022,,,,,,,2,1.0
Fri.,2021-12-10,6:07 CT,St. Cloud State,0,@,Minnesota State,3,,,wc,True,False,False,False,20212022,,,,,,,3,1.0
Fri.,2021-12-10,3:07 CT,Wisconsin,5,@,Bemidji State,1,,,wc,True,False,False,False,20212022,,,,,,,-4,0.0
Fri.,2021-12-10,3:00 ET,Penn State,3,@,New Hampshire,0,,,nc,True,False,False,False,20212022,,,,,,,-3,0.0
Fri.,2021-12-10,7:07 CT,Minnesota Duluth,3,@,Minnesota,2,,,wc,True,False,False,False,20212022,,,,,,,-1,0.0
Fri.,2021-12-10,6:00 ET,Franklin Pierce,0,@,Union,4,,,nc,True,False,False,False,20212022,,,,,,,4,1.0
Fri.,2021-12-10,2:00 ET,Boston College,1,@,Vermont,3,,,he,True,False,False,False,20212022,,,,,,,2,1.0
Fri.,2021-12-10,7:00 ET,Post,1,@,Dartmouth,8,,,nc,True,False,False,False,20212022,,,,,,,7,1.0
Fri.,2021-12-10,6:00 ET,Princeton,4,@,Syracuse,4,OT,,nc,True,False,False,True,20212022,,,,,,,0,0.5
Fri.,2021-12-10,7:10 CT,St. Thomas,3,@,Lindenwood,4,OT,,nc,True,False,False,True,20212022,,,,,,,1,1.0
Sat.,2021-12-11,2:00 ET,Princeton,2,@,Syracuse,1,,,nc,True,False,False,False,20212022,,,,,,,-1,0.0
Sat.,2021-12-11,2:20 CT,St. Thomas,1,@,Lindenwood,4,,,nc,True,False,False,False,20212022,,,,,,,3,1.0
Sat.,2021-12-11,3:00 ET,Franklin Pierce,4,@,Union,2,,,nc,True,False,False,False,20212022,,,,,,,-2,0.0
Sat.,2021-12-11,4:00 ET,Post,2,@,Dartmouth,4,,,nc,True,False,False,False,20212022,,,,,,,2,1.0
Sat.,2021-12-11,3:00 ET,St. Michael's,0,@,Hamilton,7,,,nc,True,False,False,False,20212022,,,,,,,7,1.0
Sat.,2021-12-11,3:30 CT,Minnesota Duluth,1,@,Minnesota,2,,,wc,True,False,False,False,20212022,,,,,,,1,1.0
Sat.,2021-12-11,3:07 CT,St. Cloud State,1,@,Minnesota State,3,,,wc,True,False,False,False,20212022,,,,,,,2,1.0
Sat.,2021-12-11,2:07 CT,Wisconsin,5,@,Bemidji State,2,,,wc,True,False,False,False,20212022,,,,,,,-3,0.0
Fri.,2021-12-17,6:07 CT,Minnesota State,2,@,Bemidji State,3,,,wc,True,False,False,False,20212022,,,,,,,1,1.0
Sat.,2021-12-18,3:07 CT,Minnesota State,1,@,Bemidji State,1,OT,,wc,True,False,False,True,20212022,,,,,,,0,0.5
Fri.,2021-12-31,2:00 ET,Minnesota Duluth,5,@,Harvard,2,,,nc,True,False,False,False,20212022,,,,,,,-3,0.0
Fri.,2021-12-31,2:00 ET,RIT,3,@,LIU,4,,,nc,True,False,False,False,20212022,,,,,,,1,1.0
Fri.,2021-12-31,1:00 ET,Vermont,1,@,Providence,3,,,he,True,False,False,False,20212022,,,,,,,2,1.0
Sat.,2022-01-01,,St. Cloud State,4,vs,Penn State,3,OT,,nc,True,True,False,True,20212022,,,,,,,-1,0.0
Sat.,2022-01-01,,Syracuse,3,vs,Boston University,3,OT,,nc,True,True,False,True,20212022,,,,,,,0,0.5
Sat.,2022-01-01,2:00 ET,Minnesota Duluth,4,@,Harvard,3,,,nc,True,False,False,False,20212022,,,,,,,-1,0.0
Sat.,2022-01-01,2:00 ET,RIT,2,@,LIU,2,OT,,nc,True,False,False,True,20212022,,,,,,,0,0.5
Sat.,2022-01-01,2:00 CT,Quinnipiac,2,@,Wisconsin,5,,,nc,True,False,False,False,20212022,,,,,,,3,1.0
Sun.,2022-01-02,12:00 ET,Boston University,0,vs,Penn State,3,,,nc,True,True,False,False,20212022,,,,,,,3,1.0
Sun.,2022-01-02,3:00 ET,St. Cloud State,2,vs,Syracuse,5,,,nc,True,True,False,False,20212022,,,,,,,3,1.0
Sun.,2022-01-02,1:00 ET,Maine,0,@,Vermont,3,,,he,True,False,False,False,20212022,,,,,,,3,1.0
Sun.,2022-01-02,2:00 ET,New Hampshire,3,@,Dartmouth,4,OT,,nc,True,False,False,True,20212022,,,,,,,1,1.0
Sun.,2022-01-02,2:00 CT,Quinnipiac,1,@,Wisconsin,1,OT,,nc,True,False,False,True,20212022,,,,,,,0,0.5
Mon.,2022-01-03,3:00 ET,LIU,0,@,Princeton,1,,,nc,True,False,False,False,20212022,,,,,,,1,1.0
Fri.,2022-01-07,2:00 ET,Providence,0,@,New Hampshire,1,,,he,True,False,False,False,20212022,,,,,,,1,1.0
Fri.,2022-01-07,6:07 ET,Lindenwood,2,@,Ohio State,8,,,nc,True,False,False,False,20212022,,,,,,,6,1.0
Fri.,2022-01-07,6:05 ET,LIU,2,@,Mercyhurst,4,,,nc,True,False,False,False,20212022,,,,,,,2,1.0
Fri.,2022-01-07,6:00 ET,Connecticut,5,@,Vermont,1,,,he,True,False,False,False,20212022,,,,,,,-4,0.0
Fri.,2022-01-07,6:00 ET,RPI,1,@,Brown,2,,,ec,True,False,False,False,20212022,,,,,,,1,1.0
Fri.,2022-01-07,3:00 ET,Clarkson,3,@,Princeton,1,,,ec,True,False,False,False,20212022,,,,,,,-2,0.0
Fri.,2022-01-07,2:00 ET,Merrimack,0,@,Northeastern,8,,,he,True,False,False,False,20212022,,,,,,,8,1.0
Sat.,2022-01-08,3:00 ET,Dartmouth,0,@,Cornell,5,,,ec,True,False,False,False,20212022,,,,,,,5,1.0
Sat.,2022-01-08,3:00 ET,RPI,4,@,Brown,1,,,ec,True,False,False,False,20212022,,,,,,,-3,0.0
Sat.,2022-01-08,3:00 ET,Clarkson,3,@,Quinnipiac,2,,,ec,True,False,False,False,20212022,,,,,,,-1,0.0
Sat.,2022-01-08,6:00 ET,Connecticut,2,@,Vermont,6,,,he,True,False,False,False,20212022,,,,,,,4,1.0
Sat.,2022-01-08,2:00 ET,Providence,1,@,New Hampshire,3,,,he,True,False,False,False,20212022,,,,,,,2,1.0
Sat.,2022-01-08,2:00 ET,Northeastern,3,@,Merrimack,1,,,he,True,False,False,False,20212022,,,,,,,-2,0.0
Sat.,2022-01-08,2:05 ET,LIU,3,@,Mercyhurst,2,,,nc,True,False,False,False,20212022,,,,,,,-1,0.0
Sat.,2022-01-08,3:07 ET,Lindenwood,0,@,Ohio State,10,,,nc,True,False,False,False,20212022,,,,,,,10,1.0
Sat.,2022-01-08,2:07 CT,St. Thomas,0,@,Minnesota,8,,,wc,True,False,False,False,20212022,,,,,,,8,1.0
Sun.,2022-01-09,2:00 CT,Minnesota,8,@,St. Thomas,2,,,wc,True,False,False,False,20212022,,,,,,,-6,0.0
Sun.,2022-01-09,3:00 ET,Dartmouth,2,@,Colgate,4,,,ec,True,False,False,False,20212022,,,,,,,2,1.0
Mon.,2022-01-10,2:00 ET,Holy Cross,1,@,Maine,2,,,he,True,False,False,False,20212022,,,,,,,1,1.0
Tue.,2022-01-11,2:00 ET,Holy Cross,1,@,Maine,4,,,he,True,False,False,False,20212022,,,,,,,3,1.0
Tue.,2022-01-11,6:00 ET,Cornell,6,@,Penn State,1,,,nc,True,False,False,False,20212022,,,,,,,-5,0.0
Fri.,2022-01-14,2:00 ET,Penn State,5,@,RIT,0,,,ch,True,False,False,False,20212022,,,,,,,-5,0.0
Fri.,2022-01-14,6:05 ET,Lindenwood,1,@,Mercyhurst,3,,,ch,True,False,False,False,20212022,,,,,,,2,1.0
Fri.,2022-01-14,6:00 ET,Brown,1,@,Harvard,5,,,ec,True,False,False,False,20212022,,,,,,,4,1.0
Fri.,2022-01-14,6:00 ET,Yale,4,@,Dartmouth,2,,,ec,True,False,False,False,20212022,,,,,,,-2,0.0
Fri.,2022-01-14,6:00 ET,Boston College,0,@,Connecticut,3,,,he,True,False,False,False,20212022,,,,,,,3,1.0
Fri.,2022-01-14,7:00 ET,LIU,1,@,Saint Anselm,1,OT,,new,True,False,False,True,20212022,,,,,,,0,0.5
Fri.,2022-01-14,6:07 CT,Minnesota,7,@,Minnesota State,2,,,wc,True,False,False,False,20212022,,,,,,,-5,0.0
Fri.,2022-01-14,3:07 CT,Bemidji State,2,@,Minnesota Duluth,8,,,wc,True,False,False,False,20212022,,,,,,,6,1.0
Sat.,2022-01-15,3:00 ET,LIU,2,@,Saint Anselm,5,,,new,True,False,False,False,20212022,,,,,,,3,1.0
Sat.,2022-01-15,2:00 ET,Connecticut,4,@,Boston College,3,OT,,he,True,False,False,True,20212022,,,,,,,-1,0.0
Sat.,2022-01-15,3:07 CT,Bemidji State,0,@,Minnesota Duluth,3,,,wc,True,False,False,False,20212022,,,,,,,3,1.0
Sat.,2022-01-15,4:07 CT,Minnesota State,5,@,Minnesota,4,OT,,wc,True,False,False,True,20212022,,,,,,,-1,0.0
Sat.,2022-01-15,3:00 ET,Northeastern,3,@,Boston University,1,,,he,True,False,False,False,20212022,,,,,,,-2,0.0
Sat.,2022-01-15,2:05 ET,Lindenwood,2,@,Mercyhurst,4,,,ch,True,False,False,False,20212022,,,,,,,2,1.0
Sat.,2022-01-15,1:00 ET,Penn State,2,@,RIT,2,OT,,ch,True,False,False,True,20212022,,,,,,,0,0.5
Sat.,2022-01-15,3:00 ET,Yale,1,@,Harvard,3,,,ec,True,False,False,False,20212022,,,,,,,2,1.0
Sun.,2022-01-16,2:00 ET,Princeton,5,@,Union,0,,,ec,True,False,False,False,20212022,,,,,,,-5,0.0
Sun.,2022-01-16,3:00 ET,St. Lawrence,1,@,Colgate,2,OT,,ec,True,False,False,True,20212022,,,,,,,1,1.0
Mon.,2022-01-17,6:00 ET,Quinnipiac,5,@,Union,0,,,ec,True,False,False,False,20212022,,,,,,,-5,0.0
Mon.,2022-01-17,1:00 ET,Vermont,3,@,Holy Cross,1,,,he,True,False,False,False,20212022,,,,,,,-2,0.0
Tue.,2022-01-18,4:00 ET,Sacred Heart,0,@,Yale,6,,,nc,True,False,False,False,20212022,,,,,,,6,1.0
Tue.,2022-01-18,1:00 ET,Vermont,9,@,Holy Cross,0,,,he,True,False,False,False,20212022,,,,,,,-9,0.0
Tue.,2022-01-18,7:00 ET,Northeastern,5,@,Boston College,0,,,he,True,False,False,False,20212022,,,,,,,-5,0.0
Tue.,2022-01-18,6:00 ET,Dartmouth,0,@,Harvard,8,,,ec,True,False,False,False,20212022,,,,,,,8,1.0
Tue.,2022-01-18,7:00 ET,St. Lawrence,4,@,Princeton,1,,,ec,True,False,False,False,20212022,,,,,,,-3,0.0
Fri.,2022-01-21,7:00 CT,Minnesota State,4,@,St. Thomas,1,,,wc,True,False,False,False,20212022,,,,,,,-3,0.0
Fri.,2022-01-21,6:07 CT,Wisconsin,1,@,Minnesota,2,,,wc,True,False,False,False,20212022,,,,,,,1,1.0
Fri.,2022-01-21,6:07 ET,Minnesota Duluth,1,@,Ohio State,0,,,wc,True,False,False,False,20212022,,,,,,,-1,0.0
Fri.,2022-01-21,3:07 CT,St. Cloud State,2,@,Bemidji State,1,,,wc,True,False,False,False,20212022,,,,,,,-1,0.0
Fri.,2022-01-21,8:00 ET,Post,3,@,Anna Maria,1,,,nc,True,False,False,False,20212022,,,,,,,-2,0.0
Fri.,2022-01-21,7:30 ET,Sacred Heart,0,@,Franklin Pierce,3,,,new,True,False,False,False,20212022,,,,,,,3,1.0
Fri.,2022-01-21,6:10 ET,Saint Anselm,6,@,St. Michael's,1,,,new,True,False,False,False,20212022,,,,,,,-5,0.0
Fri.,2022-01-21,4:00 ET,Boston University,3,@,Northeastern,6,,,he,True,False,False,False,20212022,,,,,,,3,1.0
Fri.,2022-01-21,6:00 ET,Cornell,2,@,Brown,1,,,ec,True,False,False,False,20212022,,,,,,,-1,0.0
Fri.,2022-01-21,2:00 ET,Holy Cross,1,@,Boston College,4,,,he,True,False,False,False,20212022,,,,,,,3,1.0
Fri.,2022-01-21,6:00 ET,Providence,1,@,Vermont,3,,,he,True,False,False,False,20212022,,,,,,,2,1.0
Fri.,2022-01-21,6:00 ET,Union,1,@,St. Lawrence,5,,,ec,True,False,False,False,20212022,,,,,,,4,1.0
Fri.,2022-01-21,6:00 ET,RPI,2,@,Clarkson,1,OT,,ec,True,False,False,True,20212022,,,,,,,-1,0.0
Fri.,2022-01-21,6:00 ET,Colgate,0,@,Yale,3,,,ec,True,False,False,False,20212022,,,,,,,3,1.0
Fri.,2022-01-21,6:00 ET,Harvard,1,@,Princeton,0,,,ec,True,False,False,False,20212022,,,,,,,-1,0.0
Fri.,2022-01-21,7:00 ET,RIT,0,@,Syracuse,3,,,ch,True,False,False,False,20212022,,,,,,,3,1.0
Fri.,2022-01-21,6:00 ET,Merrimack,2,@,Maine,4,,,he,True,False,False,False,20212022,,,,,,,2,1.0
Sat.,2022-01-22,7:00 ET,Sacred Heart,0,@,Franklin Pierce,2,,,new,True,False,False,False,20212022,,,,,,,2,1.0
Sat.,2022-01-22,3:07 ET,Minnesota Duluth,1,@,Ohio State,3,,,wc,True,False,False,False,20212022,,,,,,,2,1.0
Sat.,2022-01-22,4:07 CT,Wisconsin,3,@,Minnesota,4,,,wc,True,False,False,False,20212022,,,,,,,1,1.0
Sat.,2022-01-22,2:07 CT,St. Cloud State,1,@,Bemidji State,2,,,wc,True,False,False,False,20212022,,,,,,,1,1.0
Sat.,2022-01-22,8:00 ET,Anna Maria,0,@,Post,3,,,nc,True,False,False,False,20212022,,,,,,,3,1.0
Sat.,2022-01-22,4:00 ET,Saint Anselm,1,@,St. Michael's,1,OT,,new,True,False,False,True,20212022,,,,,,,0,0.5
Sat.,2022-01-22,2:00 ET,Boston College,3,@,Holy Cross,1,,,he,True,False,False,False,20212022,,,,,,,-2,0.0
Sat.,2022-01-22,3:00 ET,Syracuse,5,@,RIT,2,,,ch,True,False,False,False,20212022,,,,,,,-3,0.0
Sat.,2022-01-22,2:00 ET,Merrimack,1,@,Maine,3,,,he,True,False,False,False,20212022,,,,,,,2,1.0
Sat.,2022-01-22,3:00 ET,Union,0,@,Clarkson,4,,,ec,True,False,False,False,20212022,,,,,,,4,1.0
Sat.,2022-01-22,3:00 ET,RPI,0,@,St. Lawrence,4,,,ec,True,False,False,False,20212022,,,,,,,4,1.0
Sat.,2022-01-22,3:00 ET,Colgate,2,@,Brown,1,,,ec,True,False,False,False,20212022,,,,,,,-1,0.0
Sat.,2022-01-22,3:00 ET,Cornell,1,@,Yale,4,,,ec,True,False,False,False,20212022,,,,,,,3,1.0
Sat.,2022-01-22,3:00 ET,Harvard,3,@,Quinnipiac,2,,,ec,True,False,False,False,20212022,,,,,,,-1,0.0
Sat.,2022-01-22,3:00 ET,Providence,1,@,Vermont,4,,,he,True,False,False,False,20212022,,,,,,,3,1.0
Sun.,2022-01-23,4:00 ET,Dartmouth,1,@,Quinnipiac,3,,,ec,True,False,False,False,20212022,,,,,,,2,1.0
Sun.,2022-01-23,1:07 CT,St. Thomas,1,@,Minnesota State,3,,,wc,True,False,False,False,20212022,,,,,,,2,1.0
Mon.,2022-01-24,7:00 ET,New Hampshire,1,@,Connecticut,3,,,he,True,False,False,False,20212022,,,,,,,2,1.0
Tue.,2022-01-25,5:00 ET,New Hampshire,0,@,Connecticut,2,,,he,True,False,False,False,20212022,,,,,,,2,1.0
Tue.,2022-01-25,6:00 ET,Providence,2,@,Boston College,4,,,he,True,False,False,False,20212022,,,,,,,2,1.0
Tue.,2022-01-25,7:00 ET,RPI,0,@,Yale,3,,,ec,True,False,False,False,20212022,,,,,,,3,1.0
Tue.,2022-01-25,6:00 ET,Clarkson,0,@,Cornell,4,,,ec,True,False,False,False,20212022,,,,,,,4,1.0
Tue.,2022-01-25,6:00 ET,Union,1,@,Brown,2,,,ec,True,False,False,False,20212022,,,,,,,1,1.0
Fri.,2022-01-28,2:00 ET,Vermont,2,@,Northeastern,1,,,he,True,False,False,False,20212022,,,,,,,-1,0.0
Fri.,2022-01-28,6:07 CT,St. Thomas,3,@,Bemidji State,4,,,wc,True,False,False,False,20212022,,,,,,,1,1.0
Fri.,2022-01-28,6:07 CT,Wisconsin,1,@,St. Cloud State,1,OT,,wc,True,False,False,True,20212022,,,,,,,0,0.5
Fri.,2022-01-28,3:07 CT,Minnesota State,2,@,Minnesota Duluth,4,,,wc,True,False,False,False,20212022,,,,,,,2,1.0
Fri.,2022-01-28,6:07 ET,Minnesota,1,@,Ohio State,2,OT,,wc,True,False,False,True,20212022,,,,,,,1,1.0
Fri.,2022-01-28,7:30 ET,Saint Anselm,2,@,Franklin Pierce,3,OT,,new,True,False,False,True,20212022,,,,,,,1,1.0
Fri.,2022-01-28,6:00 ET,Boston University,4,@,Holy Cross,3,,,he,True,False,False,False,20212022,,,,,,,-1,0.0
Fri.,2022-01-28,6:00 ET,Boston College,3,@,Connecticut,1,,,he,True,False,False,False,20212022,,,,,,,-2,0.0
Fri.,2022-01-28,12:00 ET,Sacred Heart,4,@,Post,1,,,new,True,False,False,False,20212022,,,,,,,-3,0.0
Fri.,2022-01-28,6:00 ET,Maine,2,@,Providence,1,,,he,True,False,False,False,20212022,,,,,,,-1,0.0
Fri.,2022-01-28,6:00 ET,Clarkson,2,@,Harvard,6,,,ec,True,False,False,False,20212022,,,,,,,4,1.0
Fri.,2022-01-28,6:00 ET,Colgate,4,@,Quinnipiac,3,OT,,ec,True,False,False,True,20212022,,,,,,,-1,0.0
Fri.,2022-01-28,6:00 ET,Cornell,2,@,Princeton,2,OT,,ec,True,False,False,True,20212022,,,,,,,0,0.5
Fri.,2022-01-28,6:00 ET,New Hampshire,2,@,Merrimack,1,,,he,True,False,False,False,20212022,,,,,,,-1,0.0
Fri.,2022-01-28,6:00 ET,St. Lawrence,6,@,Dartmouth,2,,,ec,True,False,False,False,20212022,,,,,,,-4,0.0
Fri.,2022-01-28,6:00 ET,Yale,1,@,Brown,4,,,ec,True,False,False,False,20212022,,,,,,,3,1.0
Fri.,2022-01-28,7:00 ET,Lindenwood,1,@,Syracuse,6,,,ch,True,False,False,False,20212022,,,,,,,5,1.0
Fri.,2022-01-28,2:00 ET,Mercyhurst,1,@,Penn State,2,OT,,ch,True,False,False,True,20212022,,,,,,,1,1.0
Sat.,2022-01-29,3:07 ET,Minnesota,5,@,Ohio State,3,,,wc,True,False,False,False,20212022,,,,,,,-2,0.0
Sat.,2022-01-29,3:07 CT,St. Thomas,0,@,Bemidji State,4,,,wc,True,False,False,False,20212022,,,,,,,4,1.0
Sat.,2022-01-29,3:07 CT,Wisconsin,4,@,St. Cloud State,0,,,wc,True,False,False,False,20212022,,,,,,,-4,0.0
Sat.,2022-01-29,3:07 CT,Minnesota State,3,@,Minnesota Duluth,5,,,wc,True,False,False,False,20212022,,,,,,,2,1.0
Sat.,2022-01-29,11:00am ET,Union,0,vs,RPI,2,,,nc,True,True,False,False,20212022,,,,,,,2,1.0
Sat.,2022-01-29,3:00 ET,Colgate,3,@,Princeton,1,,,ec,True,False,False,False,20212022,,,,,,,-2,0.0
Sat.,2022-01-29,3:00 ET,Clarkson,4,@,Dartmouth,2,,,ec,True,False,False,False,20212022,,,,,,,-2,0.0
Sat.,2022-01-29,3:00 ET,Lindenwood,3,@,Syracuse,4,,,ch,True,False,False,False,20212022,,,,,,,1,1.0
Sat.,2022-01-29,2:00 ET,Mercyhurst,1,@,Penn State,3,,,ch,True,False,False,False,20212022,,,,,,,2,1.0
Sun.,2022-01-30,3:00 ET,Brown,1,@,Yale,5,,,ec,True,False,False,False,20212022,,,,,,,4,1.0
Sun.,2022-01-30,12:00 ET,Cornell,0,@,Quinnipiac,3,,,ec,True,False,False,False,20212022,,,,,,,3,1.0
Sun.,2022-01-30,2:00 ET,Connecticut,2,@,Holy Cross,1,,,he,True,False,False,False,20212022,,,,,,,-1,0.0
Sun.,2022-01-30,2:00 ET,New Hampshire,2,@,Vermont,4,,,he,True,False,False,False,20212022,,,,,,,2,1.0
Sun.,2022-01-30,1:00 ET,Maine,4,@,Providence,1,,,he,True,False,False,False,20212022,,,,,,,-3,0.0
Mon.,2022-01-31,12:00 ET,Post,2,@,Sacred Heart,3,,,new,True,False,False,False,20212022,,,,,,,1,1.0
Mon.,2022-01-31,7:15 CT,Wisconsin,3,@,St. Thomas,1,,,wc,True,False,False,False,20212022,,,,,,,-2,0.0
Tue.,2022-02-01,3:00 ET,Minnesota Duluth,5,@,St. Cloud State,1,,,wc,True,False,False,False,20212022,,,,,,,-4,0.0
Tue.,2022-02-01,7:00 ET,Providence,4,@,Holy Cross,1,,,he,True,False,False,False,20212022,,,,,,,-3,0.0
Tue.,2022-02-01,7:00 ET,St. Lawrence,0,@,Cornell,4,,,ec,True,False,False,False,20212022,,,,,,,4,1.0
Tue.,2022-02-01,4:00 ET,Princeton,3,@,RPI,2,OT,,ec,True,False,False,True,20212022,,,,,,,-1,0.0
Tue.,2022-02-01,6:00 ET,Clarkson,3,@,Colgate,1,,,ec,True,False,False,False,20212022,,,,,,,-2,0.0
Tue.,2022-02-01,8:00 ET,Boston College,3,@,Northeastern,1,,,nc,True,False,False,False,20212022,,,,,,,-2,0.0
Tue.,2022-02-01,5:00 ET,Harvard,4,vs,Boston University,1,,,nc,True,True,False,False,20212022,,,,,,,-3,0.0
Fri.,2022-02-04,6:07 CT,Bemidji State,0,@,Minnesota,7,,,wc,True,False,False,False,20212022,,,,,,,7,1.0
Fri.,2022-02-04,7:00 CT,Minnesota Duluth,3,@,Wisconsin,0,,,wc,True,False,False,False,20212022,,,,,,,-3,0.0
Fri.,2022-02-04,6:07 CT,Ohio State,5,@,Minnesota State,0,,,wc,True,False,False,False,20212022,,,,,,,-5,0.0
Fri.,2022-02-04,4:00 ET,LIU,1,@,Sacred Heart,0,,,new,True,False,False,False,20212022,,,,,,,-1,0.0
Fri.,2022-02-04,8:00 ET,Saint Anselm,5,@,Post,2,,,new,True,False,False,False,20212022,,,,,,,-3,0.0
Fri.,2022-02-04,7:00 ET,Franklin Pierce,9,@,St. Michael's,3,,,new,True,False,False,False,20212022,,,,,,,-6,0.0
Fri.,2022-02-04,6:00 ET,Vermont,2,@,Maine,1,,,he,True,False,False,False,20212022,,,,,,,-1,0.0
Fri.,2022-02-04,4:00 ET,Northeastern,5,@,Merrimack,0,,,he,True,False,False,False,20212022,,,,,,,-5,0.0
Fri.,2022-02-04,7:00 ET,Connecticut,1,@,Boston University,1,OT,,he,True,False,False,True,20212022,,,,,,,0,0.5
Fri.,2022-02-04,6:00 ET,Yale,3,@,RPI,0,,,ec,True,False,False,False,20212022,,,,,,,-3,0.0
Fri.,2022-02-04,6:00 ET,Brown,6,@,Union,1,,,ec,True,False,False,False,20212022,,,,,,,-5,0.0
Fri.,2022-02-04,6:00 ET,Princeton,0,@,St. Lawrence,3,,,ec,True,False,False,False,20212022,,,,,,,3,1.0
Fri.,2022-02-04,2:00 ET,Harvard,2,@,Colgate,6,,,ec,True,False,False,False,20212022,,,,,,,4,1.0
Fri.,2022-02-04,6:00 ET,Quinnipiac,2,@,Clarkson,1,OT,,ec,True,False,False,True,20212022,,,,,,,-1,0.0
Fri.,2022-02-04,6:05 ET,RIT,1,@,Mercyhurst,5,,,ch,True,False,False,False,20212022,,,,,,,4,1.0
Fri.,2022-02-04,6:00 ET,Syracuse,1,@,Penn State,1,OT,,ch,True,False,False,True,20212022,,,,,,,0,0.5
Fri.,2022-02-04,2:00 ET,Boston College,5,@,New Hampshire,3,,,he,True,False,False,False,20212022,,,,,,,-2,0.0
Sat.,2022-02-05,2:00 ET,Connecticut,5,@,New Hampshire,0,,,he,True,False,False,False,20212022,,,,,,,-5,0.0
Sat.,2022-02-05,4:07 CT,Bemidji State,2,@,Minnesota,5,,,wc,True,False,False,False,20212022,,,,,,,3,1.0
Sat.,2022-02-05,3:07 CT,Ohio State,7,@,Minnesota State,1,,,wc,True,False,False,False,20212022,,,,,,,-6,0.0
Sat.,2022-02-05,2:07 CT,St. Thomas,3,@,St. Cloud State,2,,,wc,True,False,False,False,20212022,,,,,,,-1,0.0
Sat.,2022-02-05,8:00 CT,Minnesota Duluth,1,@,Wisconsin,5,,,wc,True,False,False,False,20212022,,,,,,,4,1.0
Sat.,2022-02-05,2:00 ET,Sacred Heart,2,@,LIU,2,OT,,new,True,False,False,True,20212022,,,,,,,0,0.5
Sat.,2022-02-05,4:00 ET,Franklin Pierce,6,@,St. Michael's,0,,,new,True,False,False,False,20212022,,,,,,,-6,0.0
Sat.,2022-02-05,2:00 ET,Vermont,3,@,Maine,1,,,he,True,False,False,False,20212022,,,,,,,-2,0.0
Sat.,2022-02-05,3:30 ET,Saint Anselm,3,@,Post,0,,,new,True,False,False,False,20212022,,,,,,,-3,0.0
Sat.,2022-02-05,3:00 ET,Boston University,0,@,Boston College,3,,,he,True,False,False,False,20212022,,,,,,,3,1.0
Sat.,2022-02-05,3:00 ET,Yale,7,@,Union,0,,,ec,True,False,False,False,20212022,,,,,,,-7,0.0
Sat.,2022-02-05,2:00 ET,Holy Cross,2,@,Providence,3,OT,,he,True,False,False,True,20212022,,,,,,,1,1.0
Sat.,2022-02-05,3:00 ET,Quinnipiac,1,@,St. Lawrence,2,,,ec,True,False,False,False,20212022,,,,,,,1,1.0
Sat.,2022-02-05,3:00 ET,Princeton,1,@,Clarkson,7,,,ec,True,False,False,False,20212022,,,,,,,6,1.0
Sat.,2022-02-05,2:00 ET,Harvard,6,@,Cornell,3,,,ec,True,False,False,False,20212022,,,,,,,-3,0.0
Sat.,2022-02-05,2:00 ET,Syracuse,2,@,Penn State,1,OT,,ch,True,False,False,True,20212022,,,,,,,-1,0.0
Sat.,2022-02-05,6:05 ET,RIT,2,@,Mercyhurst,3,OT,,ch,True,False,False,True,20212022,,,,,,,1,1.0
Sun.,2022-02-06,2:00 ET,Quinnipiac,1,@,St. Lawrence,5,,,ec,True,False,False,False,20212022,,,,,,,4,1.0
Sun.,2022-02-06,3:00 ET,Brown,3,@,Dartmouth,3,OT,,ec,True,False,False,True,20212022,,,,,,,0,0.5
Sun.,2022-02-06,2:00 ET,Colgate,2,@,Cornell,3,,,ec,True,False,False,False,20212022,,,,,,,1,1.0
Sun.,2022-02-06,2:00 ET,Providence,3,@,Holy Cross,2,OT,,he,True,False,False,True,20212022,,,,,,,-1,0.0
Sun.,2022-02-06,2:00 CT,St. Cloud State,3,@,St. Thomas,2,,,wc,True,False,False,False,20212022,,,,,,,-1,0.0
Tue.,2022-02-08,4:00 ET,Ohio State,6,@,St. Cloud State,2,,,wc,True,False,False,False,20212022,,,,,,,-4,0.0
Tue.,2022-02-08,7:00 ET,Penn State,5,@,Cornell,0,,,nc,True,False,False,False,20212022,,,,,,,-5,0.0
Tue.,2022-02-08,7:00 ET,Merrimack,3,@,Providence,4,,,he,True,False,False,False,20212022,,,,,,,1,1.0
Tue.,2022-02-08,7:30 ET,Boston College,4,vs,Harvard,5,,,nc,True,True,False,False,20212022,,,,,,,1,1.0
Tue.,2022-02-08,4:00 ET,Boston University,0,@,Northeastern,3,,,nc,True,False,False,False,20212022,,,,,,,3,1.0
Tue.,2022-02-08,7:00 ET,Union,2,@,Yale,3,,,ec,True,False,False,False,20212022,,,,,,,1,1.0
Fri.,2022-02-11,6:00 ET,Holy Cross,1,@,New Hampshire,2,,,he,True,False,False,False,20212022,,,,,,,1,1.0
Fri.,2022-02-11,6:00 CT,Minnesota State,2,@,Wisconsin,5,,,wc,True,False,False,False,20212022,,,,,,,3,1.0
Fri.,2022-02-11,6:07 CT,St. Thomas,1,@,Minnesota Duluth,2,,,wc,True,False,False,False,20212022,,,,,,,1,1.0
Fri.,2022-02-11,6:07 CT,Minnesota,5,@,St. Cloud State,3,,,wc,True,False,False,False,20212022,,,,,,,-2,0.0
Fri.,2022-02-11,3:00 ET,Penn State,10,@,LIU,0,,,nc,True,False,False,False,20212022,,,,,,,-10,0.0
Fri.,2022-02-11,7:00 ET,Post,0,@,Franklin Pierce,6,,,new,True,False,False,False,20212022,,,,,,,6,1.0
Fri.,2022-02-11,4:00 ET,St. Michael's,0,@,Sacred Heart,3,,,new,True,False,False,False,20212022,,,,,,,3,1.0
Fri.,2022-02-11,6:07 CT,Ohio State,2,@,Bemidji State,3,,,wc,True,False,False,False,20212022,,,,,,,1,1.0
Fri.,2022-02-11,6:00 ET,Providence,2,@,Connecticut,1,,,he,True,False,False,False,20212022,,,,,,,-1,0.0
Fri.,2022-02-11,6:00 ET,Maine,1,@,Northeastern,8,,,he,True,False,False,False,20212022,,,,,,,7,1.0
Fri.,2022-02-11,2:00 ET,Merrimack,4,@,Boston College,6,,,he,True,False,False,False,20212022,,,,,,,2,1.0
Fri.,2022-02-11,6:00 ET,Union,0,@,Colgate,8,,,ec,True,False,False,False,20212022,,,,,,,8,1.0
Fri.,2022-02-11,6:00 ET,RPI,2,@,Cornell,4,,,ec,True,False,False,False,20212022,,,,,,,2,1.0
Fri.,2022-02-11,3:00 ET,Quinnipiac,7,@,Dartmouth,2,,,ec,True,False,False,False,20212022,,,,,,,-5,0.0
Fri.,2022-02-11,6:00 ET,St. Lawrence,1,@,Brown,1,OT,,ec,True,False,False,True,20212022,,,,,,,0,0.5
Fri.,2022-02-11,6:00 ET,Clarkson,1,@,Yale,3,,,ec,True,False,False,False,20212022,,,,,,,2,1.0
Fri.,2022-02-11,3:00 ET,Princeton,0,@,Harvard,2,,,ec,True,False,False,False,20212022,,,,,,,2,1.0
Fri.,2022-02-11,6:00 ET,Lindenwood,3,@,RIT,3,OT,,ch,True,False,False,True,20212022,,,,,,,0,0.5
Fri.,2022-02-11,3:05 ET,Syracuse,0,@,Mercyhurst,9,,,ch,True,False,False,False,20212022,,,,,,,9,1.0
Fri.,2022-02-11,2:00 ET,Boston University,4,@,Vermont,3,,,he,True,False,False,False,20212022,,,,,,,-1,0.0
Sat.,2022-02-12,4:00 ET,Boston College,3,@,Merrimack,2,,,he,True,False,False,False,20212022,,,,,,,-1,0.0
Sat.,2022-02-12,4:00 ET,Post,1,@,Franklin Pierce,4,,,new,True,False,False,False,20212022,,,,,,,3,1.0
Sat.,2022-02-12,2:30 ET,St. Michael's,0,@,Sacred Heart,5,,,new,True,False,False,False,20212022,,,,,,,5,1.0
Sat.,2022-02-12,3:07 CT,St. Thomas,1,@,Minnesota Duluth,8,,,wc,True,False,False,False,20212022,,,,,,,7,1.0
Sat.,2022-02-12,3:07 CT,Ohio State,8,@,Bemidji State,1,,,wc,True,False,False,False,20212022,,,,,,,-7,0.0
Sat.,2022-02-12,4:00 CT,Minnesota State,2,@,Wisconsin,7,,,wc,True,False,False,False,20212022,,,,,,,5,1.0
Sat.,2022-02-12,3:07 CT,St. Cloud State,1,@,Minnesota,5,,,wc,True,False,False,False,20212022,,,,,,,4,1.0
Sat.,2022-02-12,2:00 ET,Boston University,2,@,Vermont,5,,,he,True,False,False,False,20212022,,,,,,,3,1.0
Sat.,2022-02-12,2:00 ET,Penn State,2,@,LIU,0,,,nc,True,False,False,False,20212022,,,,,,,-2,0.0
Sat.,2022-02-12,6:00 ET,New Hampshire,5,@,Holy Cross,2,,,he,True,False,False,False,20212022,,,,,,,-3,0.0
Sat.,2022-02-12,3:00 ET,RPI,0,@,Colgate,3,,,ec,True,False,False,False,20212022,,,,,,,3,1.0
Sat.,2022-02-12,3:00 ET,Connecticut,2,@,Providence,0,,,he,True,False,False,False,20212022,,,,,,,-2,0.0
Sat.,2022-02-12,3:00 ET,Union,3,@,Cornell,5,,,ec,True,False,False,False,20212022,,,,,,,2,1.0
Sat.,2022-02-12,3:00 ET,Princeton,4,@,Dartmouth,0,,,ec,True,False,False,False,20212022,,,,,,,-4,0.0
Sat.,2022-02-12,3:00 ET,St. Lawrence,1,@,Yale,3,,,ec,True,False,False,False,20212022,,,,,,,2,1.0
Sat.,2022-02-12,3:00 ET,Quinnipiac,2,@,Harvard,1,,,ec,True,False,False,False,20212022,,,,,,,-1,0.0
Sat.,2022-02-12,3:00 ET,Clarkson,8,@,Brown,1,,,ec,True,False,False,False,20212022,,,,,,,-7,0.0
Sat.,2022-02-12,2:00 ET,Lindenwood,1,@,RIT,3,,,ch,True,False,False,False,20212022,,,,,,,2,1.0
Sat.,2022-02-12,2:05 ET,Syracuse,4,@,Mercyhurst,1,,,ch,True,False,False,False,20212022,,,,,,,-3,0.0
Sat.,2022-02-12,2:30 ET,Maine,0,@,Northeastern,2,,,he,True,False,False,False,20212022,,,,,,,2,1.0
Sun.,2022-02-13,1:00 ET,Princeton,4,@,Dartmouth,1,,,ec,True,False,False,False,20212022,,,,,,,-3,0.0
Mon.,2022-02-14,3:00 ET,St. Lawrence,3,@,Harvard,3,OT,,ec,True,False,False,True,20212022,,,,,,,0,0.5
Tue.,2022-02-15,3:00 ET,Franklin Pierce,3,@,Saint Anselm,1,,,new,True,False,False,False,20212022,,,,,,,-2,0.0
Tue.,2022-02-15,3:00 ET,Minnesota Duluth,1,@,St. Cloud State,1,OT,,wc,True,False,False,True,20212022,,,,,,,0,0.5
Tue.,2022-02-15,7:00 ET,Providence,3,@,Merrimack,0,,,he,True,False,False,False,20212022,,,,,,,-3,0.0
Tue.,2022-02-15,4:00 ET,Quinnipiac,4,@,RPI,0,,,ec,True,False,False,False,20212022,,,,,,,-4,0.0
Tue.,2022-02-15,6:00 ET,Maine,2,@,Boston University,3,OT,,he,True,False,False,True,20212022,,,,,,,1,1.0
Tue.,2022-02-15,6:00 ET,Cornell,2,@,Colgate,3,,,ec,True,False,False,False,20212022,,,,,,,1,1.0
Tue.,2022-02-15,6:00 ET,Northeastern,2,@,New Hampshire,1,,,he,True,False,False,False,20212022,,,,,,,-1,0.0
Thu.,2022-02-17,7:00 CT,Minnesota,7,@,St. Thomas,1,,,wc,True,False,False,False,20212022,,,,,,,-6,0.0
Fri.,2022-02-18,6:07 ET,Wisconsin,1,@,Ohio State,5,,,wc,True,False,False,False,20212022,,,,,,,4,1.0
Fri.,2022-02-18,3:07 CT,St. Cloud State,0,@,Minnesota Duluth,3,,,wc,True,False,False,False,20212022,,,,,,,3,1.0
Fri.,2022-02-18,3:07 CT,Bemidji State,0,@,Minnesota State,2,,,wc,True,False,False,False,20212022,,,,,,,2,1.0
Fri.,2022-02-18,4:00 ET,Sacred Heart,0,@,Saint Anselm,3,,,new,True,False,False,False,20212022,,,,,,,3,1.0
Fri.,2022-02-18,7:00 ET,Post,1,@,St. Michael's,5,,,new,True,False,False,False,20212022,,,,,,,4,1.0
Fri.,2022-02-18,7:30 ET,LIU,1,@,Franklin Pierce,2,,,new,True,False,False,False,20212022,,,,,,,1,1.0
Fri.,2022-02-18,2:00 ET,New Hampshire,1,@,Maine,4,,,he,True,False,False,False,20212022,,,,,,,3,1.0
Fri.,2022-02-18,6:00 ET,Vermont,3,@,Boston College,3,OT,,he,True,False,False,True,20212022,,,,,,,0,0.5
Fri.,2022-02-18,6:00 ET,Boston University,1,@,Providence,1,OT,,he,True,False,False,True,20212022,,,,,,,0,0.5
Fri.,2022-02-18,6:00 ET,Northeastern,4,@,Connecticut,4,OT,,he,True,False,False,True,20212022,,,,,,,0,0.5
Fri.,2022-02-18,6:00 ET,Dartmouth,0,@,Union,3,,,ec,True,False,False,False,20212022,,,,,,,3,1.0
Fri.,2022-02-18,6:00 ET,Cornell,3,@,St. Lawrence,2,OT,,ec,True,False,False,True,20212022,,,,,,,-1,0.0
Fri.,2022-02-18,6:00 ET,Harvard,4,@,RPI,1,,,ec,True,False,False,False,20212022,,,,,,,-3,0.0
Fri.,2022-02-18,6:00 ET,Brown,2,@,Princeton,2,OT,,ec,True,False,False,True,20212022,,,,,,,0,0.5
Fri.,2022-02-18,6:00 ET,Colgate,2,@,Clarkson,1,,,ec,True,False,False,False,20212022,,,,,,,-1,0.0
Fri.,2022-02-18,6:00 ET,Yale,1,@,Quinnipiac,4,,,ec,True,False,False,False,20212022,,,,,,,3,1.0
Fri.,2022-02-18,2:00 ET,RIT,2,@,Penn State,2,OT,,ch,True,False,False,True,20212022,,,,,,,0,0.5
Fri.,2022-02-18,6:00 CT,Mercyhurst,6,@,Lindenwood,2,,,ch,True,False,False,False,20212022,,,,,,,-4,0.0
Fri.,2022-02-18,2:00 ET,Holy Cross,1,@,Merrimack,3,,,he,True,False,False,False,20212022,,,,,,,2,1.0
Sat.,2022-02-19,2:00 ET,New Hampshire,0,@,Maine,5,,,he,True,False,False,False,20212022,,,,,,,5,1.0
Sat.,2022-02-19,4:00 ET,LIU,1,@,Franklin Pierce,4,,,new,True,False,False,False,20212022,,,,,,,3,1.0
Sat.,2022-02-19,4:00 ET,Post,6,@,St. Michael's,0,,,new,True,False,False,False,20212022,,,,,,,-6,0.0
Sat.,2022-02-19,1:00 ET,Sacred Heart,2,@,Saint Anselm,3,OT,,new,True,False,False,True,20212022,,,,,,,1,1.0
Sat.,2022-02-19,4:07 CT,St. Thomas,1,@,Minnesota,7,,,wc,True,False,False,False,20212022,,,,,,,6,1.0
Sat.,2022-02-19,2:07 CT,Bemidji State,0,@,Minnesota State,5,,,wc,True,False,False,False,20212022,,,,,,,5,1.0
Sat.,2022-02-19,3:07 ET,Wisconsin,1,@,Ohio State,2,,,wc,True,False,False,False,20212022,,,,,,,1,1.0
Sat.,2022-02-19,3:00 ET,Connecticut,0,@,Northeastern,5,,,he,True,False,False,False,20212022,,,,,,,5,1.0
Sat.,2022-02-19,3:07 CT,St. Cloud State,3,@,Minnesota Duluth,4,,,wc,True,False,False,False,20212022,,,,,,,1,1.0
Sat.,2022-02-19,3:00 ET,Providence,2,@,Boston University,1,OT,,he,True,False,False,True,20212022,,,,,,,-1,0.0
Sat.,2022-02-19,3:00 ET,Cornell,3,@,Clarkson,1,,,ec,True,False,False,False,20212022,,,,,,,-2,0.0
Sat.,2022-02-19,1:00 ET,Merrimack,3,@,Holy Cross,2,OT,,he,True,False,False,True,20212022,,,,,,,-1,0.0
Sat.,2022-02-19,3:00 ET,Colgate,9,@,St. Lawrence,1,,,ec,True,False,False,False,20212022,,,,,,,-8,0.0
Sat.,2022-02-19,3:00 ET,Harvard,3,@,Union,0,,,ec,True,False,False,False,20212022,,,,,,,-3,0.0
Sat.,2022-02-19,3:00 ET,Dartmouth,3,@,RPI,1,,,ec,True,False,False,False,20212022,,,,,,,-2,0.0
Sat.,2022-02-19,3:00 ET,Yale,3,@,Princeton,0,,,ec,True,False,False,False,20212022,,,,,,,-3,0.0
Sat.,2022-02-19,2:00 ET,Vermont,4,@,Boston College,2,,,he,True,False,False,False,20212022,,,,,,,-2,0.0
Sat.,2022-02-19,3:00 ET,Brown,1,@,Quinnipiac,0,,,ec,True,False,False,False,20212022,,,,,,,-1,0.0
Sat.,2022-02-19,1:00 ET,RIT,0,@,Penn State,2,,,ch,True,False,False,False,20212022,,,,,,,2,1.0
Sat.,2022-02-19,12:10 CT,Mercyhurst,3,@,Lindenwood,4,,,ch,True,False,False,False,20212022,,,,,,,1,1.0
Mon.,2022-02-21,7:00 ET,LIU,6,@,St. Michael's,0,,,new,True,False,False,False,20212022,,,,,,,-6,0.0
Tue.,2022-02-22,11:00am ET,LIU,5,@,St. Michael's,1,,,new,True,False,False,False,20212022,,,,,,,-4,0.0
Wed.,2022-02-23,7:00 ET,Holy Cross,1,@,Providence,3,,,nc,True,False,False,False,20212022,,,,,,,2,1.0
Wed.,2022-02-23,7:00 ET,Merrimack,4,@,New Hampshire,1,,,nc,True,False,False,False,20212022,,,,,,,-3,0.0
Thu.,2022-02-24,4:00 ET,RIT,6,vs,Lindenwood,4,,,nc,True,True,False,False,20212022,,,,,,,-2,0.0
Fri.,2022-02-25,2:00 CT,Minnesota State,4,@,Minnesota Duluth,5,,,nc,True,False,False,False,20212022,,,,,,,1,1.0
Fri.,2022-02-25,6:00 CT,St. Thomas,0,@,Minnesota,4,,,nc,True,False,False,False,20212022,,,,,,,4,1.0
Fri.,2022-02-25,7:00 CT,Bemidji State,1,@,Wisconsin,2,,,nc,True,False,False,False,20212022,,,,,,,1,1.0
Fri.,2022-02-25,7:00 ET,St. Michael's,1,@,Saint Anselm,3,,,new,True,False,False,False,20212022,,,,,,,2,1.0
Fri.,2022-02-25,3:00 ET,Post,0,@,LIU,8,,,new,True,False,False,False,20212022,,,,,,,8,1.0
Fri.,2022-02-25,4:00 ET,Franklin Pierce,3,@,Sacred Heart,5,,,new,True,False,False,False,20212022,,,,,,,2,1.0
Fri.,2022-02-25,6:00 ET,St. Cloud State,0,@,Ohio State,6,,,nc,True,False,False,False,20212022,,,,,,,6,1.0
Fri.,2022-02-25,3:00 ET,Clarkson,1,@,Quinnipiac,5,,,nc,True,False,False,False,20212022,,,,,,,4,1.0
Fri.,2022-02-25,12:00 ET,RIT,2,@,Syracuse,3,OT,,nc,True,False,False,True,20212022,,,,,,,1,1.0
Fri.,2022-02-25,4:00 ET,Mercyhurst,4,vs,Penn State,2,,,nc,True,True,False,False,20212022,,,,,,,-2,0.0
Fri.,2022-02-25,7:00 ET,Maine,2,@,Boston College,1,,,nc,True,False,False,False,20212022,,,,,,,-1,0.0
Fri.,2022-02-25,6:00 ET,Cornell,0,@,Colgate,1,OT,,nc,True,False,False,True,20212022,,,,,,,1,1.0
Fri.,2022-02-25,6:00 ET,St. Lawrence,4,@,Yale,2,,,nc,True,False,False,False,20212022,,,,,,,-2,0.0
Fri.,2022-02-25,6:00 ET,Princeton,4,@,Harvard,2,,,nc,True,False,False,False,20212022,,,,,,,-2,0.0
Sat.,2022-02-26,3:00 CT,Bemidji State,0,@,Wisconsin,5,,,nc,True,False,False,False,20212022,,,,,,,5,1.0
Sat.,2022-02-26,3:00 ET,St. Cloud State,0,@,Ohio State,3,,,nc,True,False,False,False,20212022,,,,,,,3,1.0
Sat.,2022-02-26,4:00 CT,St. Thomas,1,@,Minnesota,5,,,nc,True,False,False,False,20212022,,,,,,,4,1.0
Sat.,2022-02-26,2:00 CT,Minnesota State,3,@,Minnesota Duluth,1,,,nc,True,False,False,False,20212022,,,,,,,-2,0.0
Sat.,2022-02-26,3:00 ET,St. Michael's,2,@,Saint Anselm,4,,,new,True,False,False,False,20212022,,,,,,,2,1.0
Sat.,2022-02-26,3:00 ET,Boston University,1,@,Connecticut,3,,,nc,True,False,False,False,20212022,,,,,,,2,1.0
Sat.,2022-02-26,2:30 ET,Franklin Pierce,1,@,Sacred Heart,0,,,new,True,False,False,False,20212022,,,,,,,-1,0.0
Sat.,2022-02-26,12:00 ET,Providence,1,@,Vermont,4,,,nc,True,False,False,False,20212022,,,,,,,3,1.0
Sat.,2022-02-26,7:30 ET,Merrimack,0,@,Northeastern,8,,,nc,True,False,False,False,20212022,,,,,,,8,1.0
Sat.,2022-02-26,2:00 ET,Mercyhurst,2,@,Syracuse,3,OT,,nc,True,False,False,True,20212022,,,,,,,1,1.0
Sat.,2022-02-26,3:00 ET,Princeton,1,@,Harvard,2,OT,,nc,True,False,False,True,20212022,,,,,,,1,1.0
Sat.,2022-02-26,7:45 ET,LIU,5,@,Post,1,,,new,True,False,False,False,20212022,,,,,,,-4,0.0
Sat.,2022-02-26,3:00 ET,St. Lawrence,2,@,Yale,4,,,nc,True,False,False,False,20212022,,,,,,,2,1.0
Sat.,2022-02-26,3:00 ET,Clarkson,0,@,Quinnipiac,4,,,nc,True,False,False,False,20212022,,,,,,,4,1.0
Sat.,2022-02-26,3:00 ET,Cornell,2,@,Colgate,3,,,nc,True,False,False,False,20212022,,,,,,,1,1.0
Sun.,2022-02-27,3:00 ET,St. Lawrence,2,@,Yale,3,,,nc,True,False,False,False,20212022,,,,,,,1,1.0
Sun.,2022-02-27,2:00 CT,Minnesota State,2,@,Minnesota Duluth,3,OT,,nc,True,False,False,True,20212022,,,,,,,1,1.0
Sun.,2022-02-27,3:00 ET,Princeton,3,@,Harvard,2,,,nc,True,False,False,False,20212022,,,,,,,-1,0.0
Tue.,2022-03-01,7:30 ET,Post,2,@,Sacred Heart,5,,,nc,True,False,False,False,20212022,,,,,,,3,1.0
Tue.,2022-03-01,7:00 ET,St. Michael's,1,@,Saint Anselm,2,,,nc,True,False,False,False,20212022,,,,,,,1,1.0
Wed.,2022-03-02,6:30 ET,Maine,1,@,Northeastern,3,,,nc,True,False,False,False,20212022,,,,,,,2,1.0
Wed.,2022-03-02,6:00 ET,Connecticut,3,@,Vermont,1,,,nc,True,False,False,False,20212022,,,,,,,-2,0.0
Fri.,2022-03-04,3:00 ET,Sacred Heart,0,@,Franklin Pierce,2,,,nc,True,False,False,False,20212022,,,,,,,2,1.0
Fri.,2022-03-04,7:00 ET,Saint Anselm,3,vs,LIU,1,,,nc,True,True,False,False,20212022,,,,,,,-2,0.0
Fri.,2022-03-04,6:30 ET,Quinnipiac,2,vs,Colgate,3,,,nc,True,True,False,False,20212022,,,,,,,1,1.0
Fri.,2022-03-04,3:00 ET,Princeton,1,@,Yale,3,,,nc,True,False,False,False,20212022,,,,,,,2,1.0
Sat.,2022-03-05,3:00 ET,Colgate,2,@,Yale,1,OT,,nc,True,False,False,True,20212022,,,,,,,-1,0.0
Sat.,2022-03-05,7:00 ET,Connecticut,1,@,Northeastern,3,,,nc,True,False,False,False,20212022,,,,,,,2,1.0
Sat.,2022-03-05,7:00 ET,Saint Anselm,0,@,Franklin Pierce,1,,,nc,True,False,False,False,20212022,,,,,,,1,1.0
Sat.,2022-03-05,4:00 CT,Wisconsin,1,vs,Ohio State,2,,,nc,True,True,False,False,20212022,,,,,,,1,1.0
Sat.,2022-03-05,1:00 CT,Minnesota Duluth,1,@,Minnesota,5,,,nc,True,False,False,False,20212022,,,,,,,4,1.0
Sun.,2022-03-06,1:00 CT,Ohio State,3,@,Minnesota,2,OT,,nc,True,False,False,True,20212022,,,,,,,-1,0.0
Thu.,2022-03-10,6:00 ET,Syracuse,0,vs,Quinnipiac,4,,,nc,True,True,False,False,20212022,,,,,,,4,1.0
Thu.,2022-03-10,7:00 ET,Clarkson,1,vs,Wisconsin,3,,,nc,True,True,False,False,20212022,,,,,,,2,1.0
Thu.,2022-03-10,6:00 CT,Harvard,0,vs,Minnesota Duluth,4,,,nc,True,True,False,False,20212022,,,,,,,4,1.0
Sat.,2022-03-12,2:00 CT,Minnesota Duluth,2,@,Minnesota,1,,,nc,True,False,False,False,20212022,,,,,,,-1,0.0
Sat.,2022-03-12,3:00 ET,Yale,2,@,Colgate,1,OT,,nc,True,False,False,True,20212022,,,,,,,-1,0.0
Sat.,2022-03-12,1:00 ET,Wisconsin,2,@,Northeastern,4,,,nc,True,False,False,False,20212022,,,,,,,2,1.0
Sat.,2022-03-12,5:00 ET,Quinnipiac,3,@,Ohio State,4,2OT,,nc,True,False,False,True,20212022,,,,,,,1,1.0
Fri.,2022-03-18,3:30 ET,Northeastern,1,vs,Minnesota Duluth,2,2OT,,nc,True,True,False,True,20212022,,,,,,,1,1.0
Fri.,2022-03-18,7:00 ET,Yale,1,vs,Ohio State,2,,,nc,True,True,False,False,20212022,,,,,,,1,1.0
Sun.,2022-03-20,4:00 ET,Minnesota Duluth,2,vs,Ohio State,3,,,nc,True,True,False,False,20212022,,,,,,,1,1.0
Thu.,2022-09-22,7:00 ET,Wisconsin,1,@,Penn State,4,,,nc,True,False,False,False,20222023,,,,,,,3,1.0
Fri.,2022-09-23,6:00 ET,Saint Anselm,0,@,Mercyhurst,3,,,nc,True,False,False,False,20222023,,,,,,,3,1.0
Fri.,2022-09-23,7:00 ET,Wisconsin,9,@,Penn State,1,,,nc,True,False,False,False,20222023,,,,,,,-8,0.0
Fri.,2022-09-23,6:00 ET,RIT,0,@,Connecticut,3,,,nc,True,False,False,False,20222023,,,,,,,3,1.0
Fri.,2022-09-23,6:00 ET,Union,3,@,New Hampshire,2,,,nc,True,False,False,False,20222023,,,,,,,-1,0.0
Fri.,2022-09-23,6:00 ET,Quinnipiac,3,@,Maine,2,OT,,nc,True,False,False,True,20222023,,,,,,,-1,0.0
Fri.,2022-09-23,6:00 ET,St. Lawrence,2,@,Providence,3,OT,,nc,True,False,False,True,20222023,,,,,,,1,1.0
Fri.,2022-09-23,4:00 ET,Clarkson,3,@,Sacred Heart,0,,,nc,True,False,False,False,20222023,,,,,,,-3,0.0
Fri.,2022-09-23,6:00 CT,Lindenwood,2,@,Bemidji State,3,OT,,nc,True,False,False,True,20222023,,,,,,,1,1.0
Sat.,2022-09-24,2:30 ET,Clarkson,2,@,Sacred Heart,1,,,nc,True,False,False,False,20222023,,,,,,,-1,0.0
Sat.,2022-09-24,1:00 ET,Franklin Pierce,1,@,Boston College,4,,,nc,True,False,False,False,20222023,,,,,,,3,1.0
Sat.,2022-09-24,3:00 CT,Lindenwood,3,@,Bemidji State,6,,,nc,True,False,False,False,20222023,,,,,,,3,1.0
Sat.,2022-09-24,3:00 ET,St. Lawrence,5,@,Providence,2,,,nc,True,False,False,False,20222023,,,,,,,-3,0.0
Sat.,2022-09-24,7:45 ET,Minnesota Duluth,4,@,LIU,1,,,nc,True,False,False,False,20222023,,,,,,,-3,0.0
Sat.,2022-09-24,2:00 ET,Quinnipiac,3,@,Maine,0,,,nc,True,False,False,False,20222023,,,,,,,-3,0.0
Sat.,2022-09-24,2:00 ET,Saint Anselm,0,@,Mercyhurst,9,,,nc,True,False,False,False,20222023,,,,,,,9,1.0
Sat.,2022-09-24,3:00 ET,Union,2,@,New Hampshire,5,,,nc,True,False,False,False,20222023,,,,,,,3,1.0
Sat.,2022-09-24,3:00 ET,RIT,2,@,Connecticut,3,,,nc,True,False,False,False,20222023,,,,,,,1,1.0
Sat.,2022-09-24,4:00 ET,Syracuse,0,@,Colgate,3,,,nc,True,False,False,False,20222023,,,,,,,3,1.0
Sun.,2022-09-25,7:45 ET,Minnesota Duluth,5,@,LIU,0,,,nc,True,False,False,False,20222023,,,,,,,-5,0.0
Thu.,2022-09-29,6:00 ET,Minnesota Duluth,3,@,St. Lawrence,2,OT,,nc,True,False,False,True,20222023,,,,,,,-1,0.0
Thu.,2022-09-29,7:00 CT,Lindenwood,0,@,Wisconsin,6,,,nc,True,False,False,False,20222023,,,,,,,6,1.0
Fri.,2022-09-30,3:00 CT,Ohio State,2,@,Minnesota State,1,,,wc,True,False,False,False,20222023,,,,,,,-1,0.0
Fri.,2022-09-30,6:00 CT,RPI,0,@,St. Cloud State,5,,,nc,True,False,False,False,20222023,,,,,,,5,1.0
Fri.,2022-09-30,4:00 ET,Penn State,0,vs,Minnesota Duluth,4,,,nc,True,True,False,False,20222023,,,,,,,4,1.0
Fri.,2022-09-30,7:00 CT,Lindenwood,0,@,Wisconsin,10,,,nc,True,False,False,False,20222023,,,,,,,10,1.0
Fri.,2022-09-30,6:00 ET,Stonehill,1,@,Connecticut,7,,,nc,True,False,False,False,20222023,,,,,,,6,1.0
Fri.,2022-09-30,6:00 ET,LIU,1,@,Northeastern,3,,,nc,True,False,False,False,20222023,,,,,,,2,1.0
Fri.,2022-09-30,6:00 ET,Union,3,@,Holy Cross,4,,,nc,True,False,False,False,20222023,,,,,,,1,1.0
Fri.,2022-09-30,2:00 ET,Syracuse,3,@,Merrimack,2,OT,,nc,True,False,False,True,20222023,,,,,,,-1,0.0
Fri.,2022-09-30,6:00 ET,RIT,2,@,Vermont,5,,,nc,True,False,False,False,20222023,,,,,,,3,1.0
Fri.,2022-09-30,6:00 ET,Bemidji State,0,@,Clarkson,5,,,nc,True,False,False,False,20222023,,,,,,,5,1.0
Fri.,2022-09-30,6:00 ET,Boston College,0,@,Quinnipiac,5,,,nc,True,False,False,False,20222023,,,,,,,5,1.0
Fri.,2022-09-30,6:00 ET,Colgate,5,@,Mercyhurst,0,,,nc,True,False,False,False,20222023,,,,,,,-5,0.0
Fri.,2022-09-30,6:00 ET,Post,2,@,St. Michael's,6,,,new,True,False,False,False,20222023,,,,,,,4,1.0
Sat.,2022-10-01,12:00 CT,Ohio State,5,@,Minnesota State,4,,,wc,True,False,False,False,20222023,,,,,,,-1,0.0
Sat.,2022-10-01,3:00 CT,RPI,2,@,St. Cloud State,3,,,nc,True,False,False,False,20222023,,,,,,,1,1.0
Sat.,2022-10-01,3:00 ET,Maine,6,@,Saint Anselm,3,,,nc,True,False,False,False,20222023,,,,,,,-3,0.0
Sat.,2022-10-01,2:00 ET,LIU,1,@,Northeastern,10,,,nc,True,False,False,False,20222023,,,,,,,9,1.0
Sat.,2022-10-01,2:00 ET,Union,3,@,Holy Cross,1,,,nc,True,False,False,False,20222023,,,,,,,-2,0.0
Sat.,2022-10-01,5:00 ET,Connecticut,3,@,Stonehill,2,OT,,nc,True,False,False,True,20222023,,,,,,,-1,0.0
Sat.,2022-10-01,2:00 ET,Syracuse,0,@,Merrimack,2,,,nc,True,False,False,False,20222023,,,,,,,2,1.0
Sat.,2022-10-01,2:00 ET,Bemidji State,2,@,Clarkson,2,OT,,nc,True,False,False,True,20222023,,,,,,,0,0.5
Sat.,2022-10-01,2:00 ET,Penn State,4,@,St. Lawrence,2,,,nc,True,False,False,False,20222023,,,,,,,-2,0.0
Sat.,2022-10-01,2:00 ET,Colgate,2,@,Mercyhurst,0,,,nc,True,False,False,False,20222023,,,,,,,-2,0.0
Sat.,2022-10-01,4:00 ET,Post,2,@,St. Michael's,0,,,new,True,False,False,False,20222023,,,,,,,-2,0.0
Sat.,2022-10-01,2:00 ET,RIT,2,@,Vermont,5,,,nc,True,False,False,False,20222023,,,,,,,3,1.0
Sun.,2022-10-02,3:00 ET,New Hampshire,0,@,Quinnipiac,2,,,nc,True,False,False,False,20222023,,,,,,,2,1.0
Tue.,2022-10-04,1:00 ET,Sacred Heart,7,@,Post,1,,,new,True,False,False,False,20222023,,,,,,,-6,0.0
Thu.,2022-10-06,6:00 ET,St. Lawrence,2,@,Syracuse,0,,,nc,True,False,False,False,20222023,,,,,,,-2,0.0
Thu.,2022-10-06,6:00 ET,Boston College,4,@,Merrimack,1,,,he,True,False,False,False,20222023,,,,,,,-3,0.0
Fri.,2022-10-07,6:00 CT,Bemidji State,0,@,Minnesota,6,,,wc,True,False,False,False,20222023,,,,,,,6,1.0
Fri.,2022-10-07,7:00 CT,St. Thomas,0,@,Wisconsin,5,,,wc,True,False,False,False,20222023,,,,,,,5,1.0
Fri.,2022-10-07,6:00 CT,Minnesota State,1,@,Minnesota Duluth,2,OT,,wc,True,False,False,True,20222023,,,,,,,1,1.0
Fri.,2022-10-07,3:00 ET,Quinnipiac,6,@,Saint Anselm,1,,,nc,True,False,False,False,20222023,,,,,,,-5,0.0
Fri.,2022-10-07,2:00 ET,Union,0,@,Providence,7,,,nc,True,False,False,False,20222023,,,,,,,7,1.0
Fri.,2022-10-07,6:00 ET,St. Cloud State,2,@,Ohio State,5,,,wc,True,False,False,False,20222023,,,,,,,3,1.0
Fri.,2022-10-07,7:00 ET,RPI,0,@,Boston University,4,,,nc,True,False,False,False,20222023,,,,,,,4,1.0
Fri.,2022-10-07,3:00 ET,Colgate,3,@,Penn State,2,,,nc,True,False,False,False,20222023,,,,,,,-1,0.0
Fri.,2022-10-07,6:00 ET,Clarkson,3,@,Mercyhurst,1,,,nc,True,False,False,False,20222023,,,,,,,-2,0.0
Fri.,2022-10-07,2:00 ET,LIU,4,@,Sacred Heart,3,,,new,True,False,False,False,20222023,,,,,,,-1,0.0
Fri.,2022-10-07,6:00 ET,Post,3,@,Stonehill,4,OT,,new,True,False,False,True,20222023,,,,,,,1,1.0
Fri.,2022-10-07,2:00 ET,Connecticut,0,@,Northeastern,3,,,he,True,False,False,False,20222023,,,,,,,3,1.0
Fri.,2022-10-07,2:00 ET,Merrimack,0,@,Boston College,4,,,he,True,False,False,False,20222023,,,,,,,4,1.0
Fri.,2022-10-07,6:00 ET,New Hampshire,2,@,Maine,3,,,he,True,False,False,False,20222023,,,,,,,1,1.0
Fri.,2022-10-07,2:00 ET,St. Michael's,0,@,RIT,8,,,nc,True,False,False,False,20222023,,,,,,,8,1.0
Sat.,2022-10-08,3:00 ET,Saint Anselm,1,@,Quinnipiac,7,,,nc,True,False,False,False,20222023,,,,,,,6,1.0
Sat.,2022-10-08,6:00 CT,St. Thomas,1,@,Wisconsin,9,,,wc,True,False,False,False,20222023,,,,,,,8,1.0
Sat.,2022-10-08,2:00 CT,Bemidji State,1,@,Minnesota,4,,,wc,True,False,False,False,20222023,,,,,,,3,1.0
Sat.,2022-10-08,3:00 CT,Minnesota State,0,@,Minnesota Duluth,2,,,wc,True,False,False,False,20222023,,,,,,,2,1.0
Sat.,2022-10-08,3:00 ET,RPI,0,@,Providence,2,,,nc,True,False,False,False,20222023,,,,,,,2,1.0
Sat.,2022-10-08,3:00 ET,Syracuse,3,@,St. Lawrence,5,,,nc,True,False,False,False,20222023,,,,,,,2,1.0
Sat.,2022-10-08,3:00 ET,St. Cloud State,2,@,Ohio State,6,,,wc,True,False,False,False,20222023,,,,,,,4,1.0
Sat.,2022-10-08,2:00 ET,Clarkson,1,@,Mercyhurst,2,OT,,nc,True,False,False,True,20222023,,,,,,,1,1.0
Sat.,2022-10-08,1:00 ET,St. Michael's,0,@,RIT,9,,,nc,True,False,False,False,20222023,,,,,,,9,1.0
Sat.,2022-10-08,2:00 ET,New Hampshire,0,@,Maine,4,,,he,True,False,False,False,20222023,,,,,,,4,1.0
Sat.,2022-10-08,1:00 ET,Vermont,1,@,Holy Cross,2,,,he,True,False,False,False,20222023,,,,,,,1,1.0
Sat.,2022-10-08,4:00 ET,Union,3,@,Boston University,1,,,nc,True,False,False,False,20222023,,,,,,,-2,0.0
Sat.,2022-10-08,2:00 ET,Post,2,@,Stonehill,4,,,new,True,False,False,False,20222023,,,,,,,2,1.0
Sat.,2022-10-08,3:00 ET,Northeastern,4,@,Connecticut,1,,,he,True,False,False,False,20222023,,,,,,,-3,0.0
Sat.,2022-10-08,2:00 ET,Colgate,2,@,Penn State,1,,,nc,True,False,False,False,20222023,,,,,,,-1,0.0
Sun.,2022-10-09,3:00 ET,Vermont,3,@,Holy Cross,0,,,he,True,False,False,False,20222023,,,,,,,-3,0.0
Tue.,2022-10-11,1:00 ET,Sacred Heart,3,@,Post,0,,,new,True,False,False,False,20222023,,,,,,,-3,0.0
Thu.,2022-10-13,6:00 ET,Clarkson,5,@,Syracuse,2,,,nc,True,False,False,False,20222023,,,,,,,-3,0.0
Fri.,2022-10-14,6:00 CT,Wisconsin,5,@,St. Cloud State,0,,,wc,True,False,False,False,20222023,,,,,,,-5,0.0
Fri.,2022-10-14,3:00 CT,Minnesota,11,@,Minnesota State,0,,,wc,True,False,False,False,20222023,,,,,,,-11,0.0
Fri.,2022-10-14,3:00 CT,Franklin Pierce,0,@,St. Thomas,3,,,nc,True,False,False,False,20222023,,,,,,,3,1.0
Fri.,2022-10-14,6:00 ET,LIU,3,@,Maine,4,,,nc,True,False,False,False,20222023,,,,,,,1,1.0
Fri.,2022-10-14,6:00 ET,Penn State,3,@,Boston College,2,,,nc,True,False,False,False,20222023,,,,,,,-1,0.0
Fri.,2022-10-14,6:00 ET,RIT,0,@,Colgate,9,,,nc,True,False,False,False,20222023,,,,,,,9,1.0
Fri.,2022-10-14,3:00 ET,Mercyhurst,2,@,RPI,0,,,nc,True,False,False,False,20222023,,,,,,,-2,0.0
Fri.,2022-10-14,6:00 ET,St. Michael's,0,@,Stonehill,2,,,new,True,False,False,False,20222023,,,,,,,2,1.0
Fri.,2022-10-14,7:00 ET,Sacred Heart,6,@,Saint Anselm,3,,,new,True,False,False,False,20222023,,,,,,,-3,0.0
Fri.,2022-10-14,6:00 ET,Connecticut,1,@,Vermont,1,OT,,he,True,False,False,True,20222023,,,,,,,0,0.5
Fri.,2022-10-14,6:00 ET,Northeastern,5,@,Merrimack,0,,,he,True,False,False,False,20222023,,,,,,,-5,0.0
Fri.,2022-10-14,6:00 ET,Boston University,2,@,New Hampshire,0,,,he,True,False,False,False,20222023,,,,,,,-2,0.0
Fri.,2022-10-14,6:00 ET,Holy Cross,0,@,Providence,4,,,he,True,False,False,False,20222023,,,,,,,4,1.0
Fri.,2022-10-14,6:00 ET,Syracuse,2,@,Clarkson,3,,,nc,True,False,False,False,20222023,,,,,,,1,1.0
Sat.,2022-10-15,3:00 CT,Wisconsin,3,@,St. Cloud State,2,OT,,wc,True,False,False,True,20222023,,,,,,,-1,0.0
Sat.,2022-10-15,3:00 CT,Ohio State,4,@,Bemidji State,0,,,wc,True,False,False,False,20222023,,,,,,,-4,0.0
Sat.,2022-10-15,6:00 CT,Franklin Pierce,2,@,St. Thomas,1,OT,,nc,True,False,False,True,20222023,,,,,,,-1,0.0
Sat.,2022-10-15,2:00 ET,LIU,1,@,Maine,0,,,nc,True,False,False,False,20222023,,,,,,,-1,0.0
Sat.,2022-10-15,2:00 CT,Minnesota State,4,@,Minnesota,9,,,wc,True,False,False,False,20222023,,,,,,,5,1.0
Sat.,2022-10-15,3:00 ET,RIT,0,@,Colgate,5,,,nc,True,False,False,False,20222023,,,,,,,5,1.0
Sat.,2022-10-15,2:00 ET,Penn State,2,@,Boston College,2,OT,,nc,True,False,False,True,20222023,,,,,,,0,0.5
Sat.,2022-10-15,3:00 ET,Sacred Heart,0,@,Saint Anselm,7,,,new,True,False,False,False,20222023,,,,,,,7,1.0
Sat.,2022-10-15,2:00 ET,St. Michael's,0,@,Stonehill,9,,,new,True,False,False,False,20222023,,,,,,,9,1.0
Sat.,2022-10-15,3:00 ET,Quinnipiac,5,@,Harvard,2,,,ec,True,False,False,False,20222023,,,,,,,-3,0.0
Sat.,2022-10-15,7:30 ET,Providence,4,@,Holy Cross,0,,,he,True,False,False,False,20222023,,,,,,,-4,0.0
Sat.,2022-10-15,2:00 ET,Mercyhurst,4,@,RPI,1,,,nc,True,False,False,False,20222023,,,,,,,-3,0.0
Sat.,2022-10-15,2:00 ET,Merrimack,1,@,Northeastern,4,,,he,True,False,False,False,20222023,,,,,,,3,1.0
Sat.,2022-10-15,3:00 ET,Connecticut,1,@,Vermont,6,,,he,True,False,False,False,20222023,,,,,,,5,1.0
Sat.,2022-10-15,3:00 ET,New Hampshire,3,@,Boston University,2,OT,,he,True,False,False,True,20222023,,,,,,,-1,0.0
Sun.,2022-10-16,2:00 CT,Ohio State,5,@,Bemidji State,2,,,wc,True,False,False,False,20222023,,,,,,,-3,0.0
Thu.,2022-10-20,7:00 CT,Bemidji State,0,@,Wisconsin,8,,,wc,True,False,False,False,20222023,,,,,,,8,1.0
Thu.,2022-10-20,6:00 CT,St. Thomas,1,@,Minnesota State,3,,,wc,True,False,False,False,20222023,,,,,,,2,1.0
Fri.,2022-10-21,3:00 CT,Minnesota,4,@,St. Cloud State,2,,,wc,True,False,False,False,20222023,,,,,,,-2,0.0
Fri.,2022-10-21,6:00 ET,Minnesota Duluth,2,@,Ohio State,3,OT,,wc,True,False,False,True,20222023,,,,,,,1,1.0
Fri.,2022-10-21,6:00 CT,Minnesota State,2,@,St. Thomas,0,,,wc,True,False,False,False,20222023,,,,,,,-2,0.0
Fri.,2022-10-21,7:00 CT,Bemidji State,1,@,Wisconsin,7,,,wc,True,False,False,False,20222023,,,,,,,6,1.0
Fri.,2022-10-21,6:00 ET,Stonehill,2,@,Brown,2,OT,,nc,True,False,False,True,20222023,,,,,,,0,0.5
Fri.,2022-10-21,6:00 ET,Vermont,1,@,Colgate,4,,,nc,True,False,False,False,20222023,,,,,,,3,1.0
Fri.,2022-10-21,6:00 ET,Mercyhurst,0,@,Cornell,3,,,nc,True,False,False,False,20222023,,,,,,,3,1.0
Fri.,2022-10-21,3:00 ET,RIT,0,@,RPI,2,,,nc,True,False,False,False,20222023,,,,,,,2,1.0
Fri.,2022-10-21,7:00 ET,LIU,2,@,Saint Anselm,3,,,new,True,False,False,False,20222023,,,,,,,1,1.0
Fri.,2022-10-21,2:00 ET,Connecticut,3,@,Merrimack,0,,,he,True,False,False,False,20222023,,,,,,,-3,0.0
Fri.,2022-10-21,2:00 ET,Providence,4,@,New Hampshire,1,,,he,True,False,False,False,20222023,,,,,,,-3,0.0
Fri.,2022-10-21,6:00 ET,Dartmouth,0,@,Harvard,3,,,ec,True,False,False,False,20222023,,,,,,,3,1.0
Fri.,2022-10-21,4:00 ET,Holy Cross,1,vs,St. Lawrence,2,,,nc,True,True,False,False,20222023,,,,,,,1,1.0
Fri.,2022-10-21,7:00 ET,Syracuse,0,vs,Clarkson,3,,,nc,True,True,False,False,20222023,,,,,,,3,1.0
Fri.,2022-10-21,2:00 ET,Northeastern,6,@,Maine,1,,,he,True,False,False,False,20222023,,,,,,,-5,0.0
Fri.,2022-10-21,6:00 ET,Boston University,0,@,Boston College,3,,,he,True,False,False,False,20222023,,,,,,,3,1.0
Sat.,2022-10-22,3:00 ET,RIT,0,@,RPI,3,,,nc,True,False,False,False,20222023,,,,,,,3,1.0
Sat.,2022-10-22,3:00 ET,Minnesota Duluth,2,@,Ohio State,3,,,wc,True,False,False,False,20222023,,,,,,,1,1.0
Sat.,2022-10-22,2:00 CT,St. Cloud State,1,@,Minnesota,2,,,wc,True,False,False,False,20222023,,,,,,,1,1.0
Sat.,2022-10-22,3:00 ET,Brown,3,@,Stonehill,1,,,nc,True,False,False,False,20222023,,,,,,,-2,0.0
Sat.,2022-10-22,3:00 ET,Vermont,2,@,Colgate,3,,,nc,True,False,False,False,20222023,,,,,,,1,1.0
Sat.,2022-10-22,3:00 ET,Mercyhurst,2,@,Cornell,7,,,nc,True,False,False,False,20222023,,,,,,,5,1.0
Sat.,2022-10-22,2:00 ET,New Hampshire,1,@,Providence,2,,,he,True,False,False,False,20222023,,,,,,,1,1.0
Sat.,2022-10-22,3:00 ET,Merrimack,2,@,Connecticut,2,OT,,he,True,False,False,True,20222023,,,,,,,0,0.5
Sat.,2022-10-22,3:00 ET,Boston College,5,@,Boston University,4,,,he,True,False,False,False,20222023,,,,,,,-1,0.0
Sat.,2022-10-22,2:00 ET,Northeastern,0,@,Maine,1,,,he,True,False,False,False,20222023,,,,,,,1,1.0
Sat.,2022-10-22,7:00 ET,Clarkson,3,vs,St. Lawrence,1,,,nc,True,True,False,False,20222023,,,,,,,-2,0.0
Sat.,2022-10-22,4:00 ET,Holy Cross,3,vs,Syracuse,3,OT,,nc,True,True,False,True,20222023,,,,,,,0,0.5
Sat.,2022-10-22,2:00 ET,LIU,2,@,Saint Anselm,0,,,new,True,False,False,False,20222023,,,,,,,-2,0.0
Sun.,2022-10-23,2:00 ET,Franklin Pierce,0,@,Penn State,6,,,nc,True,False,False,False,20222023,,,,,,,6,1.0
Mon.,2022-10-24,2:00 ET,Franklin Pierce,1,@,Penn State,4,,,nc,True,False,False,False,20222023,,,,,,,3,1.0
Thu.,2022-10-27,6:00 ET,RIT,0,@,Syracuse,1,,,ch,True,False,False,False,20222023,,,,,,,1,1.0
Fri.,2022-10-28,6:00 CT,St. Cloud State,4,@,St. Thomas,1,,,wc,True,False,False,False,20222023,,,,,,,-3,0.0
Fri.,2022-10-28,3:00 CT,Wisconsin,1,@,Minnesota Duluth,2,OT,,wc,True,False,False,True,20222023,,,,,,,1,1.0
Fri.,2022-10-28,6:00 ET,Minnesota,4,@,Ohio State,2,,,wc,True,False,False,False,20222023,,,,,,,-2,0.0
Fri.,2022-10-28,3:00 CT,Minnesota State,1,@,Bemidji State,2,,,wc,True,False,False,False,20222023,,,,,,,1,1.0
Fri.,2022-10-28,6:00 ET,Franklin Pierce,1,@,Stonehill,4,,,new,True,False,False,False,20222023,,,,,,,3,1.0
Fri.,2022-10-28,4:00 ET,Saint Anselm,5,@,Sacred Heart,3,,,new,True,False,False,False,20222023,,,,,,,-2,0.0
Fri.,2022-10-28,3:00 ET,LIU,5,@,Post,1,,,new,True,False,False,False,20222023,,,,,,,-4,0.0
Fri.,2022-10-28,6:00 ET,Maine,1,@,Connecticut,0,,,he,True,False,False,False,20222023,,,,,,,-1,0.0
Fri.,2022-10-28,3:00 ET,Boston College,2,@,Vermont,3,,,he,True,False,False,False,20222023,,,,,,,1,1.0
Fri.,2022-10-28,6:00 ET,Boston University,2,@,Merrimack,5,,,he,True,False,False,False,20222023,,,,,,,3,1.0
Fri.,2022-10-28,7:00 ET,New Hampshire,2,@,Holy Cross,0,,,he,True,False,False,False,20222023,,,,,,,-2,0.0
Fri.,2022-10-28,3:00 ET,Northeastern,4,@,Providence,1,,,he,True,False,False,False,20222023,,,,,,,-3,0.0
Fri.,2022-10-28,3:00 ET,Yale,2,@,Harvard,1,,,ec,True,False,False,False,20222023,,,,,,,-1,0.0
Fri.,2022-10-28,6:00 ET,Brown,2,@,Dartmouth,1,,,ec,True,False,False,False,20222023,,,,,,,-1,0.0
Fri.,2022-10-28,6:00 ET,Union,0,@,Clarkson,4,,,ec,True,False,False,False,20222023,,,,,,,4,1.0
Fri.,2022-10-28,6:00 ET,Cornell,1,@,Quinnipiac,4,,,ec,True,False,False,False,20222023,,,,,,,3,1.0
Fri.,2022-10-28,6:00 ET,Colgate,5,@,Princeton,1,,,ec,True,False,False,False,20222023,,,,,,,-4,0.0
Fri.,2022-10-28,6:00 ET,RPI,0,@,St. Lawrence,3,,,ec,True,False,False,False,20222023,,,,,,,3,1.0
Fri.,2022-10-28,7:10 CT,Penn State,4,@,Lindenwood,3,,,ch,True,False,False,False,20222023,,,,,,,-1,0.0
Sat.,2022-10-29,2:00 ET,Holy Cross,1,@,New Hampshire,4,,,he,True,False,False,False,20222023,,,,,,,3,1.0
Sat.,2022-10-29,2:00 ET,Post,1,@,LIU,3,,,new,True,False,False,False,20222023,,,,,,,2,1.0
Sat.,2022-10-29,2:30 ET,Saint Anselm,3,@,Sacred Heart,3,OT,,new,True,False,False,True,20222023,,,,,,,0,0.5
Sat.,2022-10-29,7:30 ET,Stonehill,2,@,Franklin Pierce,3,OT,,new,True,False,False,True,20222023,,,,,,,1,1.0
Sat.,2022-10-29,3:00 CT,Minnesota State,3,@,Bemidji State,0,,,wc,True,False,False,False,20222023,,,,,,,-3,0.0
Sat.,2022-10-29,2:00 CT,St. Thomas,0,@,St. Cloud State,4,,,wc,True,False,False,False,20222023,,,,,,,4,1.0
Sat.,2022-10-29,3:00 ET,Minnesota,4,@,Ohio State,4,OT,,wc,True,False,False,True,20222023,,,,,,,0,0.5
Sat.,2022-10-29,3:00 ET,Maine,0,@,Connecticut,2,,,he,True,False,False,False,20222023,,,,,,,2,1.0
Sat.,2022-10-29,3:00 CT,Wisconsin,4,@,Minnesota Duluth,3,,,wc,True,False,False,False,20222023,,,,,,,-1,0.0
Sat.,2022-10-29,3:00 ET,Merrimack,2,@,Boston University,5,,,he,True,False,False,False,20222023,,,,,,,3,1.0
Sat.,2022-10-29,7:30 ET,Syracuse,4,@,RIT,1,,,ch,True,False,False,False,20222023,,,,,,,-3,0.0
Sat.,2022-10-29,6:00 ET,Providence,2,@,Northeastern,2,OT,,he,True,False,False,True,20222023,,,,,,,0,0.5
Sat.,2022-10-29,3:00 ET,Brown,2,@,Harvard,1,OT,,ec,True,False,False,True,20222023,,,,,,,-1,0.0
Sat.,2022-10-29,3:00 ET,Yale,4,@,Dartmouth,1,,,ec,True,False,False,False,20222023,,,,,,,-3,0.0
Sat.,2022-10-29,6:00 ET,Cornell,3,@,Princeton,1,,,ec,True,False,False,False,20222023,,,,,,,-2,0.0
Sat.,2022-10-29,3:00 ET,Union,0,@,St. Lawrence,1,,,ec,True,False,False,False,20222023,,,,,,,1,1.0
Sat.,2022-10-29,3:00 ET,Colgate,0,@,Quinnipiac,3,,,ec,True,False,False,False,20222023,,,,,,,3,1.0
Sat.,2022-10-29,3:00 ET,RPI,1,@,Clarkson,6,,,ec,True,False,False,False,20222023,,,,,,,5,1.0
Sat.,2022-10-29,1:10 CT,Penn State,7,@,Lindenwood,0,,,ch,True,False,False,False,20222023,,,,,,,-7,0.0
Sat.,2022-10-29,3:00 ET,Boston College,4,@,Vermont,3,OT,,he,True,False,False,True,20222023,,,,,,,-1,0.0
Tue.,2022-11-01,3:30 ET,Saint Anselm,4,@,Post,0,,,new,True,False,False,False,20222023,,,,,,,-4,0.0
Fri.,2022-11-04,6:00 ET,Vermont,6,@,Maine,1,,,he,True,False,False,False,20222023,,,,,,,-5,0.0
Fri.,2022-11-04,3:00 CT,St. Cloud State,2,@,Bemidji State,0,,,wc,True,False,False,False,20222023,,,,,,,-2,0.0
Fri.,2022-11-04,7:30 ET,St. Michael's,0,@,Franklin Pierce,0,OT,,new,True,False,False,True,20222023,,,,,,,0,0.5
Fri.,2022-11-04,6:00 ET,Boston College,0,@,Connecticut,1,,,he,True,False,False,False,20222023,,,,,,,1,1.0
Fri.,2022-11-04,3:00 CT,Sacred Heart,1,@,Minnesota State,4,,,nc,True,False,False,False,20222023,,,,,,,3,1.0
Fri.,2022-11-04,6:00 CT,Minnesota Duluth,2,@,Minnesota,3,OT,,wc,True,False,False,True,20222023,,,,,,,1,1.0
Fri.,2022-11-04,7:00 ET,Stonehill,3,@,Saint Anselm,4,OT,,new,True,False,False,True,20222023,,,,,,,1,1.0
Fri.,2022-11-04,7:00 ET,Providence,3,@,Boston University,2,OT,,he,True,False,False,True,20222023,,,,,,,-1,0.0
Fri.,2022-11-04,7:00 ET,Merrimack,4,@,Holy Cross,0,,,he,True,False,False,False,20222023,,,,,,,-4,0.0
Fri.,2022-11-04,6:00 ET,St. Lawrence,6,@,Cornell,7,,,ec,True,False,False,False,20222023,,,,,,,1,1.0
Fri.,2022-11-04,3:00 ET,Mercyhurst,1,@,Penn State,4,,,ch,True,False,False,False,20222023,,,,,,,3,1.0
Fri.,2022-11-04,6:00 ET,Lindenwood,1,@,Syracuse,4,,,ch,True,False,False,False,20222023,,,,,,,3,1.0
Fri.,2022-11-04,6:00 ET,Harvard,2,@,Union,2,OT,,ec,True,False,False,True,20222023,,,,,,,0,0.5
Fri.,2022-11-04,6:00 ET,Northeastern,5,@,New Hampshire,0,,,he,True,False,False,False,20222023,,,,,,,-5,0.0
Fri.,2022-11-04,6:00 ET,Princeton,3,@,Brown,2,,,ec,True,False,False,False,20222023,,,,,,,-1,0.0
Fri.,2022-11-04,6:00 ET,Quinnipiac,2,@,Yale,4,,,ec,True,False,False,False,20222023,,,,,,,2,1.0
Fri.,2022-11-04,6:00 ET,Dartmouth,2,@,RPI,0,,,ec,True,False,False,False,20222023,,,,,,,-2,0.0
Fri.,2022-11-04,6:00 ET,Clarkson,1,@,Colgate,2,,,ec,True,False,False,False,20222023,,,,,,,1,1.0
Sat.,2022-11-05,4:00 ET,Holy Cross,2,@,Merrimack,3,,,he,True,False,False,False,20222023,,,,,,,1,1.0
Sat.,2022-11-05,2:00 CT,Minnesota Duluth,3,@,Minnesota,5,,,wc,True,False,False,False,20222023,,,,,,,2,1.0
Sat.,2022-11-05,2:00 CT,St. Cloud State,3,@,Bemidji State,1,,,wc,True,False,False,False,20222023,,,,,,,-2,0.0
Sat.,2022-11-05,6:00 CT,Ohio State,4,@,St. Thomas,0,,,wc,True,False,False,False,20222023,,,,,,,-4,0.0
Sat.,2022-11-05,2:00 CT,Sacred Heart,1,@,Minnesota State,5,,,nc,True,False,False,False,20222023,,,,,,,4,1.0
Sat.,2022-11-05,2:00 ET,RIT,0,@,St. Lawrence,3,,,nc,True,False,False,False,20222023,,,,,,,3,1.0
Sat.,2022-11-05,3:00 ET,Saint Anselm,3,@,Stonehill,1,,,new,True,False,False,False,20222023,,,,,,,-2,0.0
Sat.,2022-11-05,3:00 ET,St. Michael's,0,@,Franklin Pierce,2,,,new,True,False,False,False,20222023,,,,,,,2,1.0
Sat.,2022-11-05,2:00 ET,Vermont,7,@,Maine,2,,,he,True,False,False,False,20222023,,,,,,,-5,0.0
Sat.,2022-11-05,3:00 ET,Boston University,1,@,Providence,4,,,he,True,False,False,False,20222023,,,,,,,3,1.0
Sat.,2022-11-05,6:00 ET,Connecticut,3,@,Boston College,1,,,he,True,False,False,False,20222023,,,,,,,-2,0.0
Sat.,2022-11-05,3:00 ET,New Hampshire,2,@,Northeastern,8,,,he,True,False,False,False,20222023,,,,,,,6,1.0
Sat.,2022-11-05,3:00 ET,Quinnipiac,4,@,Brown,1,,,ec,True,False,False,False,20222023,,,,,,,-3,0.0
Sat.,2022-11-05,3:00 ET,Clarkson,1,@,Cornell,8,,,ec,True,False,False,False,20222023,,,,,,,7,1.0
Sat.,2022-11-05,3:00 ET,Harvard,3,@,RPI,3,OT,,ec,True,False,False,True,20222023,,,,,,,0,0.5
Sat.,2022-11-05,3:00 ET,Dartmouth,4,@,Union,5,OT,,ec,True,False,False,True,20222023,,,,,,,1,1.0
Sat.,2022-11-05,3:00 ET,Princeton,0,@,Yale,2,,,ec,True,False,False,False,20222023,,,,,,,2,1.0
Sat.,2022-11-05,3:00 ET,Lindenwood,3,@,Syracuse,4,,,ch,True,False,False,False,20222023,,,,,,,1,1.0
Sat.,2022-11-05,1:00 ET,Mercyhurst,3,@,Penn State,1,,,ch,True,False,False,False,20222023,,,,,,,-2,0.0
Sun.,2022-11-06,2:00 CT,Ohio State,6,@,St. Thomas,0,,,wc,True,False,False,False,20222023,,,,,,,-6,0.0
Mon.,2022-11-07,7:00 CT,St. Cloud State,4,vs,Minnesota,1,,,nc,True,True,False,False,20222023,,,,,,,-3,0.0
Thu.,2022-11-10,6:00 ET,St. Lawrence,4,@,Clarkson,5,OT,,nc,True,False,False,True,20222023,,,,,,,1,1.0
Fri.,2022-11-11,3:00 ET,RIT,2,@,Union,3,OT,,nc,True,False,False,True,20222023,,,,,,,1,1.0
Fri.,2022-11-11,3:00 CT,Minnesota Duluth,2,@,St. Cloud State,0,,,wc,True,False,False,False,20222023,,,,,,,-2,0.0
Fri.,2022-11-11,6:00 ET,Syracuse,2,@,Princeton,4,,,nc,True,False,False,False,20222023,,,,,,,2,1.0
Fri.,2022-11-11,11:30am CT,St. Thomas,5,@,Lindenwood,3,,,nc,True,False,False,False,20222023,,,,,,,-2,0.0
Fri.,2022-11-11,4:00 ET,Stonehill,4,@,Sacred Heart,1,,,new,True,False,False,False,20222023,,,,,,,-3,0.0
Fri.,2022-11-11,7:00 ET,LIU,3,@,St. Michael's,1,,,new,True,False,False,False,20222023,,,,,,,-2,0.0
Fri.,2022-11-11,4:00 ET,Saint Anselm,5,@,Franklin Pierce,2,,,new,True,False,False,False,20222023,,,,,,,-3,0.0
Fri.,2022-11-11,6:00 ET,Cornell,6,@,Dartmouth,5,,,ec,True,False,False,False,20222023,,,,,,,-1,0.0
Fri.,2022-11-11,2:00 ET,Boston University,1,@,Vermont,2,,,he,True,False,False,False,20222023,,,,,,,1,1.0
Fri.,2022-11-11,6:00 ET,Providence,1,@,Connecticut,2,,,he,True,False,False,False,20222023,,,,,,,1,1.0
Fri.,2022-11-11,6:00 ET,Holy Cross,0,@,Maine,4,,,he,True,False,False,False,20222023,,,,,,,4,1.0
Fri.,2022-11-11,2:00 ET,Boston College,0,@,Northeastern,4,,,he,True,False,False,False,20222023,,,,,,,4,1.0
Fri.,2022-11-11,6:00 ET,Colgate,5,@,Harvard,4,,,ec,True,False,False,False,20222023,,,,,,,-1,0.0
Fri.,2022-11-11,5:00 ET,Merrimack,0,@,New Hampshire,3,,,he,True,False,False,False,20222023,,,,,,,3,1.0
Sat.,2022-11-12,2:00 CT,Minnesota Duluth,5,@,St. Cloud State,1,,,wc,True,False,False,False,20222023,,,,,,,-4,0.0
Sat.,2022-11-12,2:00 ET,Clarkson,1,@,St. Lawrence,0,,,nc,True,False,False,False,20222023,,,,,,,-1,0.0
Sat.,2022-11-12,3:00 ET,RIT,1,@,Union,2,,,nc,True,False,False,False,20222023,,,,,,,1,1.0
Sat.,2022-11-12,3:00 ET,Syracuse,0,@,Princeton,1,,,nc,True,False,False,False,20222023,,,,,,,1,1.0
Sat.,2022-11-12,1:10 CT,St. Thomas,4,@,Lindenwood,1,,,nc,True,False,False,False,20222023,,,,,,,-3,0.0
Sat.,2022-11-12,2:00 ET,Franklin Pierce,2,@,Saint Anselm,0,,,new,True,False,False,False,20222023,,,,,,,-2,0.0
Sat.,2022-11-12,2:30 ET,Stonehill,4,@,Sacred Heart,6,,,new,True,False,False,False,20222023,,,,,,,2,1.0
Sat.,2022-11-12,2:00 ET,Holy Cross,1,@,Maine,4,,,he,True,False,False,False,20222023,,,,,,,3,1.0
Sat.,2022-11-12,2:00 ET,Boston University,4,@,Vermont,3,OT,,he,True,False,False,True,20222023,,,,,,,-1,0.0
Sat.,2022-11-12,3:00 ET,Connecticut,2,@,Providence,1,,,he,True,False,False,False,20222023,,,,,,,-1,0.0
Sat.,2022-11-12,2:00 ET,New Hampshire,4,@,Merrimack,5,OT,,he,True,False,False,True,20222023,,,,,,,1,1.0
Sat.,2022-11-12,2:00 ET,Northeastern,2,@,Boston College,0,,,he,True,False,False,False,20222023,,,,,,,-2,0.0
Sat.,2022-11-12,3:00 ET,Colgate,3,@,Dartmouth,2,,,ec,True,False,False,False,20222023,,,,,,,-1,0.0
Sat.,2022-11-12,3:00 ET,Cornell,0,@,Harvard,2,,,ec,True,False,False,False,20222023,,,,,,,2,1.0
Sat.,2022-11-12,4:00 ET,LIU,1,@,St. Michael's,0,,,new,True,False,False,False,20222023,,,,,,,-1,0.0
Sun.,2022-11-13,6:00 ET,Brown,0,@,Penn State,3,,,nc,True,False,False,False,20222023,,,,,,,3,1.0
Mon.,2022-11-14,2:00 ET,Brown,2,@,Penn State,4,,,nc,True,False,False,False,20222023,,,,,,,2,1.0
Tue.,2022-11-15,6:00 ET,Northeastern,0,@,Providence,3,,,he,True,False,False,False,20222023,,,,,,,3,1.0
Tue.,2022-11-15,6:00 ET,RPI,1,@,Union,2,OT,,ec,True,False,False,True,20222023,,,,,,,1,1.0
Tue.,2022-11-15,2:30 ET,Dartmouth,6,@,Post,0,,,nc,True,False,False,False,20222023,,,,,,,-6,0.0
Thu.,2022-11-17,7:00 ET,Vermont,5,@,Merrimack,1,,,he,True,False,False,False,20222023,,,,,,,-4,0.0
Fri.,2022-11-18,4:00 ET,Lindenwood,1,@,RIT,0,,,ch,True,False,False,False,20222023,,,,,,,-1,0.0
Fri.,2022-11-18,6:00 ET,Bemidji State,0,@,Ohio State,5,,,wc,True,False,False,False,20222023,,,,,,,5,1.0
Fri.,2022-11-18,6:00 CT,Harvard,0,@,Minnesota Duluth,4,,,nc,True,False,False,False,20222023,,,,,,,4,1.0
Fri.,2022-11-18,6:00 ET,Penn State,0,@,Yale,3,,,nc,True,False,False,False,20222023,,,,,,,3,1.0
Fri.,2022-11-18,6:10 ET,Saint Anselm,4,@,St. Michael's,2,,,new,True,False,False,False,20222023,,,,,,,-2,0.0
Fri.,2022-11-18,3:00 ET,Stonehill,1,@,LIU,5,,,new,True,False,False,False,20222023,,,,,,,4,1.0
Fri.,2022-11-18,6:00 ET,Holy Cross,1,@,Northeastern,2,,,he,True,False,False,False,20222023,,,,,,,1,1.0
Fri.,2022-11-18,4:00 ET,Franklin Pierce,1,@,Sacred Heart,3,,,new,True,False,False,False,20222023,,,,,,,2,1.0
Fri.,2022-11-18,6:00 ET,New Hampshire,1,@,Boston College,3,,,he,True,False,False,False,20222023,,,,,,,2,1.0
Fri.,2022-11-18,6:00 ET,Boston University,2,@,Connecticut,1,,,he,True,False,False,False,20222023,,,,,,,-1,0.0
Fri.,2022-11-18,7:00 ET,Vermont,3,@,Merrimack,0,,,he,True,False,False,False,20222023,,,,,,,-3,0.0
Fri.,2022-11-18,6:00 ET,Clarkson,0,@,Quinnipiac,4,,,ec,True,False,False,False,20222023,,,,,,,4,1.0
Fri.,2022-11-18,3:00 ET,St. Lawrence,0,@,Princeton,1,,,ec,True,False,False,False,20222023,,,,,,,1,1.0
Fri.,2022-11-18,2:00 ET,Maine,0,@,Providence,3,,,he,True,False,False,False,20222023,,,,,,,3,1.0
Sat.,2022-11-19,4:00 ET,Saint Anselm,4,@,St. Michael's,2,,,new,True,False,False,False,20222023,,,,,,,-2,0.0
Sat.,2022-11-19,2:00 CT,Minnesota,3,@,Wisconsin,3,OT,,wc,True,False,False,True,20222023,,,,,,,0,0.5
Sat.,2022-11-19,3:00 ET,Bemidji State,1,@,Ohio State,7,,,wc,True,False,False,False,20222023,,,,,,,6,1.0
Sat.,2022-11-19,2:00 CT,St. Thomas,1,@,Minnesota State,3,,,wc,True,False,False,False,20222023,,,,,,,2,1.0
Sat.,2022-11-19,3:00 ET,Post,0,@,RPI,9,,,nc,True,False,False,False,20222023,,,,,,,9,1.0
Sat.,2022-11-19,3:00 ET,Penn State,1,@,Yale,2,OT,,nc,True,False,False,True,20222023,,,,,,,1,1.0
Sat.,2022-11-19,2:00 ET,Stonehill,2,@,LIU,3,,,new,True,False,False,False,20222023,,,,,,,1,1.0
Sat.,2022-11-19,3:00 CT,Harvard,0,@,Minnesota Duluth,9,,,nc,True,False,False,False,20222023,,,,,,,9,1.0
Sat.,2022-11-19,2:00 ET,Boston College,3,@,New Hampshire,2,OT,,he,True,False,False,True,20222023,,,,,,,-1,0.0
Sat.,2022-11-19,3:00 ET,Connecticut,2,@,Boston University,5,,,he,True,False,False,False,20222023,,,,,,,3,1.0
Sat.,2022-11-19,2:00 ET,Maine,1,@,Providence,5,,,he,True,False,False,False,20222023,,,,,,,4,1.0
Sat.,2022-11-19,7:30 ET,Northeastern,5,@,Holy Cross,2,,,he,True,False,False,False,20222023,,,,,,,-3,0.0
Sat.,2022-11-19,3:00 ET,Clarkson,1,@,Princeton,0,,,ec,True,False,False,False,20222023,,,,,,,-1,0.0
Sat.,2022-11-19,3:00 ET,St. Lawrence,2,@,Quinnipiac,5,,,ec,True,False,False,False,20222023,,,,,,,3,1.0
Sat.,2022-11-19,12:00 ET,Lindenwood,2,@,RIT,1,OT,,ch,True,False,False,True,20222023,,,,,,,-1,0.0
Sat.,2022-11-19,2:30 ET,Franklin Pierce,2,@,Sacred Heart,1,,,new,True,False,False,False,20222023,,,,,,,-1,0.0
Sun.,2022-11-20,2:00 CT,Minnesota,1,@,Wisconsin,4,,,wc,True,False,False,False,20222023,,,,,,,3,1.0
Sun.,2022-11-20,2:00 CT,Minnesota State,2,@,St. Thomas,0,,,wc,True,False,False,False,20222023,,,,,,,-2,0.0
Tue.,2022-11-22,6:00 ET,St. Lawrence,4,@,Mercyhurst,6,,,nc,True,False,False,False,20222023,,,,,,,2,1.0
Tue.,2022-11-22,6:00 ET,Holy Cross,0,@,Brown,1,,,nc,True,False,False,False,20222023,,,,,,,1,1.0
Tue.,2022-11-22,6:00 ET,Harvard,1,@,Boston College,5,,,nc,True,False,False,False,20222023,,,,,,,4,1.0
Tue.,2022-11-22,1:00 ET,Sacred Heart,3,@,Post,1,,,nc,True,False,False,False,20222023,,,,,,,-2,0.0
Tue.,2022-11-22,6:00 ET,Colgate,4,@,Ohio State,4,OT,,nc,True,False,False,True,20222023,,,,,,,0,0.5
Wed.,2022-11-23,3:00 ET,Colgate,2,@,Ohio State,6,,,nc,True,False,False,False,20222023,,,,,,,4,1.0
Wed.,2022-11-23,2:00 ET,St. Lawrence,5,@,Mercyhurst,2,,,nc,True,False,False,False,20222023,,,,,,,-3,0.0
Fri.,2022-11-25,3:00 ET,Post,0,@,Syracuse,10,,,nc,True,False,False,False,20222023,,,,,,,10,1.0
Fri.,2022-11-25,7:10 CT,St. Cloud State,7,@,Lindenwood,2,,,nc,True,False,False,False,20222023,,,,,,,-5,0.0
Fri.,2022-11-25,6:00 ET,Maine,1,@,Clarkson,8,,,nc,True,False,False,False,20222023,,,,,,,7,1.0
Fri.,2022-11-25,5:00 ET,RPI,1,@,Stonehill,3,,,nc,True,False,False,False,20222023,,,,,,,2,1.0
Fri.,2022-11-25,3:00 ET,Bemidji State,0,@,Quinnipiac,5,,,nc,True,False,False,False,20222023,,,,,,,5,1.0
Fri.,2022-11-25,6:00 ET,Sacred Heart,2,vs,Connecticut,3,OT,,nc,True,True,False,True,20222023,,,,,,,1,1.0
Fri.,2022-11-25,3:00 CT,Princeton,1,vs,Northeastern,4,,,nc,True,True,False,False,20222023,,,,,,,3,1.0
Fri.,2022-11-25,1:00 PT,Boston University,0,vs,Yale,2,,,nc,True,True,False,False,20222023,,,,,,,2,1.0
Fri.,2022-11-25,4:00 PT,Penn State,1,vs,Minnesota,5,,,nc,True,True,False,False,20222023,,,,,,,4,1.0
Sat.,2022-11-26,1:00 PT,Boston University,0,vs,Penn State,3,,,nc,True,True,False,False,20222023,,,,,,,3,1.0
Sat.,2022-11-26,3:00 CT,Cornell,1,vs,Northeastern,5,,,nc,True,True,False,False,20222023,,,,,,,4,1.0
Sat.,2022-11-26,3:00 ET,Bemidji State,4,vs,Sacred Heart,1,,,nc,True,True,False,False,20222023,,,,,,,-3,0.0
Sat.,2022-11-26,6:00 ET,Connecticut,0,@,Quinnipiac,1,,,nc,True,False,False,False,20222023,,,,,,,1,1.0
Sat.,2022-11-26,7:30 ET,Holy Cross,1,@,Franklin Pierce,4,,,nc,True,False,False,False,20222023,,,,,,,3,1.0
Sat.,2022-11-26,1:00 ET,RPI,5,@,Stonehill,0,,,nc,True,False,False,False,20222023,,,,,,,-5,0.0
Sat.,2022-11-26,4:00 PT,Yale,4,vs,Minnesota,3,,,nc,True,True,False,False,20222023,,,,,,,-1,0.0
Sat.,2022-11-26,3:00 ET,New Hampshire,0,@,Harvard,1,,,nc,True,False,False,False,20222023,,,,,,,1,1.0
Sat.,2022-11-26,2:00 ET,Maine,5,@,Clarkson,4,OT,,nc,True,False,False,True,20222023,,,,,,,-1,0.0
Sat.,2022-11-26,2:10 CT,St. Cloud State,4,@,Lindenwood,2,,,nc,True,False,False,False,20222023,,,,,,,-2,0.0
Sat.,2022-11-26,2:00 ET,Post,1,@,Syracuse,6,,,nc,True,False,False,False,20222023,,,,,,,5,1.0
Sat.,2022-11-26,2:00 ET,Brown,3,@,Providence,4,,,nc,True,False,False,False,20222023,,,,,,,1,1.0
Sat.,2022-11-26,4:00 ET,Dartmouth,2,@,Saint Anselm,1,,,nc,True,False,False,False,20222023,,,,,,,-1,0.0
Sun.,2022-11-27,3:00 ET,Saint Anselm,2,@,Dartmouth,0,,,nc,True,False,False,False,20222023,,,,,,,-2,0.0
Sun.,2022-11-27,12:00 CT,Princeton,2,vs,Cornell,2,OT,,nc,True,True,False,True,20222023,,,,,,,0,0.5
Tue.,2022-11-29,7:00 ET,Dartmouth,1,@,Vermont,4,,,nc,True,False,False,False,20222023,,,,,,,3,1.0
Tue.,2022-11-29,3:30 ET,Saint Anselm,4,@,Post,2,,,new,True,False,False,False,20222023,,,,,,,-2,0.0
Fri.,2022-12-02,6:00 ET,Vermont,1,@,Northeastern,3,,,he,True,False,False,False,20222023,,,,,,,2,1.0
Fri.,2022-12-02,6:00 CT,Minnesota State,1,@,Minnesota,4,,,wc,True,False,False,False,20222023,,,,,,,3,1.0
Fri.,2022-12-02,3:00 CT,St. Thomas,2,@,St. Cloud State,3,,,wc,True,False,False,False,20222023,,,,,,,1,1.0
Fri.,2022-12-02,3:00 ET,Ohio State,2,@,Minnesota Duluth,1,,,wc,True,False,False,False,20222023,,,,,,,-1,0.0
Fri.,2022-12-02,3:00 CT,Wisconsin,13,@,Bemidji State,1,,,wc,True,False,False,False,20222023,,,,,,,-12,0.0
Fri.,2022-12-02,5:00 ET,Lindenwood,1,@,Stonehill,2,OT,,nc,True,False,False,True,20222023,,,,,,,1,1.0
Fri.,2022-12-02,2:00 ET,Post,2,@,Franklin Pierce,1,,,new,True,False,False,False,20222023,,,,,,,-1,0.0
Fri.,2022-12-02,7:45 ET,Sacred Heart,0,@,LIU,2,,,new,True,False,False,False,20222023,,,,,,,2,1.0
Fri.,2022-12-02,7:00 ET,Maine,3,@,Boston University,0,,,he,True,False,False,False,20222023,,,,,,,-3,0.0
Fri.,2022-12-02,2:00 ET,Connecticut,0,@,New Hampshire,4,,,he,True,False,False,False,20222023,,,,,,,4,1.0
Fri.,2022-12-02,6:00 ET,RIT,1,@,Mercyhurst,5,,,ch,True,False,False,False,20222023,,,,,,,4,1.0
Fri.,2022-12-02,6:00 ET,Boston College,2,@,Holy Cross,1,OT,,he,True,False,False,True,20222023,,,,,,,-1,0.0
Fri.,2022-12-02,6:00 ET,Dartmouth,2,@,St. Lawrence,4,,,ec,True,False,False,False,20222023,,,,,,,2,1.0
Fri.,2022-12-02,6:00 ET,Harvard,1,@,Clarkson,5,,,ec,True,False,False,False,20222023,,,,,,,4,1.0
Fri.,2022-12-02,6:00 ET,Quinnipiac,5,@,Union,0,,,ec,True,False,False,False,20222023,,,,,,,-5,0.0
Fri.,2022-12-02,6:00 ET,Princeton,5,@,RPI,1,,,ec,True,False,False,False,20222023,,,,,,,-4,0.0
Fri.,2022-12-02,6:00 ET,Colgate,5,@,Brown,2,,,ec,True,False,False,False,20222023,,,,,,,-3,0.0
Fri.,2022-12-02,6:00 ET,Cornell,4,@,Yale,4,OT,,ec,True,False,False,True,20222023,,,,,,,0,0.5
Fri.,2022-12-02,6:00 ET,Merrimack,2,@,Providence,4,,,he,True,False,False,False,20222023,,,,,,,2,1.0
Sat.,2022-12-03,3:00 ET,Vermont,1,@,Northeastern,5,,,he,True,False,False,False,20222023,,,,,,,4,1.0
Sat.,2022-12-03,2:00 ET,Post,2,@,Franklin Pierce,7,,,new,True,False,False,False,20222023,,,,,,,5,1.0
Sat.,2022-12-03,2:00 CT,Minnesota,6,@,Minnesota State,0,,,wc,True,False,False,False,20222023,,,,,,,-6,0.0
Sat.,2022-12-03,2:00 ET,Connecticut,1,@,New Hampshire,0,,,he,True,False,False,False,20222023,,,,,,,-1,0.0
Sat.,2022-12-03,3:00 ET,Ohio State,4,@,Minnesota Duluth,5,OT,,wc,True,False,False,True,20222023,,,,,,,1,1.0
Sat.,2022-12-03,2:00 CT,Wisconsin,4,@,Bemidji State,1,,,wc,True,False,False,False,20222023,,,,,,,-3,0.0
Sat.,2022-12-03,2:00 CT,St. Cloud State,6,@,St. Thomas,3,,,wc,True,False,False,False,20222023,,,,,,,-3,0.0
Sat.,2022-12-03,1:00 ET,Lindenwood,3,@,Stonehill,5,,,nc,True,False,False,False,20222023,,,,,,,2,1.0
Sat.,2022-12-03,2:00 ET,Merrimack,1,@,Providence,4,,,he,True,False,False,False,20222023,,,,,,,3,1.0
Sat.,2022-12-03,3:00 ET,Cornell,4,@,Brown,2,,,ec,True,False,False,False,20222023,,,,,,,-2,0.0
Sat.,2022-12-03,3:00 ET,Maine,3,@,Boston University,2,,,he,True,False,False,False,20222023,,,,,,,-1,0.0
Sat.,2022-12-03,3:00 ET,Harvard,2,@,St. Lawrence,1,,,ec,True,False,False,False,20222023,,,,,,,-1,0.0
Sat.,2022-12-03,3:00 ET,Dartmouth,0,@,Clarkson,5,,,ec,True,False,False,False,20222023,,,,,,,5,1.0
Sat.,2022-12-03,3:00 ET,Quinnipiac,3,@,RPI,0,,,ec,True,False,False,False,20222023,,,,,,,-3,0.0
Sat.,2022-12-03,3:00 ET,Colgate,5,@,Yale,3,,,ec,True,False,False,False,20222023,,,,,,,-2,0.0
Sat.,2022-12-03,3:00 ET,Princeton,1,@,Union,4,,,ec,True,False,False,False,20222023,,,,,,,3,1.0
Sat.,2022-12-03,2:00 ET,RIT,1,@,Mercyhurst,7,,,ch,True,False,False,False,20222023,,,,,,,6,1.0
Sat.,2022-12-03,1:00 ET,Syracuse,0,@,Penn State,4,,,ch,True,False,False,False,20222023,,,,,,,4,1.0
Sat.,2022-12-03,2:00 ET,Holy Cross,2,@,Boston College,4,,,he,True,False,False,False,20222023,,,,,,,2,1.0
Sun.,2022-12-04,2:00 ET,Syracuse,3,@,Penn State,11,,,ch,True,False,False,False,20222023,,,,,,,8,1.0
Tue.,2022-12-06,7:00 ET,Post,2,@,Wesleyan,4,,,nc,True,False,False,False,20222023,,,,,,,2,1.0
Wed.,2022-12-07,7:00 ET,Dartmouth,2,@,Merrimack,1,OT,,nc,True,False,False,True,20222023,,,,,,,-1,0.0
Fri.,2022-12-09,6:00 CT,St. Cloud State,0,@,Minnesota,6,,,wc,True,False,False,False,20222023,,,,,,,6,1.0
Fri.,2022-12-09,3:00 CT,St. Thomas,1,@,Minnesota Duluth,8,,,wc,True,False,False,False,20222023,,,,,,,7,1.0
Fri.,2022-12-09,6:00 ET,Quinnipiac,3,@,Providence,2,,,nc,True,False,False,False,20222023,,,,,,,-1,0.0
Fri.,2022-12-09,6:00 CT,Wisconsin,5,@,Minnesota State,2,,,wc,True,False,False,False,20222023,,,,,,,-3,0.0
Fri.,2022-12-09,6:00 ET,Vermont,3,@,Syracuse,1,,,nc,True,False,False,False,20222023,,,,,,,-2,0.0
Fri.,2022-12-09,6:00 ET,Union,1,@,Brown,3,,,ec,True,False,False,False,20222023,,,,,,,2,1.0
Fri.,2022-12-09,6:00 ET,Sacred Heart,1,@,St. Michael's,0,,,new,True,False,False,False,20222023,,,,,,,-1,0.0
Fri.,2022-12-09,3:00 ET,Franklin Pierce,2,@,LIU,2,OT,,new,True,False,False,True,20222023,,,,,,,0,0.5
Fri.,2022-12-09,7:00 ET,Holy Cross,2,@,Boston University,3,OT,,he,True,False,False,True,20222023,,,,,,,1,1.0
Fri.,2022-12-09,6:00 ET,RPI,0,@,Yale,3,,,ec,True,False,False,False,20222023,,,,,,,3,1.0
Fri.,2022-12-09,3:00 ET,Princeton,6,@,Mercyhurst,5,OT,,nc,True,False,False,True,20222023,,,,,,,-1,0.0
Sat.,2022-12-10,3:00 ET,Merrimack,4,@,Dartmouth,3,,,nc,True,False,False,False,20222023,,,,,,,-1,0.0
Sat.,2022-12-10,3:00 CT,St. Thomas,1,@,Minnesota Duluth,1,OT,,wc,True,False,False,True,20222023,,,,,,,0,0.5
Sat.,2022-12-10,3:00 CT,Minnesota,9,@,St. Cloud State,0,,,wc,True,False,False,False,20222023,,,,,,,-9,0.0
Sat.,2022-12-10,3:00 CT,Wisconsin,5,@,Minnesota State,1,,,wc,True,False,False,False,20222023,,,,,,,-4,0.0
Sat.,2022-12-10,3:00 ET,Providence,3,@,Quinnipiac,2,,,nc,True,False,False,False,20222023,,,,,,,-1,0.0
Sat.,2022-12-10,2:00 ET,Franklin Pierce,2,@,LIU,4,,,new,True,False,False,False,20222023,,,,,,,2,1.0
Sat.,2022-12-10,2:00 ET,Princeton,5,@,Mercyhurst,1,,,nc,True,False,False,False,20222023,,,,,,,-4,0.0
Sat.,2022-12-10,4:00 ET,Sacred Heart,4,@,St. Michael's,0,,,new,True,False,False,False,20222023,,,,,,,-4,0.0
Sat.,2022-12-10,3:00 ET,Vermont,2,@,Syracuse,1,,,nc,True,False,False,False,20222023,,,,,,,-1,0.0
Sat.,2022-12-10,3:00 ET,RPI,3,@,Brown,0,,,ec,True,False,False,False,20222023,,,,,,,-3,0.0
Sat.,2022-12-10,3:00 ET,Union,1,@,Yale,6,,,ec,True,False,False,False,20222023,,,,,,,5,1.0
Fri.,2022-12-16,7:30 ET,Union,3,@,Franklin Pierce,4,OT,,nc,True,False,False,True,20222023,,,,,,,1,1.0
Fri.,2022-12-16,7:45 ET,Minnesota State,8,@,LIU,1,,,nc,True,False,False,False,20222023,,,,,,,-7,0.0
Fri.,2022-12-16,2:00 CT,Bemidji State,1,@,St. Thomas,3,,,wc,True,False,False,False,20222023,,,,,,,2,1.0
Sat.,2022-12-17,7:00 ET,Ohio State,4,@,Cornell,3,,,nc,True,False,False,False,20222023,,,,,,,-1,0.0
Sat.,2022-12-17,3:00 ET,Union,3,@,Franklin Pierce,1,,,nc,True,False,False,False,20222023,,,,,,,-2,0.0
Sat.,2022-12-17,2:00 ET,Minnesota State,5,@,LIU,1,,,nc,True,False,False,False,20222023,,,,,,,-4,0.0
Sat.,2022-12-17,2:00 CT,Bemidji State,2,@,St. Thomas,5,,,wc,True,False,False,False,20222023,,,,,,,3,1.0
Sun.,2022-12-18,1:00 ET,Ohio State,4,@,Cornell,0,,,nc,True,False,False,False,20222023,,,,,,,-4,0.0
Fri.,2022-12-30,2:00 ET,LIU,3,@,Penn State,4,,,nc,True,False,False,False,20222023,,,,,,,1,1.0
Fri.,2022-12-30,7:10 CT,Ohio State,9,@,Lindenwood,1,,,nc,True,False,False,False,20222023,,,,,,,-8,0.0
Fri.,2022-12-30,2:00 ET,Dartmouth,3,@,Stonehill,2,,,nc,True,False,False,False,20222023,,,,,,,-1,0.0
Sat.,2022-12-31,1:00 ET,LIU,1,@,Penn State,4,,,nc,True,False,False,False,20222023,,,,,,,3,1.0
Sat.,2022-12-31,2:10 CT,Ohio State,6,@,Lindenwood,0,,,nc,True,False,False,False,20222023,,,,,,,-6,0.0
Sat.,2022-12-31,2:00 ET,Connecticut,3,@,Brown,0,,,nc,True,False,False,False,20222023,,,,,,,-3,0.0
Sat.,2022-12-31,3:00 ET,Wisconsin,3,@,Quinnipiac,0,,,nc,True,False,False,False,20222023,,,,,,,-3,0.0
Sat.,2022-12-31,5:00 ET,Merrimack,4,@,Saint Anselm,2,,,nc,True,False,False,False,20222023,,,,,,,-2,0.0
Sun.,2023-01-01,3:00 ET,Wisconsin,0,@,Quinnipiac,3,,,nc,True,False,False,False,20222023,,,,,,,3,1.0
Mon.,2023-01-02,3:00 ET,Mercyhurst,1,@,Yale,3,,,nc,True,False,False,False,20222023,,,,,,,2,1.0
Mon.,2023-01-02,1:00 ET,St. Michael's,1,@,Union,6,,,nc,True,False,False,False,20222023,,,,,,,5,1.0
Mon.,2023-01-02,6:00 ET,Saint Anselm,2,@,New Hampshire,4,,,nc,True,False,False,False,20222023,,,,,,,2,1.0
Tue.,2023-01-03,11:00am ET,Sacred Heart,4,@,St. Michael's,0,,,nc,True,False,False,False,20222023,,,,,,,-4,0.0
Tue.,2023-01-03,3:00 ET,Mercyhurst,0,@,Yale,5,,,nc,True,False,False,False,20222023,,,,,,,5,1.0
Thu.,2023-01-05,6:00 ET,Maine,1,@,Boston College,4,,,he,True,False,False,False,20222023,,,,,,,3,1.0
Thu.,2023-01-05,1:00 ET,Mercyhurst,13,@,Post,0,,,nc,True,False,False,False,20222023,,,,,,,-13,0.0
Fri.,2023-01-06,1:00 CT,New Hampshire,0,vs,St. Cloud State,3,,,nc,True,True,False,False,20222023,,,,,,,3,1.0
Fri.,2023-01-06,6:00 CT,Merrimack,2,@,Minnesota,9,,,nc,True,False,False,False,20222023,,,,,,,7,1.0
Fri.,2023-01-06,6:00 CT,RIT,1,@,St. Thomas,5,,,nc,True,False,False,False,20222023,,,,,,,4,1.0
Fri.,2023-01-06,6:10 ET,Lake Forest,1,@,St. Michael's,0,,,nc,True,False,False,False,20222023,,,,,,,-1,0.0
Fri.,2023-01-06,10:00am ET,Mercyhurst,8,@,Post,0,,,nc,True,False,False,False,20222023,,,,,,,-8,0.0
Fri.,2023-01-06,7:10 CT,Minnesota State,8,@,Lindenwood,0,,,nc,True,False,False,False,20222023,,,,,,,-8,0.0
Fri.,2023-01-06,3:00 ET,Saint Anselm,4,@,LIU,4,OT,,new,True,False,False,True,20222023,,,,,,,0,0.5
Fri.,2023-01-06,6:00 ET,Maine,1,@,Boston College,4,,,he,True,False,False,False,20222023,,,,,,,3,1.0
Fri.,2023-01-06,6:00 ET,Sacred Heart,4,@,Stonehill,3,OT,,new,True,False,False,True,20222023,,,,,,,-1,0.0
Fri.,2023-01-06,6:00 ET,Providence,0,@,Vermont,2,,,he,True,False,False,False,20222023,,,,,,,2,1.0
Fri.,2023-01-06,6:00 ET,Union,2,@,Cornell,7,,,ec,True,False,False,False,20222023,,,,,,,5,1.0
Fri.,2023-01-06,6:00 ET,RPI,0,@,Colgate,4,,,ec,True,False,False,False,20222023,,,,,,,4,1.0
Fri.,2023-01-06,3:00 ET,Dartmouth,2,@,Princeton,5,,,ec,True,False,False,False,20222023,,,,,,,3,1.0
Fri.,2023-01-06,3:00 ET,Harvard,1,@,Quinnipiac,3,,,ec,True,False,False,False,20222023,,,,,,,2,1.0
Fri.,2023-01-06,6:00 ET,Yale,3,@,Clarkson,1,,,ec,True,False,False,False,20222023,,,,,,,-2,0.0
Fri.,2023-01-06,6:00 ET,Brown,0,@,St. Lawrence,5,,,ec,True,False,False,False,20222023,,,,,,,5,1.0
Fri.,2023-01-06,6:30 ET,Boston University,2,@,Holy Cross,3,,,he,True,False,False,False,20222023,,,,,,,1,1.0
Sat.,2023-01-07,2:00 ET,Sacred Heart,1,@,Stonehill,2,,,new,True,False,False,False,20222023,,,,,,,1,1.0
Sat.,2023-01-07,1:00 CT,Merrimack,1,vs,St. Cloud State,3,,,nc,True,True,False,False,20222023,,,,,,,2,1.0
Sat.,2023-01-07,1:00 CT,Minnesota Duluth,3,@,Wisconsin,1,,,wc,True,False,False,False,20222023,,,,,,,-2,0.0
Sat.,2023-01-07,6:00 CT,RIT,0,@,St. Thomas,3,,,nc,True,False,False,False,20222023,,,,,,,3,1.0
Sat.,2023-01-07,2:10 CT,Minnesota State,5,@,Lindenwood,2,,,nc,True,False,False,False,20222023,,,,,,,-3,0.0
Sat.,2023-01-07,2:00 ET,Saint Anselm,1,@,LIU,2,OT,,new,True,False,False,True,20222023,,,,,,,1,1.0
Sat.,2023-01-07,4:30 CT,New Hampshire,1,@,Minnesota,8,,,nc,True,False,False,False,20222023,,,,,,,7,1.0
Sat.,2023-01-07,3:00 ET,RPI,0,@,Cornell,1,,,ec,True,False,False,False,20222023,,,,,,,1,1.0
Sat.,2023-01-07,3:00 ET,Dartmouth,2,@,Quinnipiac,3,,,ec,True,False,False,False,20222023,,,,,,,1,1.0
Sat.,2023-01-07,3:00 ET,Brown,1,@,Clarkson,2,,,ec,True,False,False,False,20222023,,,,,,,1,1.0
Sat.,2023-01-07,3:00 ET,Harvard,0,@,Princeton,3,,,ec,True,False,False,False,20222023,,,,,,,3,1.0
Sat.,2023-01-07,3:00 ET,Union,0,@,Colgate,10,,,ec,True,False,False,False,20222023,,,,,,,10,1.0
Sat.,2023-01-07,3:00 ET,Yale,4,@,St. Lawrence,2,,,ec,True,False,False,False,20222023,,,,,,,-2,0.0
Sat.,2023-01-07,4:00 ET,Providence,1,@,Vermont,4,,,he,True,False,False,False,20222023,,,,,,,3,1.0
Sun.,2023-01-08,3:00 ET,Boston University,0,@,Northeastern,6,,,he,True,False,False,False,20222023,,,,,,,6,1.0
Sun.,2023-01-08,12:00 CT,Minnesota Duluth,1,@,Wisconsin,0,,,wc,True,False,False,False,20222023,,,,,,,-1,0.0
Tue.,2023-01-10,3:00 ET,Yale,6,@,Saint Anselm,0,,,nc,True,False,False,False,20222023,,,,,,,-6,0.0
Tue.,2023-01-10,6:00 ET,Colgate,5,@,Syracuse,2,,,nc,True,False,False,False,20222023,,,,,,,-3,0.0
Tue.,2023-01-10,12:00 ET,St. Lawrence,2,@,Harvard,2,OT,,ec,True,False,False,True,20222023,,,,,,,0,0.5
Tue.,2023-01-10,1:00 ET,St. Michael's,1,@,Post,1,OT,,new,True,False,False,True,20222023,,,,,,,0,0.5
Wed.,2023-01-11,11:20am ET,St. Michael's,3,@,Post,7,,,new,True,False,False,False,20222023,,,,,,,4,1.0
Thu.,2023-01-12,6:00 ET,Brown,1,@,Yale,4,,,ec,True,False,False,False,20222023,,,,,,,3,1.0
Fri.,2023-01-13,1:00 ET,Boston University,1,@,Holy Cross,2,OT,,he,True,False,False,True,20222023,,,,,,,1,1.0
Fri.,2023-01-13,6:00 CT,St. Cloud State,1,@,Minnesota State,3,,,wc,True,False,False,False,20222023,,,,,,,2,1.0
Fri.,2023-01-13,6:00 CT,St. Thomas,0,@,Minnesota,5,,,wc,True,False,False,False,20222023,,,,,,,5,1.0
Fri.,2023-01-13,6:00 CT,Bemidji State,1,@,Minnesota Duluth,8,,,wc,True,False,False,False,20222023,,,,,,,7,1.0
Fri.,2023-01-13,7:30 ET,Stonehill,6,@,Franklin Pierce,3,,,new,True,False,False,False,20222023,,,,,,,-3,0.0
Fri.,2023-01-13,3:00 ET,Post,1,@,LIU,7,,,new,True,False,False,False,20222023,,,,,,,6,1.0
Fri.,2023-01-13,6:00 ET,Merrimack,2,@,Connecticut,4,,,he,True,False,False,False,20222023,,,,,,,2,1.0
Fri.,2023-01-13,6:00 ET,Maine,4,@,New Hampshire,5,,,he,True,False,False,False,20222023,,,,,,,1,1.0
Fri.,2023-01-13,6:00 ET,Wisconsin,1,@,Ohio State,2,OT,,wc,True,False,False,True,20222023,,,,,,,1,1.0
Fri.,2023-01-13,6:00 ET,Vermont,3,@,Providence,0,,,he,True,False,False,False,20222023,,,,,,,-3,0.0
Fri.,2023-01-13,3:00 ET,Harvard,3,@,Dartmouth,2,OT,,ec,True,False,False,True,20222023,,,,,,,-1,0.0
Fri.,2023-01-13,6:00 ET,St. Lawrence,3,@,Union,0,,,ec,True,False,False,False,20222023,,,,,,,-3,0.0
Fri.,2023-01-13,6:00 ET,Princeton,1,@,Cornell,4,,,ec,True,False,False,False,20222023,,,,,,,3,1.0
Fri.,2023-01-13,6:00 ET,Quinnipiac,2,@,Colgate,1,OT,,ec,True,False,False,True,20222023,,,,,,,-1,0.0
Fri.,2023-01-13,6:00 ET,Clarkson,2,@,RPI,1,OT,,ec,True,False,False,True,20222023,,,,,,,-1,0.0
Fri.,2023-01-13,6:00 ET,RIT,2,@,Penn State,4,,,ch,True,False,False,False,20222023,,,,,,,2,1.0
Fri.,2023-01-13,7:10 CT,Mercyhurst,4,@,Lindenwood,3,OT,,ch,True,False,False,True,20222023,,,,,,,-1,0.0
Fri.,2023-01-13,3:00 ET,Boston College,0,@,Northeastern,1,OT,,he,True,False,False,True,20222023,,,,,,,1,1.0
Sat.,2023-01-14,6:15 ET,LIU,4,@,Post,0,,,new,True,False,False,False,20222023,,,,,,,-4,0.0
Sat.,2023-01-14,5:00 ET,Franklin Pierce,1,@,Stonehill,4,,,new,True,False,False,False,20222023,,,,,,,3,1.0
Sat.,2023-01-14,3:00 CT,St. Cloud State,1,@,Minnesota State,4,,,wc,True,False,False,False,20222023,,,,,,,3,1.0
Sat.,2023-01-14,3:00 ET,Wisconsin,0,@,Ohio State,5,,,wc,True,False,False,False,20222023,,,,,,,5,1.0
Sat.,2023-01-14,2:00 CT,St. Thomas,1,@,Minnesota,4,,,wc,True,False,False,False,20222023,,,,,,,3,1.0
Sat.,2023-01-14,6:00 ET,Boston College,3,@,Holy Cross,0,,,he,True,False,False,False,20222023,,,,,,,-3,0.0
Sat.,2023-01-14,3:00 CT,Bemidji State,0,@,Minnesota Duluth,5,,,wc,True,False,False,False,20222023,,,,,,,5,1.0
Sat.,2023-01-14,2:00 ET,Providence,5,@,Merrimack,2,,,he,True,False,False,False,20222023,,,,,,,-3,0.0
Sat.,2023-01-14,3:00 ET,Maine,0,@,Northeastern,5,,,he,True,False,False,False,20222023,,,,,,,5,1.0
Sat.,2023-01-14,2:00 ET,Yale,4,@,Brown,0,,,ec,True,False,False,False,20222023,,,,,,,-4,0.0
Sat.,2023-01-14,3:00 ET,Princeton,2,@,Colgate,6,,,ec,True,False,False,False,20222023,,,,,,,4,1.0
Sat.,2023-01-14,3:00 ET,Clarkson,7,@,Union,0,,,ec,True,False,False,False,20222023,,,,,,,-7,0.0
Sat.,2023-01-14,3:00 ET,St. Lawrence,0,@,RPI,2,,,ec,True,False,False,False,20222023,,,,,,,2,1.0
Sat.,2023-01-14,3:00 ET,Quinnipiac,6,@,Cornell,1,,,ec,True,False,False,False,20222023,,,,,,,-5,0.0
Sat.,2023-01-14,2:00 ET,RIT,2,@,Penn State,2,OT,,ch,True,False,False,True,20222023,,,,,,,0,0.5
Sat.,2023-01-14,1:10 CT,Mercyhurst,3,@,Lindenwood,2,,,ch,True,False,False,False,20222023,,,,,,,-1,0.0
Sat.,2023-01-14,3:00 ET,Vermont,1,@,Connecticut,4,,,he,True,False,False,False,20222023,,,,,,,3,1.0
Sun.,2023-01-15,3:00 ET,Harvard,1,@,Sacred Heart,2,OT,,nc,True,False,False,True,20222023,,,,,,,1,1.0
Tue.,2023-01-17,6:00 ET,Cornell,4,@,Syracuse,1,,,nc,True,False,False,False,20222023,,,,,,,-3,0.0
Tue.,2023-01-17,6:00 ET,St. Lawrence,1,@,RIT,2,,,nc,True,False,False,False,20222023,,,,,,,1,1.0
Tue.,2023-01-17,7:00 ET,Providence,2,@,Boston University,2,OT,,he,True,False,False,True,20222023,,,,,,,0,0.5
Tue.,2023-01-17,6:00 ET,Connecticut,3,@,Boston College,1,,,he,True,False,False,False,20222023,,,,,,,-2,0.0
Fri.,2023-01-20,2:00 ET,Northeastern,3,@,Merrimack,1,,,he,True,False,False,False,20222023,,,,,,,-2,0.0
Fri.,2023-01-20,3:00 CT,Ohio State,6,@,St. Cloud State,2,,,wc,True,False,False,False,20222023,,,,,,,-4,0.0
Fri.,2023-01-20,3:00 CT,Minnesota,7,@,Bemidji State,0,,,wc,True,False,False,False,20222023,,,,,,,-7,0.0
Fri.,2023-01-20,6:00 ET,Saint Anselm,5,@,Stonehill,3,,,new,True,False,False,False,20222023,,,,,,,-2,0.0
Fri.,2023-01-20,6:10 ET,Franklin Pierce,2,@,St. Michael's,0,,,new,True,False,False,False,20222023,,,,,,,-2,0.0
Fri.,2023-01-20,2:00 ET,Post,2,@,Sacred Heart,3,,,new,True,False,False,False,20222023,,,,,,,1,1.0
Fri.,2023-01-20,6:00 ET,Holy Cross,1,@,Vermont,3,,,he,True,False,False,False,20222023,,,,,,,2,1.0
Fri.,2023-01-20,6:00 ET,Boston College,3,@,New Hampshire,5,,,he,True,False,False,False,20222023,,,,,,,2,1.0
Fri.,2023-01-20,6:00 ET,Boston University,3,@,Maine,3,OT,,he,True,False,False,True,20222023,,,,,,,0,0.5
Fri.,2023-01-20,6:00 ET,Union,1,@,Dartmouth,3,,,ec,True,False,False,False,20222023,,,,,,,2,1.0
Fri.,2023-01-20,6:00 ET,Yale,3,@,Princeton,1,,,ec,True,False,False,False,20222023,,,,,,,-2,0.0
Fri.,2023-01-20,6:00 ET,Connecticut,2,@,Providence,2,OT,,he,True,False,False,True,20222023,,,,,,,0,0.5
Fri.,2023-01-20,6:00 ET,Brown,1,@,Quinnipiac,3,,,ec,True,False,False,False,20222023,,,,,,,2,1.0
Fri.,2023-01-20,6:00 ET,Clarkson,2,@,St. Lawrence,2,OT,,ec,True,False,False,True,20222023,,,,,,,0,0.5
Fri.,2023-01-20,6:00 ET,RPI,1,@,Harvard,3,,,ec,True,False,False,False,20222023,,,,,,,2,1.0
Fri.,2023-01-20,2:00 ET,Cornell,3,@,Colgate,9,,,ec,True,False,False,False,20222023,,,,,,,6,1.0
Fri.,2023-01-20,7:10 CT,Syracuse,4,@,Lindenwood,1,,,ch,True,False,False,False,20222023,,,,,,,-3,0.0
Sat.,2023-01-21,6:00 CT,Minnesota Duluth,3,@,St. Thomas,0,,,wc,True,False,False,False,20222023,,,,,,,-3,0.0
Sat.,2023-01-21,2:00 CT,Minnesota,4,@,Bemidji State,1,,,wc,True,False,False,False,20222023,,,,,,,-3,0.0
Sat.,2023-01-21,2:00 CT,Ohio State,3,@,St. Cloud State,2,OT,,wc,True,False,False,True,20222023,,,,,,,-1,0.0
Sat.,2023-01-21,4:00 ET,Franklin Pierce,4,@,St. Michael's,1,,,new,True,False,False,False,20222023,,,,,,,-3,0.0
Sat.,2023-01-21,3:00 ET,Stonehill,8,@,Saint Anselm,3,,,new,True,False,False,False,20222023,,,,,,,-5,0.0
Sat.,2023-01-21,2:00 ET,Post,2,@,Sacred Heart,3,,,new,True,False,False,False,20222023,,,,,,,1,1.0
Sat.,2023-01-21,4:00 ET,Northeastern,3,@,Vermont,1,,,he,True,False,False,False,20222023,,,,,,,-2,0.0
Sat.,2023-01-21,4:00 ET,Holy Cross,5,@,Merrimack,1,,,he,True,False,False,False,20222023,,,,,,,-4,0.0
Sat.,2023-01-21,3:00 ET,St. Lawrence,1,@,Clarkson,3,,,ec,True,False,False,False,20222023,,,,,,,2,1.0
Sat.,2023-01-21,3:00 ET,Boston College,1,@,Maine,2,OT,,he,True,False,False,True,20222023,,,,,,,1,1.0
Sat.,2023-01-21,2:00 ET,Colgate,2,@,Cornell,4,,,ec,True,False,False,False,20222023,,,,,,,2,1.0
Sat.,2023-01-21,7:00 CT,Minnesota State,1,@,Wisconsin,2,,,wc,True,False,False,False,20222023,,,,,,,1,1.0
Sat.,2023-01-21,3:00 ET,Yale,4,@,Quinnipiac,2,,,ec,True,False,False,False,20222023,,,,,,,-2,0.0
Sat.,2023-01-21,3:00 ET,RPI,2,@,Dartmouth,1,,,ec,True,False,False,False,20222023,,,,,,,-1,0.0
Sat.,2023-01-21,3:00 ET,Union,3,@,Harvard,1,,,ec,True,False,False,False,20222023,,,,,,,-2,0.0
Sat.,2023-01-21,3:00 ET,Brown,4,@,Princeton,3,OT,,ec,True,False,False,True,20222023,,,,,,,-1,0.0
Sat.,2023-01-21,1:10 CT,Syracuse,3,@,Lindenwood,6,,,ch,True,False,False,False,20222023,,,,,,,3,1.0
Sat.,2023-01-21,2:00 ET,Boston University,3,@,New Hampshire,1,,,he,True,False,False,False,20222023,,,,,,,-2,0.0
Sun.,2023-01-22,2:00 CT,Minnesota Duluth,5,@,St. Thomas,1,,,wc,True,False,False,False,20222023,,,,,,,-4,0.0
Sun.,2023-01-22,3:00 CT,Minnesota State,0,@,Wisconsin,6,,,wc,True,False,False,False,20222023,,,,,,,6,1.0
Sun.,2023-01-22,5:00 ET,Penn State,5,@,Mercyhurst,2,,,ch,True,False,False,False,20222023,,,,,,,-3,0.0
Mon.,2023-01-23,2:00 ET,Penn State,3,@,Mercyhurst,2,OT,,ch,True,False,False,True,20222023,,,,,,,-1,0.0
Tue.,2023-01-24,6:00 ET,Syracuse,3,@,RIT,5,,,ch,True,False,False,False,20222023,,,,,,,2,1.0
Wed.,2023-01-25,6:00 ET,RIT,1,@,Syracuse,4,,,ch,True,False,False,False,20222023,,,,,,,3,1.0
Fri.,2023-01-27,6:00 ET,Connecticut,4,@,Maine,5,OT,,he,True,False,False,True,20222023,,,,,,,1,1.0
Fri.,2023-01-27,6:00 CT,Wisconsin,6,@,St. Thomas,1,,,wc,True,False,False,False,20222023,,,,,,,-5,0.0
Fri.,2023-01-27,6:00 ET,Minnesota State,2,@,Ohio State,6,,,wc,True,False,False,False,20222023,,,,,,,4,1.0
Fri.,2023-01-27,6:00 CT,Bemidji State,0,@,St. Cloud State,2,,,wc,True,False,False,False,20222023,,,,,,,2,1.0
Fri.,2023-01-27,3:00 CT,Minnesota,3,@,Minnesota Duluth,1,,,wc,True,False,False,False,20222023,,,,,,,-2,0.0
Fri.,2023-01-27,8:00 ET,Stonehill,7,@,Post,1,,,new,True,False,False,False,20222023,,,,,,,-6,0.0
Fri.,2023-01-27,4:00 ET,Franklin Pierce,4,@,Saint Anselm,4,OT,,new,True,False,False,True,20222023,,,,,,,0,0.5
Fri.,2023-01-27,3:00 ET,St. Michael's,0,@,LIU,6,,,new,True,False,False,False,20222023,,,,,,,6,1.0
Fri.,2023-01-27,6:00 ET,Vermont,3,@,Boston College,2,,,he,True,False,False,False,20222023,,,,,,,-1,0.0
Fri.,2023-01-27,3:00 ET,Holy Cross,0,@,Northeastern,4,,,he,True,False,False,False,20222023,,,,,,,4,1.0
Fri.,2023-01-27,6:00 ET,Providence,7,@,New Hampshire,4,,,he,True,False,False,False,20222023,,,,,,,-3,0.0
Fri.,2023-01-27,7:00 ET,Merrimack,1,@,Boston University,4,,,he,True,False,False,False,20222023,,,,,,,3,1.0
Fri.,2023-01-27,6:00 ET,St. Lawrence,1,@,Yale,6,,,ec,True,False,False,False,20222023,,,,,,,5,1.0
Fri.,2023-01-27,6:00 ET,Clarkson,3,@,Brown,1,,,ec,True,False,False,False,20222023,,,,,,,-2,0.0
Fri.,2023-01-27,6:00 ET,Union,1,@,RPI,2,,,ec,True,False,False,False,20222023,,,,,,,1,1.0
Fri.,2023-01-27,6:00 ET,Dartmouth,0,@,Colgate,7,,,ec,True,False,False,False,20222023,,,,,,,7,1.0
Fri.,2023-01-27,6:00 ET,Harvard,7,@,Cornell,6,,,ec,True,False,False,False,20222023,,,,,,,-1,0.0
Fri.,2023-01-27,6:00 ET,Lindenwood,1,@,Penn State,5,,,ch,True,False,False,False,20222023,,,,,,,4,1.0
Sat.,2023-01-28,2:00 ET,St. Michael's,1,@,LIU,8,,,new,True,False,False,False,20222023,,,,,,,7,1.0
Sat.,2023-01-28,7:30 ET,Saint Anselm,2,@,Franklin Pierce,3,OT,,new,True,False,False,True,20222023,,,,,,,1,1.0
Sat.,2023-01-28,3:00 ET,Minnesota State,2,@,Ohio State,4,,,wc,True,False,False,False,20222023,,,,,,,2,1.0
Sat.,2023-01-28,2:30 ET,Stonehill,4,@,Post,1,,,new,True,False,False,False,20222023,,,,,,,-3,0.0
Sat.,2023-01-28,6:00 CT,Wisconsin,3,@,St. Thomas,0,,,wc,True,False,False,False,20222023,,,,,,,-3,0.0
Sat.,2023-01-28,3:00 CT,Minnesota,4,@,Minnesota Duluth,3,,,wc,True,False,False,False,20222023,,,,,,,-1,0.0
Sat.,2023-01-28,3:00 CT,Bemidji State,1,@,St. Cloud State,2,,,wc,True,False,False,False,20222023,,,,,,,1,1.0
Sat.,2023-01-28,3:00 ET,Union,1,vs,RPI,3,,,nc,True,True,False,False,20222023,,,,,,,2,1.0
Sat.,2023-01-28,6:00 ET,Providence,4,@,Maine,4,OT,,he,True,False,False,True,20222023,,,,,,,0,0.5
Sat.,2023-01-28,2:00 ET,Lindenwood,3,@,Penn State,6,,,ch,True,False,False,False,20222023,,,,,,,3,1.0
Sat.,2023-01-28,3:00 ET,Vermont,1,@,Boston University,2,OT,,he,True,False,False,True,20222023,,,,,,,1,1.0
Sat.,2023-01-28,3:00 ET,St. Lawrence,6,@,Brown,1,,,ec,True,False,False,False,20222023,,,,,,,-5,0.0
Sat.,2023-01-28,3:00 ET,Harvard,1,@,Colgate,3,,,ec,True,False,False,False,20222023,,,,,,,2,1.0
Sat.,2023-01-28,3:00 ET,Dartmouth,5,@,Cornell,1,,,ec,True,False,False,False,20222023,,,,,,,-4,0.0
Sat.,2023-01-28,3:00 ET,Clarkson,0,@,Yale,3,,,ec,True,False,False,False,20222023,,,,,,,3,1.0
Sat.,2023-01-28,1:00 ET,Princeton,0,@,Quinnipiac,4,,,ec,True,False,False,False,20222023,,,,,,,4,1.0
Sat.,2023-01-28,1:00 ET,Syracuse,1,@,Mercyhurst,6,,,ch,True,False,False,False,20222023,,,,,,,5,1.0
Sat.,2023-01-28,2:00 ET,Merrimack,0,@,Boston College,4,,,he,True,False,False,False,20222023,,,,,,,4,1.0
Sun.,2023-01-29,2:00 ET,Quinnipiac,3,@,Princeton,11,,,ec,True,False,False,False,20222023,,,,,,,8,1.0
Sun.,2023-01-29,3:00 ET,New Hampshire,3,@,Connecticut,0,,,he,True,False,False,False,20222023,,,,,,,-3,0.0
Sun.,2023-01-29,1:00 ET,Syracuse,1,@,Mercyhurst,1,OT,,ch,True,False,False,True,20222023,,,,,,,0,0.5
Tue.,2023-01-31,6:00 ET,St. Lawrence,3,@,Colgate,3,OT,,ec,True,False,False,True,20222023,,,,,,,0,0.5
Tue.,2023-01-31,4:00 ET,Post,2,@,Sacred Heart,2,OT,,nc,True,False,False,True,20222023,,,,,,,0,0.5
Fri.,2023-02-03,7:30 ET,Sacred Heart,1,@,Franklin Pierce,3,,,new,True,False,False,False,20222023,,,,,,,2,1.0
Fri.,2023-02-03,4:00 ET,St. Michael's,1,@,Saint Anselm,1,OT,,new,True,False,False,True,20222023,,,,,,,0,0.5
Fri.,2023-02-03,3:00 CT,St. Thomas,3,@,Bemidji State,0,,,wc,True,False,False,False,20222023,,,,,,,-3,0.0
Fri.,2023-02-03,6:00 ET,LIU,2,@,Stonehill,0,,,new,True,False,False,False,20222023,,,,,,,-2,0.0
Fri.,2023-02-03,3:00 CT,Minnesota Duluth,4,@,Minnesota State,3,OT,,wc,True,False,False,True,20222023,,,,,,,-1,0.0
Fri.,2023-02-03,6:00 CT,Ohio State,2,@,Minnesota,4,,,wc,True,False,False,False,20222023,,,,,,,2,1.0
Fri.,2023-02-03,6:00 ET,New Hampshire,1,@,Northeastern,4,,,he,True,False,False,False,20222023,,,,,,,3,1.0
Fri.,2023-02-03,7:00 CT,St. Cloud State,1,@,Wisconsin,0,,,wc,True,False,False,False,20222023,,,,,,,-1,0.0
Fri.,2023-02-03,7:00 ET,Connecticut,2,@,Boston University,2,OT,,he,True,False,False,True,20222023,,,,,,,0,0.5
Fri.,2023-02-03,6:00 ET,Providence,0,@,Boston College,3,,,he,True,False,False,False,20222023,,,,,,,3,1.0
Fri.,2023-02-03,6:00 ET,Merrimack,2,@,Vermont,6,,,he,True,False,False,False,20222023,,,,,,,4,1.0
Fri.,2023-02-03,6:00 ET,Maine,1,@,Holy Cross,2,OT,,he,True,False,False,True,20222023,,,,,,,1,1.0
Fri.,2023-02-03,6:00 ET,Mercyhurst,1,@,RIT,1,OT,,ch,True,False,False,True,20222023,,,,,,,0,0.5
Fri.,2023-02-03,6:00 ET,Colgate,2,@,St. Lawrence,1,,,ec,True,False,False,False,20222023,,,,,,,-1,0.0
Fri.,2023-02-03,6:00 ET,Cornell,1,@,Clarkson,2,,,ec,True,False,False,False,20222023,,,,,,,1,1.0
Fri.,2023-02-03,6:00 ET,Penn State,7,@,Syracuse,0,,,ch,True,False,False,False,20222023,,,,,,,-7,0.0
Fri.,2023-02-03,6:00 ET,Brown,4,@,RPI,1,,,ec,True,False,False,False,20222023,,,,,,,-3,0.0
Fri.,2023-02-03,3:00 ET,Quinnipiac,8,@,Dartmouth,0,,,ec,True,False,False,False,20222023,,,,,,,-8,0.0
Fri.,2023-02-03,6:00 ET,Yale,10,@,Union,1,,,ec,True,False,False,False,20222023,,,,,,,-9,0.0
Fri.,2023-02-03,6:00 ET,Princeton,3,@,Harvard,2,,,ec,True,False,False,False,20222023,,,,,,,-1,0.0
Sat.,2023-02-04,1:00 ET,St. Michael's,4,@,Saint Anselm,5,,,new,True,False,False,False,20222023,,,,,,,1,1.0
Sat.,2023-02-04,2:00 CT,Ohio State,5,@,Minnesota,1,,,wc,True,False,False,False,20222023,,,,,,,-4,0.0
Sat.,2023-02-04,2:00 CT,St. Thomas,1,@,Bemidji State,4,,,wc,True,False,False,False,20222023,,,,,,,3,1.0
Sat.,2023-02-04,2:00 CT,Minnesota Duluth,0,@,Minnesota State,0,OT,,wc,True,False,False,True,20222023,,,,,,,0,0.5
Sat.,2023-02-04,3:00 CT,St. Cloud State,2,@,Wisconsin,3,,,wc,True,False,False,False,20222023,,,,,,,1,1.0
Sat.,2023-02-04,4:00 ET,Sacred Heart,1,@,Franklin Pierce,7,,,new,True,False,False,False,20222023,,,,,,,6,1.0
Sat.,2023-02-04,2:00 ET,LIU,2,@,Stonehill,2,OT,,new,True,False,False,True,20222023,,,,,,,0,0.5
Sat.,2023-02-04,3:00 ET,Princeton,2,@,Dartmouth,1,,,ec,True,False,False,False,20222023,,,,,,,-1,0.0
Sat.,2023-02-04,3:00 ET,Cornell,2,@,St. Lawrence,3,OT,,ec,True,False,False,True,20222023,,,,,,,1,1.0
Sat.,2023-02-04,3:00 ET,Brown,2,@,Union,0,,,ec,True,False,False,False,20222023,,,,,,,-2,0.0
Sat.,2023-02-04,3:00 ET,Colgate,2,@,Clarkson,0,,,ec,True,False,False,False,20222023,,,,,,,-2,0.0
Sat.,2023-02-04,2:00 ET,Mercyhurst,3,@,RIT,0,,,ch,True,False,False,False,20222023,,,,,,,-3,0.0
Sat.,2023-02-04,3:00 ET,Penn State,4,@,Syracuse,1,,,ch,True,False,False,False,20222023,,,,,,,-3,0.0
Sat.,2023-02-04,3:00 ET,Yale,4,@,RPI,2,,,ec,True,False,False,False,20222023,,,,,,,-2,0.0
Sun.,2023-02-05,2:00 ET,New Hampshire,7,@,Holy Cross,4,,,he,True,False,False,False,20222023,,,,,,,-3,0.0
Tue.,2023-02-07,7:30 ET,Harvard,0,@,Boston College,3,,,nc,True,False,False,False,20222023,,,,,,,3,1.0
Tue.,2023-02-07,5:00 ET,Boston University,1,vs,Northeastern,4,,,nc,True,True,False,False,20222023,,,,,,,3,1.0
Fri.,2023-02-10,6:00 CT,St. Cloud State,1,@,Minnesota Duluth,1,OT,,wc,True,False,False,True,20222023,,,,,,,0,0.5
Fri.,2023-02-10,6:00 ET,Maine,1,@,Merrimack,0,,,he,True,False,False,False,20222023,,,,,,,-1,0.0
Fri.,2023-02-10,2:00 ET,LIU,2,@,Sacred Heart,1,,,new,True,False,False,False,20222023,,,,,,,-1,0.0
Fri.,2023-02-10,6:00 ET,New Hampshire,3,@,Vermont,3,OT,,he,True,False,False,True,20222023,,,,,,,0,0.5
Fri.,2023-02-10,6:00 ET,St. Thomas,1,@,Ohio State,6,,,wc,True,False,False,False,20222023,,,,,,,5,1.0
Fri.,2023-02-10,6:00 CT,Wisconsin,2,@,Minnesota,2,OT,,wc,True,False,False,True,20222023,,,,,,,0,0.5
Fri.,2023-02-10,6:00 CT,Bemidji State,2,@,Minnesota State,3,,,wc,True,False,False,False,20222023,,,,,,,1,1.0
Fri.,2023-02-10,4:00 ET,Stonehill,3,@,St. Michael's,1,,,new,True,False,False,False,20222023,,,,,,,-2,0.0
Fri.,2023-02-10,2:00 ET,Holy Cross,1,@,Providence,3,,,he,True,False,False,False,20222023,,,,,,,2,1.0
Fri.,2023-02-10,2:00 ET,Franklin Pierce,2,@,Post,3,OT,,new,True,False,False,True,20222023,,,,,,,1,1.0
Fri.,2023-02-10,3:00 ET,St. Lawrence,7,@,Dartmouth,3,,,ec,True,False,False,False,20222023,,,,,,,-4,0.0
Fri.,2023-02-10,6:00 ET,Mercyhurst,2,@,Syracuse,0,,,ch,True,False,False,False,20222023,,,,,,,-2,0.0
Fri.,2023-02-10,7:10 CT,RIT,2,@,Lindenwood,4,,,ch,True,False,False,False,20222023,,,,,,,2,1.0
Fri.,2023-02-10,6:00 ET,Union,2,@,Princeton,3,OT,,ec,True,False,False,True,20222023,,,,,,,1,1.0
Fri.,2023-02-10,6:00 ET,Northeastern,3,@,Connecticut,2,OT,,he,True,False,False,True,20222023,,,,,,,-1,0.0
Fri.,2023-02-10,3:00 ET,Brown,2,@,Cornell,4,,,ec,True,False,False,False,20222023,,,,,,,2,1.0
Fri.,2023-02-10,6:00 ET,RPI,1,@,Quinnipiac,2,,,ec,True,False,False,False,20222023,,,,,,,1,1.0
Fri.,2023-02-10,6:00 ET,Clarkson,4,@,Harvard,2,,,ec,True,False,False,False,20222023,,,,,,,-2,0.0
Fri.,2023-02-10,3:00 ET,Yale,3,@,Colgate,5,,,ec,True,False,False,False,20222023,,,,,,,2,1.0
Sat.,2023-02-11,6:00 ET,Boston College,2,@,Boston University,1,,,he,True,False,False,False,20222023,,,,,,,-1,0.0
Sat.,2023-02-11,2:00 CT,Wisconsin,7,@,Minnesota,5,,,wc,True,False,False,False,20222023,,,,,,,-2,0.0
Sat.,2023-02-11,3:00 CT,St. Cloud State,0,@,Minnesota Duluth,2,,,wc,True,False,False,False,20222023,,,,,,,2,1.0
Sat.,2023-02-11,1:00 ET,Stonehill,5,@,St. Michael's,1,,,new,True,False,False,False,20222023,,,,,,,-4,0.0
Sat.,2023-02-11,7:00 ET,Sacred Heart,2,@,LIU,1,,,new,True,False,False,False,20222023,,,,,,,-1,0.0
Sat.,2023-02-11,2:30 ET,Franklin Pierce,8,@,Post,0,,,new,True,False,False,False,20222023,,,,,,,-8,0.0
Sat.,2023-02-11,3:00 ET,Holy Cross,2,@,Connecticut,1,,,he,True,False,False,False,20222023,,,,,,,-1,0.0
Sat.,2023-02-11,4:00 ET,New Hampshire,3,@,Merrimack,3,OT,,he,True,False,False,True,20222023,,,,,,,0,0.5
Sat.,2023-02-11,3:00 ET,RPI,3,@,Princeton,4,OT,,ec,True,False,False,True,20222023,,,,,,,1,1.0
Sat.,2023-02-11,3:00 ET,Clarkson,4,@,Dartmouth,0,,,ec,True,False,False,False,20222023,,,,,,,-4,0.0
Sat.,2023-02-11,3:00 ET,Union,1,@,Quinnipiac,5,,,ec,True,False,False,False,20222023,,,,,,,4,1.0
Sat.,2023-02-11,3:00 CT,Bemidji State,0,@,Minnesota State,4,,,wc,True,False,False,False,20222023,,,,,,,4,1.0
Sat.,2023-02-11,3:00 ET,Yale,3,@,Cornell,2,OT,,ec,True,False,False,True,20222023,,,,,,,-1,0.0
Sat.,2023-02-11,3:00 ET,Brown,1,@,Colgate,3,,,ec,True,False,False,False,20222023,,,,,,,2,1.0
Sat.,2023-02-11,3:00 ET,Mercyhurst,4,@,Syracuse,2,,,ch,True,False,False,False,20222023,,,,,,,-2,0.0
Sat.,2023-02-11,1:10 CT,RIT,2,@,Lindenwood,3,OT,,ch,True,False,False,True,20222023,,,,,,,1,1.0
Sat.,2023-02-11,4:00 ET,Maine,0,@,Vermont,3,,,he,True,False,False,False,20222023,,,,,,,3,1.0
Sat.,2023-02-11,1:00 ET,St. Thomas,0,@,Ohio State,5,,,wc,True,False,False,False,20222023,,,,,,,5,1.0
Tue.,2023-02-14,7:30 ET,Northeastern,2,@,Boston College,1,,,nc,True,False,False,False,20222023,,,,,,,-1,0.0
Tue.,2023-02-14,5:00 ET,Harvard,4,vs,Boston University,7,,,nc,True,True,False,False,20222023,,,,,,,3,1.0
Fri.,2023-02-17,2:00 ET,LIU,2,@,Franklin Pierce,3,,,new,True,False,False,False,20222023,,,,,,,1,1.0
Fri.,2023-02-17,6:00 CT,Minnesota State,3,@,St. Cloud State,6,,,wc,True,False,False,False,20222023,,,,,,,3,1.0
Fri.,2023-02-17,6:00 CT,Minnesota,2,@,St. Thomas,1,OT,,wc,True,False,False,True,20222023,,,,,,,-1,0.0
Fri.,2023-02-17,3:00 CT,Minnesota Duluth,6,@,Bemidji State,0,,,wc,True,False,False,False,20222023,,,,,,,-6,0.0
Fri.,2023-02-17,7:00 ET,St. Michael's,3,@,Sacred Heart,4,OT,,new,True,False,False,True,20222023,,,,,,,1,1.0
Fri.,2023-02-17,7:00 ET,Post,1,@,Saint Anselm,7,,,new,True,False,False,False,20222023,,,,,,,6,1.0
Fri.,2023-02-17,2:00 ET,Boston College,5,@,Providence,2,,,he,True,False,False,False,20222023,,,,,,,-3,0.0
Fri.,2023-02-17,2:00 ET,Vermont,3,@,New Hampshire,3,OT,,he,True,False,False,True,20222023,,,,,,,0,0.5
Fri.,2023-02-17,7:00 ET,Northeastern,5,@,Boston University,1,,,he,True,False,False,False,20222023,,,,,,,-4,0.0
Fri.,2023-02-17,6:00 ET,Merrimack,2,@,Maine,5,,,he,True,False,False,False,20222023,,,,,,,3,1.0
Fri.,2023-02-17,6:00 ET,Harvard,1,@,Brown,4,,,ec,True,False,False,False,20222023,,,,,,,3,1.0
Fri.,2023-02-17,6:00 ET,Dartmouth,1,@,Yale,6,,,ec,True,False,False,False,20222023,,,,,,,5,1.0
Fri.,2023-02-17,6:00 ET,Quinnipiac,1,@,St. Lawrence,4,,,ec,True,False,False,False,20222023,,,,,,,3,1.0
Fri.,2023-02-17,6:00 ET,Cornell,6,@,RPI,2,,,ec,True,False,False,False,20222023,,,,,,,-4,0.0
Fri.,2023-02-17,6:00 ET,Colgate,6,@,Union,0,,,ec,True,False,False,False,20222023,,,,,,,-6,0.0
Fri.,2023-02-17,6:00 ET,Princeton,4,@,Clarkson,5,OT,,ec,True,False,False,True,20222023,,,,,,,1,1.0
Fri.,2023-02-17,2:00 ET,Penn State,8,@,RIT,1,,,ch,True,False,False,False,20222023,,,,,,,-7,0.0
Fri.,2023-02-17,6:00 ET,Lindenwood,0,@,Mercyhurst,3,,,ch,True,False,False,False,20222023,,,,,,,3,1.0
Fri.,2023-02-17,6:00 ET,Holy Cross,0,@,Connecticut,3,,,he,True,False,False,False,20222023,,,,,,,3,1.0
Sat.,2023-02-18,3:00 CT,Ohio State,5,@,Wisconsin,6,OT,,wc,True,False,False,True,20222023,,,,,,,1,1.0
Sat.,2023-02-18,3:00 ET,Boston University,0,@,Northeastern,4,,,he,True,False,False,False,20222023,,,,,,,4,1.0
Sat.,2023-02-18,12:00 ET,LIU,0,@,Franklin Pierce,2,,,new,True,False,False,False,20222023,,,,,,,2,1.0
Sat.,2023-02-18,3:00 ET,Post,0,@,Saint Anselm,10,,,new,True,False,False,False,20222023,,,,,,,10,1.0
Sat.,2023-02-18,2:00 ET,Vermont,3,@,New Hampshire,1,,,he,True,False,False,False,20222023,,,,,,,-2,0.0
Sat.,2023-02-18,3:00 CT,Minnesota State,2,@,St. Cloud State,5,,,wc,True,False,False,False,20222023,,,,,,,3,1.0
Sat.,2023-02-18,6:00 CT,Minnesota,4,@,St. Thomas,2,,,wc,True,False,False,False,20222023,,,,,,,-2,0.0
Sat.,2023-02-18,2:00 CT,Minnesota Duluth,5,@,Bemidji State,1,,,wc,True,False,False,False,20222023,,,,,,,-4,0.0
Sat.,2023-02-18,2:00 ET,Stonehill,2,@,Syracuse,4,,,nc,True,False,False,False,20222023,,,,,,,2,1.0
Sat.,2023-02-18,2:00 ET,Merrimack,3,@,Maine,1,,,he,True,False,False,False,20222023,,,,,,,-2,0.0
Sat.,2023-02-18,2:00 ET,St. Michael's,0,@,Sacred Heart,0,OT,,new,True,False,False,True,20222023,,,,,,,0,0.5
Sat.,2023-02-18,6:00 ET,Connecticut,3,@,Holy Cross,0,,,he,True,False,False,False,20222023,,,,,,,-3,0.0
Sat.,2023-02-18,3:00 ET,Harvard,1,@,Yale,10,,,ec,True,False,False,False,20222023,,,,,,,9,1.0
Sat.,2023-02-18,3:00 ET,Dartmouth,2,@,Brown,1,,,ec,True,False,False,False,20222023,,,,,,,-1,0.0
Sat.,2023-02-18,3:00 ET,Cornell,3,@,Union,1,,,ec,True,False,False,False,20222023,,,,,,,-2,0.0
Sat.,2023-02-18,3:00 ET,Colgate,6,@,RPI,1,,,ec,True,False,False,False,20222023,,,,,,,-5,0.0
Sat.,2023-02-18,3:00 ET,Princeton,1,@,St. Lawrence,3,,,ec,True,False,False,False,20222023,,,,,,,2,1.0
Sat.,2023-02-18,3:00 ET,Quinnipiac,1,@,Clarkson,2,,,ec,True,False,False,False,20222023,,,,,,,1,1.0
Sat.,2023-02-18,1:00 ET,Penn State,3,@,RIT,1,,,ch,True,False,False,False,20222023,,,,,,,-2,0.0
Sat.,2023-02-18,2:00 ET,Lindenwood,0,@,Mercyhurst,2,,,ch,True,False,False,False,20222023,,,,,,,2,1.0
Sat.,2023-02-18,2:00 ET,Providence,3,@,Boston College,0,,,he,True,False,False,False,20222023,,,,,,,-3,0.0
Sun.,2023-02-19,2:00 CT,Ohio State,3,@,Wisconsin,1,,,wc,True,False,False,False,20222023,,,,,,,-2,0.0
Wed.,2023-02-22,7:00 ET,Merrimack,5,@,Boston University,4,OT,,nc,True,False,False,True,20222023,,,,,,,-1,0.0
Wed.,2023-02-22,7:00 ET,Holy Cross,3,@,New Hampshire,6,,,nc,True,False,False,False,20222023,,,,,,,3,1.0
Fri.,2023-02-24,7:00 CT,Minnesota State,0,@,Wisconsin,3,,,nc,True,False,False,False,20222023,,,,,,,3,1.0
Fri.,2023-02-24,6:00 ET,Bemidji State,1,@,Ohio State,4,,,nc,True,False,False,False,20222023,,,,,,,3,1.0
Fri.,2023-02-24,3:00 CT,St. Cloud State,0,@,Minnesota Duluth,1,,,nc,True,False,False,False,20222023,,,,,,,1,1.0
Fri.,2023-02-24,4:00 ET,St. Michael's,4,@,Saint Anselm,3,,,nc,True,False,False,False,20222023,,,,,,,-1,0.0
Fri.,2023-02-24,6:00 CT,St. Thomas,0,@,Minnesota,7,,,nc,True,False,False,False,20222023,,,,,,,7,1.0
Fri.,2023-02-24,5:00 ET,Post,1,@,Stonehill,7,,,nc,True,False,False,False,20222023,,,,,,,6,1.0
Fri.,2023-02-24,6:00 ET,St. Lawrence,1,@,Quinnipiac,2,,,nc,True,False,False,False,20222023,,,,,,,1,1.0
Fri.,2023-02-24,3:00 ET,Harvard,2,@,Yale,4,,,nc,True,False,False,False,20222023,,,,,,,2,1.0
Fri.,2023-02-24,6:00 ET,Princeton,3,@,Colgate,2,,,nc,True,False,False,False,20222023,,,,,,,-1,0.0
Fri.,2023-02-24,3:00 ET,Cornell,1,@,Clarkson,5,,,nc,True,False,False,False,20222023,,,,,,,4,1.0
Fri.,2023-02-24,2:30 ET,Lindenwood,1,@,Penn State,4,,,nc,True,False,False,False,20222023,,,,,,,3,1.0
Fri.,2023-02-24,1:00 ET,Syracuse,3,@,Mercyhurst,5,,,nc,True,False,False,False,20222023,,,,,,,2,1.0
Fri.,2023-02-24,4:00 ET,Sacred Heart,2,@,Franklin Pierce,1,,,nc,True,False,False,False,20222023,,,,,,,-1,0.0
Sat.,2023-02-25,3:00 CT,Minnesota State,1,@,Wisconsin,4,,,nc,True,False,False,False,20222023,,,,,,,3,1.0
Sat.,2023-02-25,3:00 ET,Bemidji State,1,@,Ohio State,2,,,nc,True,False,False,False,20222023,,,,,,,1,1.0
Sat.,2023-02-25,2:00 CT,St. Thomas,2,@,Minnesota,6,,,nc,True,False,False,False,20222023,,,,,,,4,1.0
Sat.,2023-02-25,5:00 CT,St. Cloud State,1,@,Minnesota Duluth,5,,,nc,True,False,False,False,20222023,,,,,,,4,1.0
Sat.,2023-02-25,4:00 ET,Sacred Heart,1,@,Franklin Pierce,2,OT,,nc,True,False,False,True,20222023,,,,,,,1,1.0
Sat.,2023-02-25,1:30 ET,Post,3,@,Stonehill,4,2OT,,nc,True,False,False,True,20222023,,,,,,,1,1.0
Sat.,2023-02-25,1:00 ET,St. Michael's,0,@,Saint Anselm,8,,,nc,True,False,False,False,20222023,,,,,,,8,1.0
Sat.,2023-02-25,2:30 ET,Connecticut,3,@,Boston College,4,OT,,nc,True,False,False,True,20222023,,,,,,,1,1.0
Sat.,2023-02-25,2:00 ET,Merrimack,1,@,Northeastern,5,,,nc,True,False,False,False,20222023,,,,,,,4,1.0
Sat.,2023-02-25,1:00 ET,New Hampshire,1,@,Vermont,2,OT,,nc,True,False,False,True,20222023,,,,,,,1,1.0
Sat.,2023-02-25,3:00 ET,Harvard,0,@,Yale,4,,,nc,True,False,False,False,20222023,,,,,,,4,1.0
Sat.,2023-02-25,3:00 ET,Princeton,3,@,Colgate,4,,,nc,True,False,False,False,20222023,,,,,,,1,1.0
Sat.,2023-02-25,3:00 ET,St. Lawrence,3,@,Quinnipiac,2,,,nc,True,False,False,False,20222023,,,,,,,-1,0.0
Sat.,2023-02-25,2:00 ET,Cornell,2,@,Clarkson,1,2OT,,nc,True,False,False,True,20222023,,,,,,,-1,0.0
Sat.,2023-02-25,2:00 ET,Syracuse,0,@,Mercyhurst,6,,,nc,True,False,False,False,20222023,,,,,,,6,1.0
Sat.,2023-02-25,12:30 ET,Lindenwood,1,@,Penn State,7,,,nc,True,False,False,False,20222023,,,,,,,6,1.0
Sat.,2023-02-25,3:00 ET,Maine,2,@,Providence,5,,,nc,True,False,False,False,20222023,,,,,,,3,1.0
Sun.,2023-02-26,3:00 ET,St. Lawrence,1,@,Quinnipiac,2,OT,,nc,True,False,False,True,20222023,,,,,,,1,1.0
Sun.,2023-02-26,3:00 ET,Princeton,1,@,Colgate,2,,,nc,True,False,False,False,20222023,,,,,,,1,1.0
Sun.,2023-02-26,2:00 ET,Cornell,1,@,Clarkson,4,,,nc,True,False,False,False,20222023,,,,,,,3,1.0
Sun.,2023-02-26,4:00 ET,Sacred Heart,0,@,Franklin Pierce,4,,,nc,True,False,False,False,20222023,,,,,,,4,1.0
Sun.,2023-02-26,1:00 ET,St. Michael's,2,@,Saint Anselm,3,OT,,nc,True,False,False,True,20222023,,,,,,,1,1.0
Wed.,2023-03-01,7:00 ET,Stonehill,2,@,Saint Anselm,4,,,nc,True,False,False,False,20222023,,,,,,,2,1.0
Wed.,2023-03-01,3:00 ET,Franklin Pierce,1,@,LIU,2,OT,,nc,True,False,False,True,20222023,,,,,,,1,1.0
Wed.,2023-03-01,7:30 ET,Providence,1,@,Vermont,0,,,nc,True,False,False,False,20222023,,,,,,,-1,0.0
Wed.,2023-03-01,6:00 ET,Boston College,0,@,Northeastern,3,,,nc,True,False,False,False,20222023,,,,,,,3,1.0
Fri.,2023-03-03,3:00 ET,Clarkson,4,@,Yale,3,2OT,,nc,True,False,False,True,20222023,,,,,,,-1,0.0
Fri.,2023-03-03,6:30 ET,Quinnipiac,1,vs,Colgate,5,,,nc,True,True,False,False,20222023,,,,,,,4,1.0
Fri.,2023-03-03,1:00 CT,Minnesota Duluth,1,vs,Ohio State,2,,,nc,True,True,False,False,20222023,,,,,,,1,1.0
Fri.,2023-03-03,5:00 CT,Wisconsin,2,@,Minnesota,4,,,nc,True,False,False,False,20222023,,,,,,,2,1.0
Sat.,2023-03-04,2:00 ET,Mercyhurst,1,@,Penn State,2,OT,,nc,True,False,False,True,20222023,,,,,,,1,1.0
Sat.,2023-03-04,4:00 ET,Clarkson,2,vs,Colgate,8,,,nc,True,True,False,False,20222023,,,,,,,6,1.0
Sat.,2023-03-04,12:00 ET,Providence,1,@,Northeastern,4,,,nc,True,False,False,False,20222023,,,,,,,3,1.0
Sat.,2023-03-04,7:00 ET,Saint Anselm,0,@,LIU,2,,,nc,True,False,False,False,20222023,,,,,,,2,1.0
Sat.,2023-03-04,2:00 CT,Minnesota,3,@,Ohio State,1,,,nc,True,False,False,False,20222023,,,,,,,-2,0.0
Thu.,2023-03-09,6:00 ET,Penn State,2,vs,Quinnipiac,3,3OT,,nc,True,True,False,True,20222023,,,,,,,1,1.0
Thu.,2023-03-09,6:00 ET,Wisconsin,9,vs,LIU,1,,,nc,True,True,False,False,20222023,,,,,,,-8,0.0
Thu.,2023-03-09,6:00 CT,Clarkson,0,vs,Minnesota Duluth,2,,,nc,True,True,False,False,20222023,,,,,,,2,1.0
Sat.,2023-03-11,2:00 CT,Minnesota Duluth,0,@,Minnesota,3,,,nc,True,False,False,False,20222023,,,,,,,3,1.0
Sat.,2023-03-11,5:00 ET,Quinnipiac,2,@,Ohio State,5,,,nc,True,False,False,False,20222023,,,,,,,3,1.0
Sat.,2023-03-11,3:00 ET,Wisconsin,4,@,Colgate,2,,,nc,True,False,False,False,20222023,,,,,,,-2,0.0
Sat.,2023-03-11,3:00 ET,Northeastern,4,@,Yale,1,,,nc,True,False,False,False,20222023,,,,,,,-3,0.0
Fri.,2023-03-17,2:30 CT,Northeastern,0,vs,Ohio State,3,,,nc,True,True,False,False,20222023,,,,,,,3,1.0
Fri.,2023-03-17,6:00 CT,Wisconsin,3,vs,Minnesota,2,OT,,nc,True,True,False,True,20222023,,,,,,,-1,0.0
Sun.,2023-03-19,3:00 CT,Wisconsin,1,vs,Ohio State,0,,,nc,True,True,False,False,20222023,,,,,,,-1,0.0
Sat.,2023-09-23,5:00 ET,Post,0,@,Mercyhurst,5,,,nc,True,False,False,False,20232024,,,,,,,5,1.0
Sat.,2023-09-23,3:00 CT,Bemidji State,2,@,Lindenwood,4,,,nc,True,False,False,False,20232024,,,,,,,2,1.0
Sat.,2023-09-23,3:00 ET,RIT,1,@,RPI,1,OT,,nc,True,False,False,True,20232024,,,,,,,0,0.5
Sat.,2023-09-23,2:00 ET,Merrimack,0,@,Clarkson,5,,,nc,True,False,False,False,20232024,,,,,,,5,1.0
Sat.,2023-09-23,3:00 ET,Penn State,0,@,Northeastern,1,,,nc,True,False,False,False,20232024,,,,,,,1,1.0
Sat.,2023-09-23,3:00 CT,Union,1,@,St. Cloud State,6,,,nc,True,False,False,False,20232024,,,,,,,5,1.0
Sun.,2023-09-24,1:00 CT,Union,0,@,St. Cloud State,4,,,nc,True,False,False,False,20232024,,,,,,,4,1.0
Sun.,2023-09-24,2:00 ET,Penn State,2,@,Northeastern,1,,,nc,True,False,False,False,20232024,,,,,,,-1,0.0
Sun.,2023-09-24,2:00 ET,Merrimack,0,@,Clarkson,3,,,nc,True,False,False,False,20232024,,,,,,,3,1.0
Sun.,2023-09-24,3:00 CT,Bemidji State,1,@,Lindenwood,4,,,nc,True,False,False,False,20232024,,,,,,,3,1.0
Sun.,2023-09-24,1:00 ET,Post,0,@,Mercyhurst,2,,,nc,True,False,False,False,20232024,,,,,,,2,1.0
Sun.,2023-09-24,3:30 ET,RIT,1,@,RPI,1,OT,,nc,True,False,False,True,20232024,,,,,,,0,0.5
Thu.,2023-09-28,7:10 CT,Wisconsin,6,@,Lindenwood,0,,,nc,True,False,False,False,20232024,,,,,,,-6,0.0
Fri.,2023-09-29,6:00 ET,Saint Anselm,2,@,Merrimack,3,,,nc,True,False,False,False,20232024,,,,,,,1,1.0
Fri.,2023-09-29,1:00 CT,Franklin Pierce,2,@,St. Thomas,7,,,nc,True,False,False,False,20232024,,,,,,,5,1.0
Fri.,2023-09-29,4:00 ET,St. Michael's,2,@,Sacred Heart,5,,,nc,True,False,False,False,20232024,,,,,,,3,1.0
Fri.,2023-09-29,7:45 ET,Northeastern,6,@,LIU,0,,,nc,True,False,False,False,20232024,,,,,,,-6,0.0
Fri.,2023-09-29,7:50 ET,RIT,3,@,Assumption,2,,,nc,True,False,False,False,20232024,,,,,,,-1,0.0
Fri.,2023-09-29,2:30 ET,Syracuse,2,@,Post,0,,,nc,True,False,False,False,20232024,,,,,,,-2,0.0
Fri.,2023-09-29,,Ohio State,2,@,Colgate,3,,,nc,True,False,False,False,20232024,,,,,,,1,1.0
Fri.,2023-09-29,3:00 CT,Wisconsin,16,@,Lindenwood,1,,,nc,True,False,False,False,20232024,,,,,,,-15,0.0
Fri.,2023-09-29,6:00 ET,Boston College,0,@,Clarkson,3,,,nc,True,False,False,False,20232024,,,,,,,3,1.0
Fri.,2023-09-29,6:00 ET,Maine,0,@,Quinnipiac,3,,,nc,True,False,False,False,20232024,,,,,,,3,1.0
Fri.,2023-09-29,7:00 ET,Mercyhurst,1,@,St. Lawrence,5,,,nc,True,False,False,False,20232024,,,,,,,4,1.0
Fri.,2023-09-29,6:00 ET,Robert Morris,2,@,Union,5,,,nc,True,False,False,False,20232024,,,,,,,3,1.0
Fri.,2023-09-29,6:00 ET,Connecticut,2,@,Penn State,0,,,nc,True,False,False,False,20232024,,,,,,,-2,0.0
Fri.,2023-09-29,6:00 ET,Stonehill,0,@,RPI,1,,,nc,True,False,False,False,20232024,,,,,,,1,1.0
Sat.,2023-09-30,1:15 ET,Syracuse,3,@,Post,2,,,nc,True,False,False,False,20232024,,,,,,,-1,0.0
Sat.,2023-09-30,7:00 CT,Franklin Pierce,2,@,St. Thomas,5,,,nc,True,False,False,False,20232024,,,,,,,3,1.0
Sat.,2023-09-30,3:00 ET,New Hampshire,6,@,Saint Anselm,1,,,nc,True,False,False,False,20232024,,,,,,,-5,0.0
Sat.,2023-09-30,7:30 ET,Northeastern,2,@,LIU,0,,,nc,True,False,False,False,20232024,,,,,,,-2,0.0
Sat.,2023-09-30,6:40 ET,RIT,5,@,Assumption,1,,,nc,True,False,False,False,20232024,,,,,,,-4,0.0
Sat.,2023-09-30,,Ohio State,3,@,Colgate,2,OT,,nc,True,False,False,True,20232024,,,,,,,-1,0.0
Sat.,2023-09-30,3:00 ET,Robert Morris,3,@,Union,2,OT,,nc,True,False,False,True,20232024,,,,,,,-1,0.0
Sat.,2023-09-30,3:00 ET,Maine,1,@,Quinnipiac,5,,,nc,True,False,False,False,20232024,,,,,,,4,1.0
Sat.,2023-09-30,3:00 ET,Boston College,2,@,Clarkson,4,,,nc,True,False,False,False,20232024,,,,,,,2,1.0
Sat.,2023-09-30,3:00 ET,Mercyhurst,5,@,St. Lawrence,6,OT,,nc,True,False,False,True,20232024,,,,,,,1,1.0
Sat.,2023-09-30,2:00 ET,Connecticut,1,@,Penn State,1,OT,,nc,True,False,False,True,20232024,,,,,,,0,0.5
Sat.,2023-09-30,3:00 ET,Stonehill,0,@,RPI,7,,,nc,True,False,False,False,20232024,,,,,,,7,1.0
Sun.,2023-10-01,2:00 ET,St. Michael's,2,@,New Hampshire,4,,,nc,True,False,False,False,20232024,,,,,,,2,1.0
Thu.,2023-10-05,7:00 CT,Boston College,3,@,Wisconsin,5,,,nc,True,False,False,False,20232024,,,,,,,2,1.0
Fri.,2023-10-06,6:00 CT,LIU,0,@,Minnesota Duluth,6,,,nc,True,False,False,False,20232024,,,,,,,6,1.0
Fri.,2023-10-06,7:00 CT,Boston College,2,@,Wisconsin,12,,,nc,True,False,False,False,20232024,,,,,,,10,1.0
Fri.,2023-10-06,6:00 CT,RPI,1,@,Bemidji State,1,OT,,nc,True,False,False,True,20232024,,,,,,,0,0.5
Fri.,2023-10-06,6:00 CT,Lindenwood,3,@,St. Thomas,4,,,nc,True,False,False,False,20232024,,,,,,,1,1.0
Fri.,2023-10-06,7:00 ET,Minnesota State,9,@,Sacred Heart,0,,,nc,True,False,False,False,20232024,,,,,,,-9,0.0
Fri.,2023-10-06,5:00 ET,Maine,7,@,Stonehill,0,,,nc,True,False,False,False,20232024,,,,,,,-7,0.0
Fri.,2023-10-06,6:00 ET,Quinnipiac,3,@,New Hampshire,2,OT,,nc,True,False,False,True,20232024,,,,,,,-1,0.0
Fri.,2023-10-06,6:00 ET,Clarkson,4,@,Vermont,2,,,nc,True,False,False,False,20232024,,,,,,,-2,0.0
Fri.,2023-10-06,6:00 ET,Providence,2,@,St. Lawrence,7,,,nc,True,False,False,False,20232024,,,,,,,5,1.0
Fri.,2023-10-06,6:00 ET,Penn State,2,@,Colgate,6,,,nc,True,False,False,False,20232024,,,,,,,4,1.0
Fri.,2023-10-06,6:00 ET,St. Cloud State,0,@,Mercyhurst,2,,,nc,True,False,False,False,20232024,,,,,,,2,1.0
Fri.,2023-10-06,6:00 ET,Minnesota,3,@,RIT,0,,,nc,True,False,False,False,20232024,,,,,,,-3,0.0
Fri.,2023-10-06,6:00 ET,Merrimack,2,@,Syracuse,1,OT,,nc,True,False,False,True,20232024,,,,,,,-1,0.0
Fri.,2023-10-06,6:00 ET,Northeastern,4,@,Boston University,1,,,he,True,False,False,False,20232024,,,,,,,-3,0.0
Fri.,2023-10-06,6:00 ET,Holy Cross,2,@,Union,3,OT,,nc,True,False,False,True,20232024,,,,,,,1,1.0
Sat.,2023-10-07,2:00 ET,Quinnipiac,4,@,New Hampshire,1,,,nc,True,False,False,False,20232024,,,,,,,-3,0.0
Sat.,2023-10-07,3:00 CT,LIU,0,@,Minnesota Duluth,4,,,nc,True,False,False,False,20232024,,,,,,,4,1.0
Sat.,2023-10-07,3:00 CT,RPI,3,@,Bemidji State,1,,,nc,True,False,False,False,20232024,,,,,,,-2,0.0
Sat.,2023-10-07,6:00 CT,Lindenwood,2,@,St. Thomas,7,,,nc,True,False,False,False,20232024,,,,,,,5,1.0
Sat.,2023-10-07,7:00 ET,Minnesota State,7,@,Sacred Heart,1,,,nc,True,False,False,False,20232024,,,,,,,-6,0.0
Sat.,2023-10-07,1:00 ET,Maine,7,@,Stonehill,1,,,nc,True,False,False,False,20232024,,,,,,,-6,0.0
Sat.,2023-10-07,3:00 ET,Clarkson,2,@,Vermont,2,OT,,nc,True,False,False,True,20232024,,,,,,,0,0.5
Sat.,2023-10-07,2:00 ET,Saint Anselm,1,@,Robert Morris,6,,,nc,True,False,False,False,20232024,,,,,,,5,1.0
Sat.,2023-10-07,6:00 ET,Holy Cross,3,@,Union,4,OT,,nc,True,False,False,True,20232024,,,,,,,1,1.0
Sat.,2023-10-07,2:00 ET,Penn State,2,@,Colgate,3,,,nc,True,False,False,False,20232024,,,,,,,1,1.0
Sat.,2023-10-07,6:00 ET,Minnesota,5,@,RIT,1,,,nc,True,False,False,False,20232024,,,,,,,-4,0.0
Sat.,2023-10-07,2:00 ET,St. Cloud State,1,@,Mercyhurst,0,,,nc,True,False,False,False,20232024,,,,,,,-1,0.0
Sat.,2023-10-07,2:00 ET,Providence,0,@,St. Lawrence,2,,,nc,True,False,False,False,20232024,,,,,,,2,1.0
Sat.,2023-10-07,3:00 ET,Merrimack,4,@,Syracuse,0,,,nc,True,False,False,False,20232024,,,,,,,-4,0.0
Sat.,2023-10-07,1:30 ET,Boston University,0,@,Northeastern,2,,,he,True,False,False,False,20232024,,,,,,,2,1.0
Sun.,2023-10-08,12:00 ET,Saint Anselm,4,@,Robert Morris,6,,,nc,True,False,False,False,20232024,,,,,,,2,1.0
Tue.,2023-10-10,7:00 ET,Assumption,2,@,Dartmouth,3,,,nc,True,False,False,False,20232024,,,,,,,1,1.0
Thu.,2023-10-12,7:00 CT,Minnesota State,0,@,Wisconsin,6,,,wc,True,False,False,False,20232024,,,,,,,6,1.0
Fri.,2023-10-13,3:00 CT,Ohio State,5,@,Minnesota Duluth,2,,,wc,True,False,False,False,20232024,,,,,,,-3,0.0
Fri.,2023-10-13,7:00 CT,Minnesota State,0,@,Wisconsin,9,,,wc,True,False,False,False,20232024,,,,,,,9,1.0
Fri.,2023-10-13,4:00 CT,Minnesota,8,vs,St. Thomas,0,,,wc,True,True,False,False,20232024,,,,,,,-8,0.0
Fri.,2023-10-13,5:00 ET,St. Lawrence,2,@,Vermont,6,,,nc,True,False,False,False,20232024,,,,,,,4,1.0
Fri.,2023-10-13,6:00 ET,Holy Cross,3,@,Brown,4,OT,,nc,True,False,False,True,20232024,,,,,,,1,1.0
Fri.,2023-10-13,6:00 ET,Providence,1,@,Quinnipiac,4,,,nc,True,False,False,False,20232024,,,,,,,3,1.0
Fri.,2023-10-13,6:00 ET,Penn State,1,@,Cornell,4,,,nc,True,False,False,False,20232024,,,,,,,3,1.0
Fri.,2023-10-13,6:00 ET,Robert Morris,2,@,Princeton,6,,,nc,True,False,False,False,20232024,,,,,,,4,1.0
Fri.,2023-10-13,6:00 ET,Mercyhurst,0,@,Colgate,7,,,nc,True,False,False,False,20232024,,,,,,,7,1.0
Fri.,2023-10-13,6:00 CT,Bemidji State,2,@,St. Cloud State,5,,,wc,True,False,False,False,20232024,,,,,,,3,1.0
Fri.,2023-10-13,2:00 ET,Union,1,@,RIT,4,,,nc,True,False,False,False,20232024,,,,,,,3,1.0
Fri.,2023-10-13,2:00 ET,Connecticut,3,@,Boston College,4,OT,,he,True,False,False,True,20232024,,,,,,,1,1.0
Fri.,2023-10-13,6:00 ET,Northeastern,0,@,Merrimack,1,,,he,True,False,False,False,20232024,,,,,,,1,1.0
Fri.,2023-10-13,2:00 ET,New Hampshire,3,@,Maine,2,,,he,True,False,False,False,20232024,,,,,,,-1,0.0
Fri.,2023-10-13,6:00 ET,Harvard,2,@,Dartmouth,4,,,ec,True,False,False,False,20232024,,,,,,,2,1.0
Fri.,2023-10-13,7:00 ET,Franklin Pierce,1,@,St. Michael's,0,,,new,True,False,False,False,20232024,,,,,,,-1,0.0
Fri.,2023-10-13,5:00 ET,Post,3,@,Stonehill,2,,,new,True,False,False,False,20232024,,,,,,,-1,0.0
Fri.,2023-10-13,2:00 ET,LIU,3,@,Sacred Heart,1,,,new,True,False,False,False,20232024,,,,,,,-2,0.0
Fri.,2023-10-13,7:00 ET,Assumption,3,@,Saint Anselm,3,OT,,new,True,False,False,True,20232024,,,,,,,0,0.5
Fri.,2023-10-13,6:00 ET,Syracuse,2,@,RPI,6,,,nc,True,False,False,False,20232024,,,,,,,4,1.0
Sat.,2023-10-14,3:00 ET,Penn State,2,@,Cornell,5,,,nc,True,False,False,False,20232024,,,,,,,3,1.0
Sat.,2023-10-14,3:00 CT,Ohio State,2,@,Minnesota Duluth,0,,,wc,True,False,False,False,20232024,,,,,,,-2,0.0
Sat.,2023-10-14,3:00 CT,Bemidji State,0,@,St. Cloud State,3,,,wc,True,False,False,False,20232024,,,,,,,3,1.0
Sat.,2023-10-14,4:00 CT,Minnesota,4,@,St. Thomas,0,,,wc,True,False,False,False,20232024,,,,,,,-4,0.0
Sat.,2023-10-14,3:00 ET,Quinnipiac,2,@,Providence,1,OT,,nc,True,False,False,True,20232024,,,,,,,-1,0.0
Sat.,2023-10-14,7:00 ET,Brown,1,@,Holy Cross,2,OT,,nc,True,False,False,True,20232024,,,,,,,1,1.0
Sat.,2023-10-14,3:00 ET,Vermont,0,@,St. Lawrence,3,,,nc,True,False,False,False,20232024,,,,,,,3,1.0
Sat.,2023-10-14,1:00 ET,Robert Morris,0,@,Princeton,4,,,nc,True,False,False,False,20232024,,,,,,,4,1.0
Sat.,2023-10-14,3:00 ET,Mercyhurst,1,@,Colgate,5,,,nc,True,False,False,False,20232024,,,,,,,4,1.0
Sat.,2023-10-14,12:00 ET,Union,1,@,RIT,2,,,nc,True,False,False,False,20232024,,,,,,,1,1.0
Sat.,2023-10-14,7:15 ET,Sacred Heart,1,@,LIU,3,,,new,True,False,False,False,20232024,,,,,,,2,1.0
Sat.,2023-10-14,1:00 ET,Post,0,@,Stonehill,4,,,new,True,False,False,False,20232024,,,,,,,4,1.0
Sat.,2023-10-14,6:00 ET,Assumption,3,@,Saint Anselm,7,,,new,True,False,False,False,20232024,,,,,,,4,1.0
Sat.,2023-10-14,3:00 ET,Franklin Pierce,11,@,St. Michael's,0,,,new,True,False,False,False,20232024,,,,,,,-11,0.0
Sat.,2023-10-14,7:00 ET,Merrimack,3,@,New Hampshire,3,OT,,he,True,False,False,True,20232024,,,,,,,0,0.5
Sat.,2023-10-14,2:00 ET,Boston College,2,@,Connecticut,1,,,he,True,False,False,False,20232024,,,,,,,-1,0.0
Sat.,2023-10-14,4:00 ET,RPI,2,@,Syracuse,3,,,nc,True,False,False,False,20232024,,,,,,,1,1.0
Tue.,2023-10-17,7:00 CT,St. Cloud State,1,@,Minnesota,2,,,wc,True,False,False,False,20232024,,,,,,,1,1.0
Tue.,2023-10-17,7:00 ET,Syracuse,0,@,Cornell,7,,,nc,True,False,False,False,20232024,,,,,,,7,1.0
Thu.,2023-10-19,6:00 ET,RIT,1,@,St. Lawrence,2,,,nc,True,False,False,False,20232024,,,,,,,1,1.0
Fri.,2023-10-20,6:00 ET,Stonehill,2,@,Saint Anselm,4,,,new,True,False,False,False,20232024,,,,,,,2,1.0
Fri.,2023-10-20,3:00 CT,Minnesota Duluth,3,@,Minnesota State,1,,,wc,True,False,False,False,20232024,,,,,,,-2,0.0
Fri.,2023-10-20,3:00 CT,Ohio State,6,@,St. Thomas,2,,,wc,True,False,False,False,20232024,,,,,,,-4,0.0
Fri.,2023-10-20,7:00 CT,Bemidji State,0,@,Wisconsin,4,,,wc,True,False,False,False,20232024,,,,,,,4,1.0
Fri.,2023-10-20,6:00 ET,Syracuse,4,@,Boston University,4,OT,,nc,True,False,False,True,20232024,,,,,,,0,0.5
Fri.,2023-10-20,3:00 ET,Clarkson,5,@,Robert Morris,1,,,nc,True,False,False,False,20232024,,,,,,,-4,0.0
Fri.,2023-10-20,6:00 ET,Cornell,3,@,Mercyhurst,3,OT,,nc,True,False,False,True,20232024,,,,,,,0,0.5
Fri.,2023-10-20,7:00 ET,Lindenwood,4,@,Sacred Heart,2,,,nc,True,False,False,False,20232024,,,,,,,-2,0.0
Fri.,2023-10-20,2:00 ET,Vermont,4,@,Merrimack,2,,,he,True,False,False,False,20232024,,,,,,,-2,0.0
Fri.,2023-10-20,7:00 ET,Boston College,2,@,Holy Cross,1,,,he,True,False,False,False,20232024,,,,,,,-1,0.0
Fri.,2023-10-20,6:00 ET,New Hampshire,2,@,Connecticut,0,,,he,True,False,False,False,20232024,,,,,,,-2,0.0
Fri.,2023-10-20,4:00 ET,St. Cloud State,2,vs,Northeastern,0,,,nc,True,True,False,False,20232024,,,,,,,-2,0.0
Fri.,2023-10-20,12:00 ET,Maine,4,@,Providence,3,,,he,True,False,False,False,20232024,,,,,,,-1,0.0
Fri.,2023-10-20,6:00 ET,Brown,0,@,Quinnipiac,1,,,ec,True,False,False,False,20232024,,,,,,,1,1.0
Fri.,2023-10-20,6:00 ET,Union,3,@,Harvard,1,,,ec,True,False,False,False,20232024,,,,,,,-2,0.0
Fri.,2023-10-20,6:00 ET,RPI,5,@,Dartmouth,4,OT,,ec,True,False,False,True,20232024,,,,,,,-1,0.0
Fri.,2023-10-20,6:00 ET,Yale,3,@,Princeton,0,,,ec,True,False,False,False,20232024,,,,,,,-3,0.0
Sat.,2023-10-21,2:00 CT,Minnesota Duluth,4,@,Minnesota State,1,,,wc,True,False,False,False,20232024,,,,,,,-3,0.0
Sat.,2023-10-21,2:00 CT,Ohio State,7,@,St. Thomas,1,,,wc,True,False,False,False,20232024,,,,,,,-6,0.0
Sat.,2023-10-21,2:00 CT,Bemidji State,1,@,Wisconsin,8,,,wc,True,False,False,False,20232024,,,,,,,7,1.0
Sat.,2023-10-21,3:00 ET,Syracuse,1,@,Boston University,6,,,nc,True,False,False,False,20232024,,,,,,,5,1.0
Sat.,2023-10-21,1:00 ET,Clarkson,2,@,Robert Morris,1,,,nc,True,False,False,False,20232024,,,,,,,-1,0.0
Sat.,2023-10-21,2:00 ET,Cornell,3,@,Mercyhurst,1,,,nc,True,False,False,False,20232024,,,,,,,-2,0.0
Sat.,2023-10-21,7:10 ET,Post,4,@,Assumption,5,OT,,new,True,False,False,True,20232024,,,,,,,1,1.0
Sat.,2023-10-21,1:00 ET,Saint Anselm,0,@,Stonehill,4,,,new,True,False,False,False,20232024,,,,,,,4,1.0
Sat.,2023-10-21,2:00/5:00 ET,Lindenwood,0,vs,St. Cloud State,5,,,nc,True,True,False,False,20232024,,,,,,,5,1.0
Sat.,2023-10-21,4:00 ET,Vermont,4,@,Merrimack,2,,,he,True,False,False,False,20232024,,,,,,,-2,0.0
Sat.,2023-10-21,2:00 ET,Holy Cross,2,@,Boston College,2,OT,,he,True,False,False,True,20232024,,,,,,,0,0.5
Sat.,2023-10-21,3:00 ET,New Hampshire,0,@,Connecticut,4,,,he,True,False,False,False,20232024,,,,,,,4,1.0
Sat.,2023-10-21,2:00 ET,Maine,2,@,Providence,3,,,he,True,False,False,False,20232024,,,,,,,1,1.0
Sat.,2023-10-21,3:00 ET,RPI,5,@,Harvard,4,OT,,ec,True,False,False,True,20232024,,,,,,,-1,0.0
Sat.,2023-10-21,3:00 ET,Union,1,@,Dartmouth,1,OT,,ec,True,False,False,True,20232024,,,,,,,0,0.5
Sat.,2023-10-21,3:00 ET,Yale,3,@,Quinnipiac,6,,,ec,True,False,False,False,20232024,,,,,,,3,1.0
Sat.,2023-10-21,6:00 ET,Brown,0,@,Princeton,3,,,ec,True,False,False,False,20232024,,,,,,,3,1.0
Sat.,2023-10-21,2:00/5:00 ET,Northeastern,4,@,Sacred Heart,1,,,nc,True,False,False,False,20232024,,,,,,,-3,0.0
Fri.,2023-10-27,6:00 ET,Providence,1,@,Connecticut,6,,,he,True,False,False,False,20232024,,,,,,,5,1.0
Fri.,2023-10-27,3:30 ET,St. Michael's,1,@,Post,3,,,new,True,False,False,False,20232024,,,,,,,2,1.0
Fri.,2023-10-27,4:00 ET,Sacred Heart,3,@,Saint Anselm,5,,,new,True,False,False,False,20232024,,,,,,,2,1.0
Fri.,2023-10-27,7:00 ET,LIU,3,@,Franklin Pierce,1,,,new,True,False,False,False,20232024,,,,,,,-2,0.0
Fri.,2023-10-27,6:00 ET,Minnesota,3,@,Ohio State,4,OT,,wc,True,False,False,True,20232024,,,,,,,1,1.0
Fri.,2023-10-27,7:00 CT,Minnesota Duluth,2,@,Bemidji State,1,,,wc,True,False,False,False,20232024,,,,,,,-1,0.0
Fri.,2023-10-27,6:00 CT,Wisconsin,5,@,St. Thomas,3,,,wc,True,False,False,False,20232024,,,,,,,-2,0.0
Fri.,2023-10-27,6:00 CT,St. Cloud State,3,@,Minnesota State,1,,,wc,True,False,False,False,20232024,,,,,,,-2,0.0
Fri.,2023-10-27,7:00 ET,Stonehill,5,@,Assumption,1,,,new,True,False,False,False,20232024,,,,,,,-4,0.0
Fri.,2023-10-27,2:00 ET,Merrimack,0,@,Boston College,3,,,he,True,False,False,False,20232024,,,,,,,3,1.0
Fri.,2023-10-27,5:00 ET,Lindenwood,6,@,RIT,3,,,ch,True,False,False,False,20232024,,,,,,,-3,0.0
Fri.,2023-10-27,7:00 ET,Holy Cross,1,@,Northeastern,0,OT,,he,True,False,False,True,20232024,,,,,,,-1,0.0
Fri.,2023-10-27,6:00 ET,Colgate,4,@,RPI,3,,,ec,True,False,False,False,20232024,,,,,,,-1,0.0
Fri.,2023-10-27,3:00 ET,Quinnipiac,1,@,Clarkson,3,,,ec,True,False,False,False,20232024,,,,,,,2,1.0
Fri.,2023-10-27,6:00 ET,Harvard,1,@,Yale,2,,,ec,True,False,False,False,20232024,,,,,,,1,1.0
Fri.,2023-10-27,6:00 ET,Cornell,4,@,Union,2,,,ec,True,False,False,False,20232024,,,,,,,-2,0.0
Fri.,2023-10-27,3:00 ET,Princeton,2,@,St. Lawrence,7,,,ec,True,False,False,False,20232024,,,,,,,5,1.0
Fri.,2023-10-27,4:00 ET,Dartmouth,1,@,Brown,7,,,ec,True,False,False,False,20232024,,,,,,,6,1.0
Fri.,2023-10-27,6:00 ET,Robert Morris,2,@,Mercyhurst,9,,,ch,True,False,False,False,20232024,,,,,,,7,1.0
Fri.,2023-10-27,4:00 ET,New Hampshire,3,@,Vermont,6,,,he,True,False,False,False,20232024,,,,,,,3,1.0
Sat.,2023-10-28,4:00 ET,New Hampshire,1,@,Vermont,2,OT,,he,True,False,False,True,20232024,,,,,,,1,1.0
Sat.,2023-10-28,3:00 ET,Sacred Heart,1,@,Saint Anselm,5,,,new,True,False,False,False,20232024,,,,,,,4,1.0
Sat.,2023-10-28,5:00 CT,Wisconsin,3,@,St. Thomas,0,,,wc,True,False,False,False,20232024,,,,,,,-3,0.0
Sat.,2023-10-28,3:00 ET,LIU,4,@,Franklin Pierce,1,,,new,True,False,False,False,20232024,,,,,,,-3,0.0
Sat.,2023-10-28,3:00 CT,St. Cloud State,2,@,Minnesota State,0,,,wc,True,False,False,False,20232024,,,,,,,-2,0.0
Sat.,2023-10-28,2:00 CT,Minnesota Duluth,6,@,Bemidji State,0,,,wc,True,False,False,False,20232024,,,,,,,-6,0.0
Sat.,2023-10-28,3:00 ET,Minnesota,5,@,Ohio State,6,,,wc,True,False,False,False,20232024,,,,,,,1,1.0
Sat.,2023-10-28,3:00 ET,Northeastern,4,@,Holy Cross,2,,,he,True,False,False,False,20232024,,,,,,,-2,0.0
Sat.,2023-10-28,1:00 ET,Assumption,1,@,Stonehill,3,,,new,True,False,False,False,20232024,,,,,,,2,1.0
Sat.,2023-10-28,4:00 ET,Boston University,4,@,Maine,3,,,he,True,False,False,False,20232024,,,,,,,-1,0.0
Sat.,2023-10-28,1:15 ET,St. Michael's,0,@,Post,1,,,new,True,False,False,False,20232024,,,,,,,1,1.0
Sat.,2023-10-28,3:00 ET,Colgate,4,@,Union,0,,,ec,True,False,False,False,20232024,,,,,,,-4,0.0
Sat.,2023-10-28,3:00 ET,Princeton,0,@,Clarkson,1,,,ec,True,False,False,False,20232024,,,,,,,1,1.0
Sat.,2023-10-28,3:00 ET,Quinnipiac,1,@,St. Lawrence,4,,,ec,True,False,False,False,20232024,,,,,,,3,1.0
Sat.,2023-10-28,3:00 ET,Cornell,2,@,RPI,1,,,ec,True,False,False,False,20232024,,,,,,,-1,0.0
Sat.,2023-10-28,3:00 ET,Dartmouth,0,@,Yale,8,,,ec,True,False,False,False,20232024,,,,,,,8,1.0
Sat.,2023-10-28,5:00 ET,Harvard,1,@,Brown,2,,,ec,True,False,False,False,20232024,,,,,,,1,1.0
Sat.,2023-10-28,2:00 ET,Robert Morris,3,@,Mercyhurst,2,,,ch,True,False,False,False,20232024,,,,,,,-1,0.0
Sat.,2023-10-28,1:00 ET,Penn State,4,@,Syracuse,2,,,ch,True,False,False,False,20232024,,,,,,,-2,0.0
Sat.,2023-10-28,1:00 ET,Lindenwood,2,@,RIT,6,,,ch,True,False,False,False,20232024,,,,,,,4,1.0
Sat.,2023-10-28,4:00 ET,Boston College,3,@,Merrimack,2,OT,,he,True,False,False,True,20232024,,,,,,,-1,0.0
Sun.,2023-10-29,1:00 ET,Penn State,6,@,Syracuse,2,,,ch,True,False,False,False,20232024,,,,,,,-4,0.0
Fri.,2023-11-03,6:00 CT,St. Thomas,1,@,Minnesota Duluth,3,,,wc,True,False,False,False,20232024,,,,,,,2,1.0
Fri.,2023-11-03,6:00 CT,Minnesota State,1,@,Minnesota,3,,,wc,True,False,False,False,20232024,,,,,,,2,1.0
Fri.,2023-11-03,3:00 CT,Wisconsin,4,@,St. Cloud State,2,,,wc,True,False,False,False,20232024,,,,,,,-2,0.0
Fri.,2023-11-03,3:00 ET,Assumption,1,@,LIU,3,,,new,True,False,False,False,20232024,,,,,,,2,1.0
Fri.,2023-11-03,5:00 ET,St. Michael's,1,@,Stonehill,6,,,new,True,False,False,False,20232024,,,,,,,5,1.0
Fri.,2023-11-03,7:00 ET,Franklin Pierce,1,@,Sacred Heart,5,,,new,True,False,False,False,20232024,,,,,,,4,1.0
Fri.,2023-11-03,4:00 ET,Post,1,@,Saint Anselm,3,,,new,True,False,False,False,20232024,,,,,,,2,1.0
Fri.,2023-11-03,6:00 ET,New Hampshire,3,@,Providence,1,,,he,True,False,False,False,20232024,,,,,,,-2,0.0
Fri.,2023-11-03,2:00 ET,Boston University,2,@,Merrimack,1,OT,,he,True,False,False,True,20232024,,,,,,,-1,0.0
Fri.,2023-11-03,6:00 ET,Connecticut,3,@,Northeastern,0,,,he,True,False,False,False,20232024,,,,,,,-3,0.0
Fri.,2023-11-03,3:00 CT,Ohio State,9,@,Bemidji State,1,,,wc,True,False,False,False,20232024,,,,,,,-8,0.0
Fri.,2023-11-03,6:00 ET,Vermont,2,@,Holy Cross,3,OT,,he,True,False,False,True,20232024,,,,,,,1,1.0
Fri.,2023-11-03,6:00 CT,Penn State,4,@,Lindenwood,2,,,ch,True,False,False,False,20232024,,,,,,,-2,0.0
Fri.,2023-11-03,7:00 ET,Syracuse,2,@,Robert Morris,4,,,ch,True,False,False,False,20232024,,,,,,,2,1.0
Fri.,2023-11-03,6:00 ET,Mercyhurst,3,@,RIT,1,,,ch,True,False,False,False,20232024,,,,,,,-2,0.0
Fri.,2023-11-03,6:00 ET,Yale,1,@,Cornell,6,,,ec,True,False,False,False,20232024,,,,,,,5,1.0
Fri.,2023-11-03,2:00 ET,Maine,4,@,Boston College,3,,,he,True,False,False,False,20232024,,,,,,,-1,0.0
Fri.,2023-11-03,6:00 ET,Dartmouth,2,@,Quinnipiac,3,,,ec,True,False,False,False,20232024,,,,,,,1,1.0
Fri.,2023-11-03,6:00 ET,Brown,2,@,Colgate,4,,,ec,True,False,False,False,20232024,,,,,,,2,1.0
Fri.,2023-11-03,6:00 ET,Harvard,1,@,Princeton,1,OT,,ec,True,False,False,True,20232024,,,,,,,0,0.5
Fri.,2023-11-03,3:00 ET,Clarkson,4,@,Union,1,,,ec,True,False,False,False,20232024,,,,,,,-3,0.0
Fri.,2023-11-03,6:00 ET,St. Lawrence,4,@,RPI,1,,,ec,True,False,False,False,20232024,,,,,,,-3,0.0
Sat.,2023-11-04,4:00 ET,Merrimack,3,@,Boston University,4,OT,,he,True,False,False,True,20232024,,,,,,,1,1.0
Sat.,2023-11-04,2:00 CT,Ohio State,5,@,Bemidji State,0,,,wc,True,False,False,False,20232024,,,,,,,-5,0.0
Sat.,2023-11-04,4:00 CT,Minnesota,2,@,Minnesota State,1,,,wc,True,False,False,False,20232024,,,,,,,-1,0.0
Sat.,2023-11-04,1:00 CT,Wisconsin,5,@,St. Cloud State,2,,,wc,True,False,False,False,20232024,,,,,,,-3,0.0
Sat.,2023-11-04,2:00 ET,Assumption,0,@,LIU,3,,,new,True,False,False,False,20232024,,,,,,,3,1.0
Sat.,2023-11-04,1:00 ET,St. Michael's,5,@,Stonehill,6,OT,,new,True,False,False,True,20232024,,,,,,,1,1.0
Sat.,2023-11-04,7:00 ET,Franklin Pierce,1,@,Sacred Heart,2,,,new,True,False,False,False,20232024,,,,,,,1,1.0
Sat.,2023-11-04,1:00 ET,Post,0,@,Saint Anselm,3,,,new,True,False,False,False,20232024,,,,,,,3,1.0
Sat.,2023-11-04,3:30 ET,Maine,2,@,Boston College,4,,,he,True,False,False,False,20232024,,,,,,,2,1.0
Sat.,2023-11-04,3:00 CT,St. Thomas,0,@,Minnesota Duluth,4,,,wc,True,False,False,False,20232024,,,,,,,4,1.0
Sat.,2023-11-04,7:00 ET,Providence,1,@,New Hampshire,0,,,he,True,False,False,False,20232024,,,,,,,-1,0.0
Sat.,2023-11-04,3:00 ET,Clarkson,5,@,RPI,1,,,ec,True,False,False,False,20232024,,,,,,,-4,0.0
Sat.,2023-11-04,3:00 ET,Dartmouth,2,@,Princeton,5,,,ec,True,False,False,False,20232024,,,,,,,3,1.0
Sat.,2023-11-04,3:00 ET,Brown,1,@,Cornell,5,,,ec,True,False,False,False,20232024,,,,,,,4,1.0
Sat.,2023-11-04,3:00 ET,Yale,0,@,Colgate,4,,,ec,True,False,False,False,20232024,,,,,,,4,1.0
Sat.,2023-11-04,3:00 ET,Harvard,1,@,Quinnipiac,7,,,ec,True,False,False,False,20232024,,,,,,,6,1.0
Sat.,2023-11-04,3:00 ET,St. Lawrence,6,@,Union,1,,,ec,True,False,False,False,20232024,,,,,,,-5,0.0
Sat.,2023-11-04,3:00 CT,Penn State,8,@,Lindenwood,2,,,ch,True,False,False,False,20232024,,,,,,,-6,0.0
Sat.,2023-11-04,3:00 ET,Syracuse,2,@,Robert Morris,3,,,ch,True,False,False,False,20232024,,,,,,,1,1.0
Sat.,2023-11-04,3:00 ET,Mercyhurst,2,@,RIT,3,OT,,ch,True,False,False,True,20232024,,,,,,,1,1.0
Sat.,2023-11-04,6:00 ET,Northeastern,0,@,Connecticut,1,,,he,True,False,False,False,20232024,,,,,,,1,1.0
Wed.,2023-11-08,,St. Lawrence,3,@,Clarkson,6,,,nc,True,False,False,False,20232024,,,,,,,3,1.0
Wed.,2023-11-08,6:00 ET,Post,1,@,Quinnipiac,12,,,nc,True,False,False,False,20232024,,,,,,,11,1.0
Thu.,2023-11-09,7:00 CT,St. Thomas,4,vs,Minnesota State,1,,,nc,True,True,False,False,20232024,,,,,,,-3,0.0
Fri.,2023-11-10,7:00 ET,Post,0,@,Franklin Pierce,6,,,new,True,False,False,False,20232024,,,,,,,6,1.0
Fri.,2023-11-10,6:50 ET,St. Michael's,1,@,Assumption,5,,,new,True,False,False,False,20232024,,,,,,,4,1.0
Fri.,2023-11-10,6:00 ET,New Hampshire,4,@,Boston University,2,,,he,True,False,False,False,20232024,,,,,,,-2,0.0
Fri.,2023-11-10,3:00 ET,Saint Anselm,2,@,LIU,4,,,new,True,False,False,False,20232024,,,,,,,2,1.0
Fri.,2023-11-10,3:00 ET,Mercyhurst,3,@,Princeton,4,,,nc,True,False,False,False,20232024,,,,,,,1,1.0
Fri.,2023-11-10,2:00 ET,Stonehill,1,@,Sacred Heart,0,,,new,True,False,False,False,20232024,,,,,,,-1,0.0
Fri.,2023-11-10,2:00 ET,Connecticut,1,@,Maine,0,,,he,True,False,False,False,20232024,,,,,,,-1,0.0
Fri.,2023-11-10,6:00 ET,RPI,2,@,Brown,3,,,ec,True,False,False,False,20232024,,,,,,,1,1.0
Fri.,2023-11-10,7:00 ET,Providence,1,@,Northeastern,6,,,he,True,False,False,False,20232024,,,,,,,5,1.0
Fri.,2023-11-10,6:00 ET,Boston College,6,@,Vermont,3,,,he,True,False,False,False,20232024,,,,,,,-3,0.0
Fri.,2023-11-10,6:00 ET,Colgate,8,@,Dartmouth,1,,,ec,True,False,False,False,20232024,,,,,,,-7,0.0
Fri.,2023-11-10,6:00 ET,Union,2,@,Yale,3,OT,,ec,True,False,False,True,20232024,,,,,,,1,1.0
Fri.,2023-11-10,6:00 ET,Cornell,5,@,Harvard,1,,,ec,True,False,False,False,20232024,,,,,,,-4,0.0
Fri.,2023-11-10,6:00 ET,Holy Cross,2,@,Merrimack,2,OT,,he,True,False,False,True,20232024,,,,,,,0,0.5
Sat.,2023-11-11,2:00 ET,Clarkson,3,@,St. Lawrence,0,,,nc,True,False,False,False,20232024,,,,,,,-3,0.0
Sat.,2023-11-11,2:00 ET,Mercyhurst,1,@,Princeton,5,,,nc,True,False,False,False,20232024,,,,,,,4,1.0
Sat.,2023-11-11,2:00 ET,Saint Anselm,1,@,LIU,2,OT,,new,True,False,False,True,20232024,,,,,,,1,1.0
Sat.,2023-11-11,2:00 ET,Stonehill,2,@,Sacred Heart,4,,,new,True,False,False,False,20232024,,,,,,,2,1.0
Sat.,2023-11-11,7:00 ET,Post,1,@,Franklin Pierce,3,,,new,True,False,False,False,20232024,,,,,,,2,1.0
Sat.,2023-11-11,3:00 ET,Boston University,5,@,New Hampshire,3,,,he,True,False,False,False,20232024,,,,,,,-2,0.0
Sat.,2023-11-11,5:00 ET,Merrimack,4,@,Holy Cross,3,,,he,True,False,False,False,20232024,,,,,,,-1,0.0
Sat.,2023-11-11,6:30 ET,St. Michael's,1,@,Assumption,3,,,new,True,False,False,False,20232024,,,,,,,2,1.0
Sat.,2023-11-11,3:00 ET,Northeastern,1,@,Providence,3,,,he,True,False,False,False,20232024,,,,,,,2,1.0
Sat.,2023-11-11,2:00 ET,Connecticut,3,@,Maine,1,,,he,True,False,False,False,20232024,,,,,,,-2,0.0
Sat.,2023-11-11,3:00 ET,RPI,1,@,Yale,4,,,ec,True,False,False,False,20232024,,,,,,,3,1.0
Sat.,2023-11-11,3:00 ET,Union,0,@,Brown,2,,,ec,True,False,False,False,20232024,,,,,,,2,1.0
Sat.,2023-11-11,3:00 ET,Cornell,4,@,Dartmouth,2,,,ec,True,False,False,False,20232024,,,,,,,-2,0.0
Sat.,2023-11-11,4:00 ET,Colgate,10,@,Harvard,1,,,ec,True,False,False,False,20232024,,,,,,,-9,0.0
Sat.,2023-11-11,3:00 ET,Boston College,2,@,Vermont,3,,,he,True,False,False,False,20232024,,,,,,,1,1.0
Tue.,2023-11-14,7:00 ET,Boston University,1,@,Harvard,3,,,nc,True,False,False,False,20232024,,,,,,,2,1.0
Fri.,2023-11-17,7:00 ET,Sacred Heart,1,@,St. Michael's,0,,,new,True,False,False,False,20232024,,,,,,,-1,0.0
Fri.,2023-11-17,7:30 ET,Saint Anselm,2,@,Franklin Pierce,1,OT,,new,True,False,False,True,20232024,,,,,,,-1,0.0
Fri.,2023-11-17,5:00 ET,LIU,1,@,Stonehill,0,,,new,True,False,False,False,20232024,,,,,,,-1,0.0
Fri.,2023-11-17,6:00 CT,Minnesota State,2,@,Bemidji State,3,OT,,wc,True,False,False,True,20232024,,,,,,,1,1.0
Fri.,2023-11-17,6:00 ET,Wisconsin,0,@,Ohio State,3,,,wc,True,False,False,False,20232024,,,,,,,3,1.0
Fri.,2023-11-17,6:00 CT,St. Cloud State,1,@,St. Thomas,0,,,wc,True,False,False,False,20232024,,,,,,,-1,0.0
Fri.,2023-11-17,6:00 ET,Merrimack,1,@,Providence,0,,,he,True,False,False,False,20232024,,,,,,,-1,0.0
Fri.,2023-11-17,6:00 CT,Minnesota,3,@,Minnesota Duluth,1,,,wc,True,False,False,False,20232024,,,,,,,-2,0.0
Fri.,2023-11-17,6:00 ET,Maine,3,@,Vermont,0,,,he,True,False,False,False,20232024,,,,,,,-3,0.0
Fri.,2023-11-17,7:00 ET,Penn State,0,@,Mercyhurst,4,,,ch,True,False,False,False,20232024,,,,,,,4,1.0
Fri.,2023-11-17,6:00 ET,Holy Cross,0,@,Connecticut,3,,,he,True,False,False,False,20232024,,,,,,,3,1.0
Fri.,2023-11-17,6:00 ET,Princeton,1,@,Colgate,7,,,ec,True,False,False,False,20232024,,,,,,,6,1.0
Fri.,2023-11-17,6:00 ET,Yale,2,@,St. Lawrence,3,,,ec,True,False,False,False,20232024,,,,,,,1,1.0
Fri.,2023-11-17,6:00 ET,Brown,3,@,Clarkson,3,OT,,ec,True,False,False,True,20232024,,,,,,,0,0.5
Fri.,2023-11-17,6:00 ET,Quinnipiac,3,@,Cornell,1,,,ec,True,False,False,False,20232024,,,,,,,-2,0.0
Fri.,2023-11-17,7:00 ET,RIT,7,@,Robert Morris,3,,,ch,True,False,False,False,20232024,,,,,,,-4,0.0
Fri.,2023-11-17,6:00 ET,Lindenwood,4,@,Syracuse,3,,,ch,True,False,False,False,20232024,,,,,,,-1,0.0
Fri.,2023-11-17,11:00 ET,Boston University,3,@,Boston College,5,,,he,True,False,False,False,20232024,,,,,,,2,1.0
Sat.,2023-11-18,3:00 ET,Sacred Heart,5,@,St. Michael's,1,,,new,True,False,False,False,20232024,,,,,,,-4,0.0
Sat.,2023-11-18,1:00 CT,St. Thomas,0,@,St. Cloud State,2,,,wc,True,False,False,False,20232024,,,,,,,2,1.0
Sat.,2023-11-18,3:00 ET,Wisconsin,1,@,Ohio State,2,OT,,wc,True,False,False,True,20232024,,,,,,,1,1.0
Sat.,2023-11-18,3:00 CT,Minnesota,3,@,Minnesota Duluth,1,,,wc,True,False,False,False,20232024,,,,,,,-2,0.0
Sat.,2023-11-18,1:00 ET,LIU,4,@,Stonehill,1,,,new,True,False,False,False,20232024,,,,,,,-3,0.0
Sat.,2023-11-18,3:00 ET,Franklin Pierce,0,@,Saint Anselm,2,,,new,True,False,False,False,20232024,,,,,,,2,1.0
Sat.,2023-11-18,1:15 ET,Assumption,3,@,Post,0,,,new,True,False,False,False,20232024,,,,,,,-3,0.0
Sat.,2023-11-18,3:30 ET,Boston University,1,@,Providence,2,,,he,True,False,False,False,20232024,,,,,,,1,1.0
Sat.,2023-11-18,3:00 CT,Minnesota State,3,@,Bemidji State,2,OT,,wc,True,False,False,True,20232024,,,,,,,-1,0.0
Sat.,2023-11-18,6:00 ET,Connecticut,3,@,Holy Cross,1,,,he,True,False,False,False,20232024,,,,,,,-2,0.0
Sat.,2023-11-18,3:00 ET,Quinnipiac,1,@,Colgate,4,,,ec,True,False,False,False,20232024,,,,,,,3,1.0
Sat.,2023-11-18,3:00 ET,Brown,0,@,St. Lawrence,4,,,ec,True,False,False,False,20232024,,,,,,,4,1.0
Sat.,2023-11-18,3:00 ET,Princeton,4,@,Cornell,3,,,ec,True,False,False,False,20232024,,,,,,,-1,0.0
Sat.,2023-11-18,3:00 ET,Yale,0,@,Clarkson,1,,,ec,True,False,False,False,20232024,,,,,,,1,1.0
Sat.,2023-11-18,3:00 ET,RIT,2,@,Robert Morris,3,,,ch,True,False,False,False,20232024,,,,,,,1,1.0
Sat.,2023-11-18,2:00 ET,Lindenwood,4,@,Syracuse,4,OT,,ch,True,False,False,True,20232024,,,,,,,0,0.5
Sat.,2023-11-18,2:00 ET,Penn State,3,@,Mercyhurst,1,,,ch,True,False,False,False,20232024,,,,,,,-2,0.0
Sat.,2023-11-18,3:00 ET,Maine,3,@,Vermont,2,,,he,True,False,False,False,20232024,,,,,,,-1,0.0
Tue.,2023-11-21,6:00 ET,Harvard,0,@,New Hampshire,3,,,nc,True,False,False,False,20232024,,,,,,,3,1.0
Tue.,2023-11-21,5:00 ET,Clarkson,4,@,Syracuse,1,,,nc,True,False,False,False,20232024,,,,,,,-3,0.0
Tue.,2023-11-21,2:30 ET,Holy Cross,5,@,Assumption,1,,,nc,True,False,False,False,20232024,,,,,,,-4,0.0
Tue.,2023-11-21,6:00 ET,Northeastern,2,@,Vermont,3,,,he,True,False,False,False,20232024,,,,,,,1,1.0
Tue.,2023-11-21,7:00 ET,Sacred Heart,2,@,Franklin Pierce,4,,,new,True,False,False,False,20232024,,,,,,,2,1.0
Fri.,2023-11-24,1:00 ET,Minnesota,3,vs,Harvard,1,,,nc,True,True,False,False,20232024,,,,,,,-2,0.0
Fri.,2023-11-24,4:00 ET,St. Thomas,1,vs,Cornell,4,,,nc,True,True,False,False,20232024,,,,,,,3,1.0
Fri.,2023-11-24,6:00 CT,Stonehill,2,@,Lindenwood,4,,,nc,True,False,False,False,20232024,,,,,,,2,1.0
Fri.,2023-11-24,6:00 ET,Penn State,6,@,Dartmouth,5,,,nc,True,False,False,False,20232024,,,,,,,-1,0.0
Fri.,2023-11-24,6:00 ET,St. Lawrence,0,@,Ohio State,11,,,nc,True,False,False,False,20232024,,,,,,,11,1.0
Fri.,2023-11-24,6:00 CT,Colgate,0,@,Minnesota Duluth,3,,,nc,True,False,False,False,20232024,,,,,,,3,1.0
Fri.,2023-11-24,3:00 ET,Sacred Heart,0,@,Yale,10,,,nc,True,False,False,False,20232024,,,,,,,10,1.0
Fri.,2023-11-24,6:00 ET,Quinnipiac,4,vs,Connecticut,2,,,nc,True,True,False,False,20232024,,,,,,,-2,0.0
Fri.,2023-11-24,4:00 CT,Boston University,3,vs,Robert Morris,1,,,nc,True,True,False,False,20232024,,,,,,,-2,0.0
Sat.,2023-11-25,3:00 CT,Colgate,1,@,Minnesota Duluth,1,OT,,nc,True,False,False,True,20232024,,,,,,,0,0.5
Sat.,2023-11-25,3:00 ET,Sacred Heart,1,vs,Connecticut,3,,,nc,True,True,False,False,20232024,,,,,,,2,1.0
Sat.,2023-11-25,4:00 CT,Robert Morris,1,vs,Minnesota State,5,,,nc,True,True,False,False,20232024,,,,,,,4,1.0
Sat.,2023-11-25,3:00 ET,St. Lawrence,1,@,Ohio State,5,,,nc,True,False,False,False,20232024,,,,,,,4,1.0
Sat.,2023-11-25,7:00 ET,Assumption,1,@,RPI,6,,,nc,True,False,False,False,20232024,,,,,,,5,1.0
Sat.,2023-11-25,6:00 ET,Quinnipiac,3,@,Yale,0,,,nc,True,False,False,False,20232024,,,,,,,-3,0.0
Sat.,2023-11-25,3:00 ET,Syracuse,0,@,Clarkson,5,,,nc,True,False,False,False,20232024,,,,,,,5,1.0
Sat.,2023-11-25,4:00 ET,Minnesota,5,vs,Cornell,1,,,nc,True,True,False,False,20232024,,,,,,,-4,0.0
Sat.,2023-11-25,1:00 ET,Harvard,3,vs,St. Thomas,4,,,nc,True,True,False,False,20232024,,,,,,,1,1.0
Sat.,2023-11-25,3:00 ET,Penn State,8,@,Dartmouth,2,,,nc,True,False,False,False,20232024,,,,,,,-6,0.0
Sat.,2023-11-25,3:00 CT,Stonehill,2,@,Lindenwood,6,,,nc,True,False,False,False,20232024,,,,,,,4,1.0
Sat.,2023-11-25,1:00 ET,Providence,1,@,Brown,0,,,nc,True,False,False,False,20232024,,,,,,,-1,0.0
Sun.,2023-11-26,12:00 CT,Minnesota State,7,vs,Boston University,2,,,nc,True,True,False,False,20232024,,,,,,,-5,0.0
Tue.,2023-11-28,7:00 ET,Providence,2,@,Northeastern,4,,,he,True,False,False,False,20232024,,,,,,,2,1.0
Tue.,2023-11-28,7:00 ET,Assumption,0,@,Holy Cross,5,,,nc,True,False,False,False,20232024,,,,,,,5,1.0
Fri.,2023-12-01,6:00 CT,St. Thomas,1,@,Minnesota State,7,,,wc,True,False,False,False,20232024,,,,,,,6,1.0
Fri.,2023-12-01,6:00 ET,Northeastern,2,@,Boston University,1,OT,,he,True,False,False,True,20232024,,,,,,,-1,0.0
Fri.,2023-12-01,6:00 ET,St. Cloud State,2,@,Ohio State,1,,,wc,True,False,False,False,20232024,,,,,,,-1,0.0
Fri.,2023-12-01,6:00 CT,Bemidji State,2,@,Minnesota,9,,,wc,True,False,False,False,20232024,,,,,,,7,1.0
Fri.,2023-12-01,5:00 ET,Franklin Pierce,1,@,Stonehill,4,,,new,True,False,False,False,20232024,,,,,,,3,1.0
Fri.,2023-12-01,3:30 ET,LIU,4,@,Post,0,,,new,True,False,False,False,20232024,,,,,,,-4,0.0
Fri.,2023-12-01,6:00 ET,St. Michael's,2,@,Saint Anselm,5,,,new,True,False,False,False,20232024,,,,,,,3,1.0
Fri.,2023-12-01,6:00 ET,Holy Cross,0,@,New Hampshire,1,,,he,True,False,False,False,20232024,,,,,,,1,1.0
Fri.,2023-12-01,6:00 ET,Boston College,5,@,Providence,1,,,he,True,False,False,False,20232024,,,,,,,-4,0.0
Fri.,2023-12-01,2:00 ET,Vermont,2,@,Maine,3,,,he,True,False,False,False,20232024,,,,,,,1,1.0
Fri.,2023-12-01,6:00 ET,St. Lawrence,0,@,Harvard,1,OT,,ec,True,False,False,True,20232024,,,,,,,1,1.0
Fri.,2023-12-01,6:00 ET,Union,1,@,Quinnipiac,4,,,ec,True,False,False,False,20232024,,,,,,,3,1.0
Fri.,2023-12-01,6:00 ET,RPI,0,@,Princeton,6,,,ec,True,False,False,False,20232024,,,,,,,6,1.0
Fri.,2023-12-01,6:00 ET,Clarkson,5,@,Dartmouth,0,,,ec,True,False,False,False,20232024,,,,,,,-5,0.0
Fri.,2023-12-01,6:00 ET,RIT,4,@,Syracuse,1,,,ch,True,False,False,False,20232024,,,,,,,-3,0.0
Fri.,2023-12-01,6:00 CT,Mercyhurst,8,@,Lindenwood,5,,,ch,True,False,False,False,20232024,,,,,,,-3,0.0
Fri.,2023-12-01,2:00 ET,Robert Morris,0,@,Penn State,2,,,ch,True,False,False,False,20232024,,,,,,,2,1.0
Fri.,2023-12-01,2:00 ET,Merrimack,1,@,Connecticut,2,OT,,he,True,False,False,True,20232024,,,,,,,1,1.0
Sat.,2023-12-02,2:00 ET,St. Michael's,1,@,Saint Anselm,10,,,new,True,False,False,False,20232024,,,,,,,9,1.0
Sat.,2023-12-02,7:00 ET,Assumption,0,@,Sacred Heart,1,,,new,True,False,False,False,20232024,,,,,,,1,1.0
Sat.,2023-12-02,7:00 ET,Stonehill,3,@,Franklin Pierce,6,,,new,True,False,False,False,20232024,,,,,,,3,1.0
Sat.,2023-12-02,6:00 CT,Minnesota State,3,@,St. Thomas,1,,,wc,True,False,False,False,20232024,,,,,,,-2,0.0
Sat.,2023-12-02,2:00 CT,Bemidji State,1,@,Minnesota,9,,,wc,True,False,False,False,20232024,,,,,,,8,1.0
Sat.,2023-12-02,4:00 CT,Minnesota Duluth,0,@,Wisconsin,3,,,wc,True,False,False,False,20232024,,,,,,,3,1.0
Sat.,2023-12-02,3:00 ET,St. Cloud State,2,@,Ohio State,6,,,wc,True,False,False,False,20232024,,,,,,,4,1.0
Sat.,2023-12-02,7:00 ET,Post,0,@,LIU,6,,,new,True,False,False,False,20232024,,,,,,,6,1.0
Sat.,2023-12-02,6:00 ET,Vermont,0,@,New Hampshire,1,,,he,True,False,False,False,20232024,,,,,,,1,1.0
Sat.,2023-12-02,3:00 ET,Boston University,3,@,Providence,3,OT,,he,True,False,False,True,20232024,,,,,,,0,0.5
Sat.,2023-12-02,3:00 ET,Boston College,2,@,Connecticut,2,OT,,he,True,False,False,True,20232024,,,,,,,0,0.5
Sat.,2023-12-02,3:00 ET,RPI,2,@,Quinnipiac,4,,,ec,True,False,False,False,20232024,,,,,,,2,1.0
Sat.,2023-12-02,3:00 ET,Clarkson,9,@,Harvard,1,,,ec,True,False,False,False,20232024,,,,,,,-8,0.0
Sat.,2023-12-02,3:00 ET,St. Lawrence,6,@,Dartmouth,5,,,ec,True,False,False,False,20232024,,,,,,,-1,0.0
Sat.,2023-12-02,3:00 ET,Yale,3,@,Brown,1,,,ec,True,False,False,False,20232024,,,,,,,-2,0.0
Sat.,2023-12-02,3:00 ET,Union,1,@,Princeton,1,OT,,ec,True,False,False,True,20232024,,,,,,,0,0.5
Sat.,2023-12-02,3:00 ET,Syracuse,3,@,RIT,1,,,ch,True,False,False,False,20232024,,,,,,,-2,0.0
Sat.,2023-12-02,3:00 CT,Mercyhurst,4,@,Lindenwood,1,,,ch,True,False,False,False,20232024,,,,,,,-3,0.0
Sat.,2023-12-02,1:00 ET,Robert Morris,1,@,Penn State,4,,,ch,True,False,False,False,20232024,,,,,,,3,1.0
Sat.,2023-12-02,4:00 ET,Holy Cross,0,@,Maine,6,,,he,True,False,False,False,20232024,,,,,,,6,1.0
Sun.,2023-12-03,3:00 CT,Minnesota Duluth,3,@,Wisconsin,2,,,wc,True,False,False,False,20232024,,,,,,,-1,0.0
Sun.,2023-12-03,3:00 ET,Brown,2,@,Yale,4,,,ec,True,False,False,False,20232024,,,,,,,2,1.0
Tue.,2023-12-05,5:00 ET,Colgate,9,@,Syracuse,0,,,nc,True,False,False,False,20232024,,,,,,,-9,0.0
Tue.,2023-12-05,2:00 ET,Princeton,6,@,LIU,3,,,nc,True,False,False,False,20232024,,,,,,,-3,0.0
Tue.,2023-12-05,6:00 CT,Minnesota,1,@,St. Cloud State,1,OT,,wc,True,False,False,True,20232024,,,,,,,0,0.5
Wed.,2023-12-06,3:00 ET,Post,1,@,Dartmouth,7,,,nc,True,False,False,False,20232024,,,,,,,6,1.0
Fri.,2023-12-08,6:00 CT,Bemidji State,2,@,St. Thomas,4,,,wc,True,False,False,False,20232024,,,,,,,2,1.0
Fri.,2023-12-08,6:00 CT,Wisconsin,3,@,Minnesota,5,,,wc,True,False,False,False,20232024,,,,,,,2,1.0
Fri.,2023-12-08,6:00 CT,Minnesota Duluth,2,@,St. Cloud State,1,OT,,wc,True,False,False,True,20232024,,,,,,,-1,0.0
Fri.,2023-12-08,6:00 ET,Yale,2,@,Penn State,3,,,nc,True,False,False,False,20232024,,,,,,,1,1.0
Fri.,2023-12-08,7:00 ET,LIU,3,@,St. Michael's,1,,,new,True,False,False,False,20232024,,,,,,,-2,0.0
Fri.,2023-12-08,6:00 ET,Union,3,@,RPI,2,,,ec,True,False,False,False,20232024,,,,,,,-1,0.0
Fri.,2023-12-08,4:00 ET,Assumption,0,@,Franklin Pierce,4,,,new,True,False,False,False,20232024,,,,,,,4,1.0
Fri.,2023-12-08,6:00 ET,Holy Cross,1,@,Boston University,2,,,he,True,False,False,False,20232024,,,,,,,1,1.0
Fri.,2023-12-08,6:00 ET,Providence,6,@,New Hampshire,0,,,he,True,False,False,False,20232024,,,,,,,-6,0.0
Fri.,2023-12-08,2:00 ET,Merrimack,2,@,Vermont,4,,,he,True,False,False,False,20232024,,,,,,,2,1.0
Fri.,2023-12-08,1:30 ET,Sacred Heart,3,@,Post,0,,,new,True,False,False,False,20232024,,,,,,,-3,0.0
Sat.,2023-12-09,2:00 ET,Dartmouth,3,vs,Maine,6,,,nc,True,True,False,False,20232024,,,,,,,3,1.0
Sat.,2023-12-09,6:00 ET,Minnesota State,1,@,Ohio State,6,,,wc,True,False,False,False,20232024,,,,,,,5,1.0
Sat.,2023-12-09,2:00 CT,Bemidji State,4,@,St. Thomas,0,,,wc,True,False,False,False,20232024,,,,,,,-4,0.0
Sat.,2023-12-09,2:00 CT,Wisconsin,5,@,Minnesota,1,,,wc,True,False,False,False,20232024,,,,,,,-4,0.0
Sat.,2023-12-09,3:00 CT,Minnesota Duluth,1,@,St. Cloud State,5,,,wc,True,False,False,False,20232024,,,,,,,4,1.0
Sat.,2023-12-09,2:00 ET,Yale,3,@,Penn State,1,,,nc,True,False,False,False,20232024,,,,,,,-2,0.0
Sat.,2023-12-09,3:00 ET,Post,3,@,Sacred Heart,2,,,new,True,False,False,False,20232024,,,,,,,-1,0.0
Sat.,2023-12-09,2:30 ET,Franklin Pierce,0,@,Assumption,4,,,new,True,False,False,False,20232024,,,,,,,4,1.0
Sat.,2023-12-09,3:00 ET,Providence,1,@,Boston University,5,,,he,True,False,False,False,20232024,,,,,,,4,1.0
Sat.,2023-12-09,6:00 ET,RPI,1,@,Union,3,,,ec,True,False,False,False,20232024,,,,,,,2,1.0
Sat.,2023-12-09,3:00 ET,Quinnipiac,6,@,Princeton,5,OT,,ec,True,False,False,True,20232024,,,,,,,-1,0.0
Sat.,2023-12-09,3:10 ET,LIU,3,@,St. Michael's,1,,,new,True,False,False,False,20232024,,,,,,,-2,0.0
Sun.,2023-12-10,2:00 ET,Brown,4,@,New Hampshire,2,,,nc,True,False,False,False,20232024,,,,,,,-2,0.0
Sun.,2023-12-10,3:00 ET,Minnesota State,1,@,Ohio State,4,,,wc,True,False,False,False,20232024,,,,,,,3,1.0
Fri.,2023-12-29,7:00 ET,Bemidji State,3,vs,Robert Morris,1,,,nc,True,True,False,False,20232024,,,,,,,-2,0.0
Fri.,2023-12-29,4:00 ET,Maine,2,vs,Colgate,8,,,nc,True,True,False,False,20232024,,,,,,,6,1.0
Fri.,2023-12-29,7:00 ET,RIT,7,@,St. Michael's,0,,,nc,True,False,False,False,20232024,,,,,,,-7,0.0
Sat.,2023-12-30,2:00 ET,RIT,3,@,St. Michael's,0,,,nc,True,False,False,False,20232024,,,,,,,-3,0.0
Sat.,2023-12-30,2:00 ET,Saint Anselm,1,@,Boston College,5,,,nc,True,False,False,False,20232024,,,,,,,4,1.0
Sat.,2023-12-30,2:00 ET,Robert Morris,2,vs,Maine,6,,,nc,True,True,False,False,20232024,,,,,,,4,1.0
Sat.,2023-12-30,5:00 ET,Bemidji State,0,vs,Colgate,6,,,nc,True,True,False,False,20232024,,,,,,,6,1.0
Sat.,2023-12-30,3:00 ET,LIU,0,@,Quinnipiac,7,,,nc,True,False,False,False,20232024,,,,,,,7,1.0
Sun.,2023-12-31,2:00 ET,Dartmouth,5,@,New Hampshire,0,,,nc,True,False,False,False,20232024,,,,,,,-5,0.0
Mon.,2024-01-01,2:00 ET,Union,6,@,St. Michael's,0,,,nc,True,False,False,False,20232024,,,,,,,-6,0.0
Tue.,2024-01-02,6:00 ET,Northeastern,2,@,Yale,1,OT,,nc,True,False,False,True,20232024,,,,,,,-1,0.0
Tue.,2024-01-02,6:00 ET,Sacred Heart,1,@,Harvard,2,,,nc,True,False,False,False,20232024,,,,,,,1,1.0
Tue.,2024-01-02,6:05 ET,St. Michael's,0,@,Vermont,6,,,nc,True,False,False,False,20232024,,,,,,,6,1.0
Wed.,2024-01-03,7:00 ET,Franklin Pierce,3,@,Dartmouth,2,,,nc,True,False,False,False,20232024,,,,,,,-1,0.0
Fri.,2024-01-05,6:00 CT,Connecticut,3,@,Minnesota,5,,,nc,True,False,False,False,20232024,,,,,,,2,1.0
Fri.,2024-01-05,6:00 ET,RIT,1,@,Brown,4,,,nc,True,False,False,False,20232024,,,,,,,3,1.0
Fri.,2024-01-05,3:00 ET,Vermont,1,@,RPI,5,,,nc,True,False,False,False,20232024,,,,,,,4,1.0
Fri.,2024-01-05,6:00 ET,Union,2,@,Penn State,1,OT,,nc,True,False,False,True,20232024,,,,,,,-1,0.0
Fri.,2024-01-05,6:00 CT,Lindenwood,1,@,Minnesota State,6,,,nc,True,False,False,False,20232024,,,,,,,5,1.0
Fri.,2024-01-05,7:00 CT,Merrimack,1,@,Wisconsin,6,,,nc,True,False,False,False,20232024,,,,,,,5,1.0
Fri.,2024-01-05,6:00 ET,Minnesota Duluth,1,@,Quinnipiac,2,,,nc,True,False,False,False,20232024,,,,,,,1,1.0
Fri.,2024-01-05,3:00 ET,Yale,2,@,Mercyhurst,0,,,nc,True,False,False,False,20232024,,,,,,,-2,0.0
Fri.,2024-01-05,1:30 ET,Stonehill,3,@,Post,0,,,new,True,False,False,False,20232024,,,,,,,-3,0.0
Fri.,2024-01-05,4:00 ET,St. Michael's,1,@,Franklin Pierce,3,,,new,True,False,False,False,20232024,,,,,,,2,1.0
Fri.,2024-01-05,7:00 ET,Saint Anselm,6,@,Assumption,2,,,new,True,False,False,False,20232024,,,,,,,-4,0.0
Fri.,2024-01-05,6:00 ET,Northeastern,6,@,Holy Cross,1,,,he,True,False,False,False,20232024,,,,,,,-5,0.0
Fri.,2024-01-05,12:00 GMT,Providence,1,vs,Princeton,6,,,nc,True,True,False,False,20232024,,,,,,,5,1.0
Fri.,2024-01-05,6:00 ET,Clarkson,2,@,Cornell,3,OT,,ec,True,False,False,True,20232024,,,,,,,1,1.0
Fri.,2024-01-05,6:00 ET,St. Lawrence,3,@,Colgate,7,,,ec,True,False,False,False,20232024,,,,,,,4,1.0
Fri.,2024-01-05,3:00 ET,Sacred Heart,2,@,LIU,1,,,new,True,False,False,False,20232024,,,,,,,-1,0.0
Sat.,2024-01-06,2:00 CT,Connecticut,1,@,Minnesota,3,,,nc,True,False,False,False,20232024,,,,,,,2,1.0
Sat.,2024-01-06,5:00 CT,Merrimack,1,@,Wisconsin,6,,,nc,True,False,False,False,20232024,,,,,,,5,1.0
Sat.,2024-01-06,3:00 CT,Lindenwood,3,@,Minnesota State,4,,,nc,True,False,False,False,20232024,,,,,,,1,1.0
Sat.,2024-01-06,3:00 ET,Minnesota Duluth,2,@,Quinnipiac,2,OT,,nc,True,False,False,True,20232024,,,,,,,0,0.5
Sat.,2024-01-06,3:00 ET,RIT,0,@,Brown,3,,,nc,True,False,False,False,20232024,,,,,,,3,1.0
Sat.,2024-01-06,2:00 ET,Yale,0,@,Mercyhurst,2,,,nc,True,False,False,False,20232024,,,,,,,2,1.0
Sat.,2024-01-06,2:00 ET,Union,2,@,Penn State,6,,,nc,True,False,False,False,20232024,,,,,,,4,1.0
Sat.,2024-01-06,3:00 ET,Vermont,1,@,RPI,5,,,nc,True,False,False,False,20232024,,,,,,,4,1.0
Sat.,2024-01-06,1:00 ET,Stonehill,4,@,Post,0,,,new,True,False,False,False,20232024,,,,,,,-4,0.0
Sat.,2024-01-06,5:00 ET,St. Michael's,0,@,Franklin Pierce,4,,,new,True,False,False,False,20232024,,,,,,,4,1.0
Sat.,2024-01-06,2:00 ET,Boston College,3,@,Maine,2,,,he,True,False,False,False,20232024,,,,,,,-1,0.0
Sat.,2024-01-06,2:00 GMT,Providence,1,vs,Princeton,2,,,nc,True,True,False,False,20232024,,,,,,,1,1.0
Sat.,2024-01-06,3:00 ET,Clarkson,1,@,Colgate,0,,,ec,True,False,False,False,20232024,,,,,,,-1,0.0
Sat.,2024-01-06,3:00 ET,St. Lawrence,1,@,Cornell,3,,,ec,True,False,False,False,20232024,,,,,,,2,1.0
Sat.,2024-01-06,6:00 ET,Saint Anselm,4,@,Assumption,2,,,new,True,False,False,False,20232024,,,,,,,-2,0.0
Mon.,2024-01-08,5:00 ET,Boston University,4,@,Maine,3,,,he,True,False,False,False,20232024,,,,,,,-1,0.0
Tue.,2024-01-09,7:00 ET,Brown,1,@,Connecticut,2,,,nc,True,False,False,False,20232024,,,,,,,1,1.0
Tue.,2024-01-09,11:30 ET,Syracuse,0,@,Colgate,12,,,nc,True,False,False,False,20232024,,,,,,,12,1.0
Tue.,2024-01-09,5:50 ET,Sacred Heart,0,@,Assumption,1,,,new,True,False,False,False,20232024,,,,,,,1,1.0
Fri.,2024-01-12,2:00 ET,Holy Cross,0,@,Boston College,5,,,he,True,False,False,False,20232024,,,,,,,5,1.0
Fri.,2024-01-12,6:00 CT,Ohio State,7,@,Minnesota,0,,,wc,True,False,False,False,20232024,,,,,,,-7,0.0
Fri.,2024-01-12,3:00 CT,Bemidji State,0,@,Minnesota Duluth,2,,,wc,True,False,False,False,20232024,,,,,,,2,1.0
Fri.,2024-01-12,6:00 CT,Minnesota State,2,@,St. Cloud State,1,,,wc,True,False,False,False,20232024,,,,,,,-1,0.0
Fri.,2024-01-12,6:10 ET,Post,4,@,St. Michael's,2,,,new,True,False,False,False,20232024,,,,,,,-2,0.0
Fri.,2024-01-12,5:00 ET,Assumption,3,@,Stonehill,4,,,new,True,False,False,False,20232024,,,,,,,1,1.0
Fri.,2024-01-12,7:00 ET,Saint Anselm,2,@,Sacred Heart,6,,,new,True,False,False,False,20232024,,,,,,,4,1.0
Fri.,2024-01-12,6:00 ET,Providence,6,@,Vermont,0,,,he,True,False,False,False,20232024,,,,,,,-6,0.0
Fri.,2024-01-12,6:00 ET,Northeastern,0,@,Maine,1,OT,,he,True,False,False,True,20232024,,,,,,,1,1.0
Fri.,2024-01-12,6:00 ET,Syracuse,1,@,Mercyhurst,2,,,ch,True,False,False,False,20232024,,,,,,,1,1.0
Fri.,2024-01-12,6:00 ET,Connecticut,2,@,Merrimack,1,,,he,True,False,False,False,20232024,,,,,,,-1,0.0
Fri.,2024-01-12,6:00 ET,Princeton,1,@,Dartmouth,1,OT,,ec,True,False,False,True,20232024,,,,,,,0,0.5
Fri.,2024-01-12,6:00 ET,RPI,1,@,Clarkson,3,,,ec,True,False,False,False,20232024,,,,,,,2,1.0
Fri.,2024-01-12,6:00 ET,Colgate,6,@,Cornell,3,,,ec,True,False,False,False,20232024,,,,,,,-3,0.0
Fri.,2024-01-12,6:00 ET,Union,0,@,St. Lawrence,4,,,ec,True,False,False,False,20232024,,,,,,,4,1.0
Fri.,2024-01-12,6:00 ET,Quinnipiac,8,@,Harvard,0,,,ec,True,False,False,False,20232024,,,,,,,-8,0.0
Fri.,2024-01-12,7:00 ET,Lindenwood,2,@,Robert Morris,4,,,ch,True,False,False,False,20232024,,,,,,,2,1.0
Fri.,2024-01-12,6:00 ET,Penn State,4,@,RIT,0,,,ch,True,False,False,False,20232024,,,,,,,-4,0.0
Fri.,2024-01-12,6:00 ET,New Hampshire,4,@,Boston University,1,,,he,True,False,False,False,20232024,,,,,,,-3,0.0
Sat.,2024-01-13,3:00 ET,Post,2,@,St. Michael's,1,,,new,True,False,False,False,20232024,,,,,,,-1,0.0
Sat.,2024-01-13,3:20 ET,Stonehill,2,@,Assumption,5,,,new,True,False,False,False,20232024,,,,,,,3,1.0
Sat.,2024-01-13,2:00 ET,Saint Anselm,1,@,Sacred Heart,0,OT,,new,True,False,False,True,20232024,,,,,,,-1,0.0
Sat.,2024-01-13,7:30 ET,Franklin Pierce,4,@,LIU,3,,,new,True,False,False,False,20232024,,,,,,,-1,0.0
Sat.,2024-01-13,3:00 CT,Minnesota State,2,@,St. Cloud State,4,,,wc,True,False,False,False,20232024,,,,,,,2,1.0
Sat.,2024-01-13,3:00 CT,St. Thomas,0,@,Wisconsin,7,,,wc,True,False,False,False,20232024,,,,,,,7,1.0
Sat.,2024-01-13,2:00 CT,Ohio State,6,@,Minnesota,1,,,wc,True,False,False,False,20232024,,,,,,,-5,0.0
Sat.,2024-01-13,4:00 ET,Northeastern,1,@,Maine,1,OT,,he,True,False,False,True,20232024,,,,,,,0,0.5
Sat.,2024-01-13,3:00 CT,Bemidji State,0,@,Minnesota Duluth,7,,,wc,True,False,False,False,20232024,,,,,,,7,1.0
Sat.,2024-01-13,3:00 ET,Boston College,2,@,New Hampshire,2,OT,,he,True,False,False,True,20232024,,,,,,,0,0.5
Sat.,2024-01-13,3:00 ET,Union,0,@,Clarkson,4,,,ec,True,False,False,False,20232024,,,,,,,4,1.0
Sat.,2024-01-13,6:00 ET,Providence,4,@,Vermont,3,OT,,he,True,False,False,True,20232024,,,,,,,-1,0.0
Sat.,2024-01-13,5:00 ET,Lindenwood,5,@,Robert Morris,3,,,ch,True,False,False,False,20232024,,,,,,,-2,0.0
Sat.,2024-01-13,1:00 ET,Syracuse,2,@,Mercyhurst,6,,,ch,True,False,False,False,20232024,,,,,,,4,1.0
Sat.,2024-01-13,2:00 ET,Penn State,2,@,RIT,3,OT,,ch,True,False,False,True,20232024,,,,,,,1,1.0
Sat.,2024-01-13,3:00 ET,Quinnipiac,5,@,Dartmouth,3,,,ec,True,False,False,False,20232024,,,,,,,-2,0.0
Sat.,2024-01-13,2:00 ET,Merrimack,2,@,Holy Cross,0,,,he,True,False,False,False,20232024,,,,,,,-2,0.0
Sat.,2024-01-13,3:00 ET,Princeton,4,@,Harvard,1,,,ec,True,False,False,False,20232024,,,,,,,-3,0.0
Sat.,2024-01-13,3:00 ET,Cornell,0,@,Colgate,3,,,ec,True,False,False,False,20232024,,,,,,,3,1.0
Sat.,2024-01-13,3:00 ET,RPI,0,@,St. Lawrence,3,,,ec,True,False,False,False,20232024,,,,,,,3,1.0
Sat.,2024-01-13,3:00 ET,Boston University,2,@,Connecticut,5,,,he,True,False,False,False,20232024,,,,,,,3,1.0
Sun.,2024-01-14,7:15 ET,Franklin Pierce,1,@,LIU,2,OT,,new,True,False,False,True,20232024,,,,,,,1,1.0
Sun.,2024-01-14,2:00 CT,St. Thomas,1,@,Wisconsin,5,,,wc,True,False,False,False,20232024,,,,,,,4,1.0
Tue.,2024-01-16,8:00 ET,Northeastern,1,@,Harvard,0,,,nc,True,False,False,False,20232024,,,,,,,-1,0.0
Tue.,2024-01-16,5:00 ET,Boston University,3,vs,Boston College,3,OT,,nc,True,True,False,True,20232024,,,,,,,0,0.5
Tue.,2024-01-16,6:00 ET,St. Lawrence,6,@,Syracuse,3,,,nc,True,False,False,False,20232024,,,,,,,-3,0.0
Thu.,2024-01-18,7:00 ET,Sacred Heart,1,@,Franklin Pierce,0,OT,,new,True,False,False,True,20232024,,,,,,,-1,0.0
Fri.,2024-01-19,6:00 CT,Wisconsin,3,@,Minnesota State,2,,,wc,True,False,False,False,20232024,,,,,,,-1,0.0
Fri.,2024-01-19,6:00 ET,Minnesota Duluth,0,@,Ohio State,3,,,wc,True,False,False,False,20232024,,,,,,,3,1.0
Fri.,2024-01-19,6:00 CT,Minnesota,2,@,Bemidji State,0,,,wc,True,False,False,False,20232024,,,,,,,-2,0.0
Fri.,2024-01-19,7:10 ET,LIU,2,@,Assumption,1,,,new,True,False,False,False,20232024,,,,,,,-1,0.0
Fri.,2024-01-19,2:30 ET,Saint Anselm,4,@,Post,1,,,new,True,False,False,False,20232024,,,,,,,-3,0.0
Fri.,2024-01-19,7:10 ET,Stonehill,4,@,St. Michael's,1,,,new,True,False,False,False,20232024,,,,,,,-3,0.0
Fri.,2024-01-19,6:00 ET,Vermont,1,@,Boston University,6,,,he,True,False,False,False,20232024,,,,,,,5,1.0
Fri.,2024-01-19,6:00 ET,New Hampshire,1,@,Northeastern,2,,,he,True,False,False,False,20232024,,,,,,,1,1.0
Fri.,2024-01-19,6:00 ET,Merrimack,4,@,Boston College,6,,,he,True,False,False,False,20232024,,,,,,,2,1.0
Fri.,2024-01-19,2:00 ET,Maine,1,@,Connecticut,3,,,he,True,False,False,False,20232024,,,,,,,2,1.0
Fri.,2024-01-19,3:00 CT,St. Thomas,1,@,St. Cloud State,3,,,wc,True,False,False,False,20232024,,,,,,,2,1.0
Fri.,2024-01-19,6:00 ET,Clarkson,4,@,Yale,1,,,ec,True,False,False,False,20232024,,,,,,,-3,0.0
Fri.,2024-01-19,6:00 ET,Providence,3,@,Holy Cross,1,,,he,True,False,False,False,20232024,,,,,,,-2,0.0
Fri.,2024-01-19,6:00 ET,Syracuse,3,@,Penn State,1,,,ch,True,False,False,False,20232024,,,,,,,-2,0.0
Fri.,2024-01-19,3:30 CT,RIT,2,@,Lindenwood,4,,,ch,True,False,False,False,20232024,,,,,,,2,1.0
Fri.,2024-01-19,6:00 ET,Dartmouth,4,@,Union,2,,,ec,True,False,False,False,20232024,,,,,,,-2,0.0
Fri.,2024-01-19,3:00 ET,Mercyhurst,6,@,Robert Morris,1,,,ch,True,False,False,False,20232024,,,,,,,-5,0.0
Fri.,2024-01-19,6:00 ET,Colgate,5,@,Quinnipiac,0,,,ec,True,False,False,False,20232024,,,,,,,-5,0.0
Fri.,2024-01-19,6:00 ET,Harvard,2,@,RPI,1,,,ec,True,False,False,False,20232024,,,,,,,-1,0.0
Fri.,2024-01-19,6:00 ET,Cornell,5,@,Princeton,3,,,ec,True,False,False,False,20232024,,,,,,,-2,0.0
Fri.,2024-01-19,6:00 ET,St. Lawrence,4,@,Brown,0,,,ec,True,False,False,False,20232024,,,,,,,-4,0.0
Sat.,2024-01-20,2:00 ET,Minnesota Duluth,0,@,Ohio State,1,,,wc,True,False,False,False,20232024,,,,,,,1,1.0
Sat.,2024-01-20,3:00 CT,Wisconsin,7,@,Minnesota State,2,,,wc,True,False,False,False,20232024,,,,,,,-5,0.0
Sat.,2024-01-20,6:00 CT,St. Cloud State,1,@,St. Thomas,5,,,wc,True,False,False,False,20232024,,,,,,,4,1.0
Sat.,2024-01-20,3:00 CT,Minnesota,3,@,Bemidji State,1,,,wc,True,False,False,False,20232024,,,,,,,-2,0.0
Sat.,2024-01-20,7:20 ET,LIU,2,@,Assumption,1,,,new,True,False,False,False,20232024,,,,,,,-1,0.0
Sat.,2024-01-20,3:00 ET,Stonehill,5,@,St. Michael's,1,,,new,True,False,False,False,20232024,,,,,,,-4,0.0
Sat.,2024-01-20,2:45 ET,Saint Anselm,4,@,Post,2,,,new,True,False,False,False,20232024,,,,,,,-2,0.0
Sat.,2024-01-20,6:00 ET,Maine,3,@,Merrimack,3,OT,,he,True,False,False,True,20232024,,,,,,,0,0.5
Sat.,2024-01-20,3:00 ET,Vermont,2,@,Boston University,4,,,he,True,False,False,False,20232024,,,,,,,2,1.0
Sat.,2024-01-20,3:00 ET,St. Lawrence,4,@,Yale,2,,,ec,True,False,False,False,20232024,,,,,,,-2,0.0
Sat.,2024-01-20,3:00 ET,Colgate,6,@,Princeton,0,,,ec,True,False,False,False,20232024,,,,,,,-6,0.0
Sat.,2024-01-20,3:00 ET,Cornell,4,@,Quinnipiac,3,,,ec,True,False,False,False,20232024,,,,,,,-1,0.0
Sat.,2024-01-20,3:00 ET,Dartmouth,1,@,RPI,5,,,ec,True,False,False,False,20232024,,,,,,,4,1.0
Sat.,2024-01-20,3:00 ET,Clarkson,4,@,Brown,2,,,ec,True,False,False,False,20232024,,,,,,,-2,0.0
Sat.,2024-01-20,2:00 ET,Mercyhurst,1,@,Robert Morris,2,,,ch,True,False,False,False,20232024,,,,,,,1,1.0
Sat.,2024-01-20,3:10 CT,RIT,2,@,Lindenwood,3,OT,,ch,True,False,False,True,20232024,,,,,,,1,1.0
Sat.,2024-01-20,2:00 ET,Syracuse,0,@,Penn State,5,,,ch,True,False,False,False,20232024,,,,,,,5,1.0
Sat.,2024-01-20,2:00 ET,Holy Cross,2,@,Providence,5,,,he,True,False,False,False,20232024,,,,,,,3,1.0
Sun.,2024-01-21,12:00 ET,Connecticut,4,@,New Hampshire,0,,,he,True,False,False,False,20232024,,,,,,,-4,0.0
Tue.,2024-01-23,8:00 ET,Northeastern,2,vs,Boston University,1,OT,,nc,True,True,False,True,20232024,,,,,,,-1,0.0
Tue.,2024-01-23,5:00 ET,Harvard,2,vs,Boston College,2,OT,,nc,True,True,False,True,20232024,,,,,,,0,0.5
Fri.,2024-01-26,6:00 CT,St. Thomas,2,@,Bemidji State,2,OT,,wc,True,False,False,True,20232024,,,,,,,0,0.5
Fri.,2024-01-26,3:00 CT,Wisconsin,2,@,Minnesota Duluth,1,,,wc,True,False,False,False,20232024,,,,,,,-1,0.0
Fri.,2024-01-26,6:00 CT,Minnesota State,3,@,Minnesota,4,,,wc,True,False,False,False,20232024,,,,,,,1,1.0
Fri.,2024-01-26,3:00 CT,Ohio State,4,@,St. Cloud State,2,,,wc,True,False,False,False,20232024,,,,,,,-2,0.0
Fri.,2024-01-26,6:00 ET,LIU,2,@,Saint Anselm,1,OT,,new,True,False,False,True,20232024,,,,,,,-1,0.0
Fri.,2024-01-26,8:15 ET,Franklin Pierce,3,@,Post,1,,,new,True,False,False,False,20232024,,,,,,,-2,0.0
Fri.,2024-01-26,7:10 ET,Assumption,5,@,St. Michael's,2,,,new,True,False,False,False,20232024,,,,,,,-3,0.0
Fri.,2024-01-26,5:00 ET,Sacred Heart,2,@,Stonehill,2,OT,,new,True,False,False,True,20232024,,,,,,,0,0.5
Fri.,2024-01-26,6:00 ET,Maine,2,@,New Hampshire,4,,,he,True,False,False,False,20232024,,,,,,,2,1.0
Fri.,2024-01-26,6:00 ET,Vermont,0,@,Connecticut,3,,,he,True,False,False,False,20232024,,,,,,,3,1.0
Fri.,2024-01-26,6:00 ET,Northeastern,4,@,Merrimack,0,,,he,True,False,False,False,20232024,,,,,,,-4,0.0
Fri.,2024-01-26,6:00 ET,Boston College,1,@,Providence,1,OT,,he,True,False,False,True,20232024,,,,,,,0,0.5
Fri.,2024-01-26,6:00 ET,Robert Morris,4,@,Syracuse,3,OT,,ch,True,False,False,True,20232024,,,,,,,-1,0.0
Fri.,2024-01-26,2:00 ET,Lindenwood,1,@,Penn State,10,,,ch,True,False,False,False,20232024,,,,,,,9,1.0
Fri.,2024-01-26,6:00 ET,Quinnipiac,1,@,Yale,2,OT,,ec,True,False,False,True,20232024,,,,,,,1,1.0
Fri.,2024-01-26,6:00 ET,Clarkson,0,@,St. Lawrence,1,,,ec,True,False,False,False,20232024,,,,,,,1,1.0
Fri.,2024-01-26,3:00 ET,RIT,1,@,Mercyhurst,4,,,ch,True,False,False,False,20232024,,,,,,,3,1.0
Fri.,2024-01-26,6:00 ET,Dartmouth,0,@,Cornell,14,,,ec,True,False,False,False,20232024,,,,,,,14,1.0
Fri.,2024-01-26,6:00 ET,Princeton,1,@,Brown,1,OT,,ec,True,False,False,True,20232024,,,,,,,0,0.5
Fri.,2024-01-26,6:00 ET,Holy Cross,2,@,Boston University,1,,,he,True,False,False,False,20232024,,,,,,,-1,0.0
Fri.,2024-01-26,6:00 ET,Harvard,1,@,Colgate,10,,,ec,True,False,False,False,20232024,,,,,,,9,1.0
Sat.,2024-01-27,2:00 ET,Providence,3,@,Boston College,1,,,he,True,False,False,False,20232024,,,,,,,-2,0.0
Sat.,2024-01-27,3:00 CT,St. Thomas,2,@,Bemidji State,4,,,wc,True,False,False,False,20232024,,,,,,,2,1.0
Sat.,2024-01-27,3:00 CT,Wisconsin,5,@,Minnesota Duluth,4,,,wc,True,False,False,False,20232024,,,,,,,-1,0.0
Sat.,2024-01-27,1:00 CT,Ohio State,3,@,St. Cloud State,2,,,wc,True,False,False,False,20232024,,,,,,,-1,0.0
Sat.,2024-01-27,1:00 ET,Sacred Heart,2,@,Stonehill,2,OT,,new,True,False,False,True,20232024,,,,,,,0,0.5
Sat.,2024-01-27,3:00 ET,Assumption,2,@,St. Michael's,2,OT,,new,True,False,False,True,20232024,,,,,,,0,0.5
Sat.,2024-01-27,2:15 ET,Franklin Pierce,2,@,Post,0,,,new,True,False,False,False,20232024,,,,,,,-2,0.0
Sat.,2024-01-27,3:00 ET,LIU,2,@,Saint Anselm,1,OT,,new,True,False,False,True,20232024,,,,,,,-1,0.0
Sat.,2024-01-27,3:00 ET,RPI,1,vs,Union,0,,,nc,True,True,False,False,20232024,,,,,,,-1,0.0
Sat.,2024-01-27,3:00 ET,Vermont,0,@,Connecticut,0,OT,,he,True,False,False,True,20232024,,,,,,,0,0.5
Sat.,2024-01-27,2:00 CT,Minnesota,2,@,Minnesota State,1,OT,,wc,True,False,False,True,20232024,,,,,,,-1,0.0
Sat.,2024-01-27,2:00 ET,Boston University,2,@,Holy Cross,3,,,he,True,False,False,False,20232024,,,,,,,1,1.0
Sat.,2024-01-27,2:00 ET,Merrimack,3,@,Northeastern,4,,,he,True,False,False,False,20232024,,,,,,,1,1.0
Sat.,2024-01-27,3:00 ET,Dartmouth,0,@,Colgate,5,,,ec,True,False,False,False,20232024,,,,,,,5,1.0
Sat.,2024-01-27,3:00 ET,Princeton,1,@,Yale,1,OT,,ec,True,False,False,True,20232024,,,,,,,0,0.5
Sat.,2024-01-27,3:00 ET,Harvard,2,@,Cornell,7,,,ec,True,False,False,False,20232024,,,,,,,5,1.0
Sat.,2024-01-27,3:00 ET,St. Lawrence,4,@,Clarkson,6,,,ec,True,False,False,False,20232024,,,,,,,2,1.0
Sat.,2024-01-27,3:00 ET,Quinnipiac,1,@,Brown,4,,,ec,True,False,False,False,20232024,,,,,,,3,1.0
Sat.,2024-01-27,1:00 ET,Lindenwood,1,@,Penn State,6,,,ch,True,False,False,False,20232024,,,,,,,5,1.0
Sat.,2024-01-27,1:00 ET,RIT,2,@,Mercyhurst,5,,,ch,True,False,False,False,20232024,,,,,,,3,1.0
Sat.,2024-01-27,3:00 ET,Robert Morris,1,@,Syracuse,2,,,ch,True,False,False,False,20232024,,,,,,,1,1.0
Sat.,2024-01-27,4:00 ET,Maine,2,@,New Hampshire,4,,,he,True,False,False,False,20232024,,,,,,,2,1.0
Wed.,2024-01-31,6:00 ET,Harvard,3,@,Union,1,,,ec,True,False,False,False,20232024,,,,,,,-2,0.0
Thu.,2024-02-01,6:00 ET,Northeastern,3,@,New Hampshire,2,OT,,he,True,False,False,True,20232024,,,,,,,-1,0.0
Fri.,2024-02-02,6:00 ET,Merrimack,3,@,Maine,2,OT,,he,True,False,False,True,20232024,,,,,,,-1,0.0
Fri.,2024-02-02,2:00 ET,St. Michael's,2,@,Sacred Heart,5,,,new,True,False,False,False,20232024,,,,,,,3,1.0
Fri.,2024-02-02,1:30 ET,Assumption,2,@,Post,3,OT,,new,True,False,False,True,20232024,,,,,,,1,1.0
Fri.,2024-02-02,6:00 ET,Bemidji State,1,@,Ohio State,11,,,wc,True,False,False,False,20232024,,,,,,,10,1.0
Fri.,2024-02-02,3:00 ET,Stonehill,2,@,LIU,3,,,new,True,False,False,False,20232024,,,,,,,1,1.0
Fri.,2024-02-02,6:00 CT,Minnesota State,0,@,Minnesota Duluth,3,,,wc,True,False,False,False,20232024,,,,,,,3,1.0
Fri.,2024-02-02,6:00 CT,St. Thomas,1,@,Minnesota,3,,,wc,True,False,False,False,20232024,,,,,,,2,1.0
Fri.,2024-02-02,6:00 ET,Franklin Pierce,1,@,Saint Anselm,3,,,new,True,False,False,False,20232024,,,,,,,2,1.0
Fri.,2024-02-02,6:00 ET,Holy Cross,3,@,Vermont,6,,,he,True,False,False,False,20232024,,,,,,,3,1.0
Fri.,2024-02-02,6:00 ET,Boston College,3,@,Boston University,0,,,he,True,False,False,False,20232024,,,,,,,-3,0.0
Fri.,2024-02-02,6:00 ET,Cornell,1,@,St. Lawrence,2,,,ec,True,False,False,False,20232024,,,,,,,1,1.0
Fri.,2024-02-02,6:00 ET,Brown,4,@,Union,2,,,ec,True,False,False,False,20232024,,,,,,,-2,0.0
Fri.,2024-02-02,6:00 ET,Yale,1,@,RPI,4,,,ec,True,False,False,False,20232024,,,,,,,3,1.0
Fri.,2024-02-02,6:00 ET,Colgate,1,@,Clarkson,3,,,ec,True,False,False,False,20232024,,,,,,,2,1.0
Fri.,2024-02-02,6:00 ET,Robert Morris,3,@,RIT,2,OT,,ch,True,False,False,True,20232024,,,,,,,-1,0.0
Fri.,2024-02-02,6:00 ET,Mercyhurst,0,@,Penn State,4,,,ch,True,False,False,False,20232024,,,,,,,4,1.0
Fri.,2024-02-02,6:00 CT,Syracuse,7,@,Lindenwood,7,OT,,ch,True,False,False,True,20232024,,,,,,,0,0.5
Fri.,2024-02-02,6:00 ET,Connecticut,2,@,Providence,2,OT,,he,True,False,False,True,20232024,,,,,,,0,0.5
Sat.,2024-02-03,4:00 ET,Merrimack,2,@,Maine,1,,,he,True,False,False,False,20232024,,,,,,,-1,0.0
Sat.,2024-02-03,2:00 ET,St. Michael's,0,@,Sacred Heart,1,,,new,True,False,False,False,20232024,,,,,,,1,1.0
Sat.,2024-02-03,7:00 ET,Saint Anselm,1,@,Franklin Pierce,2,OT,,new,True,False,False,True,20232024,,,,,,,1,1.0
Sat.,2024-02-03,6:50 ET,Post,0,@,Assumption,0,OT,,new,True,False,False,True,20232024,,,,,,,0,0.5
Sat.,2024-02-03,3:00 CT,St. Cloud State,1,@,Wisconsin,2,OT,,wc,True,False,False,True,20232024,,,,,,,1,1.0
Sat.,2024-02-03,2:00 CT,Minnesota State,1,@,Minnesota Duluth,2,,,wc,True,False,False,False,20232024,,,,,,,1,1.0
Sat.,2024-02-03,2:00 CT,St. Thomas,2,@,Minnesota,5,,,wc,True,False,False,False,20232024,,,,,,,3,1.0
Sat.,2024-02-03,3:00 ET,Bemidji State,1,@,Ohio State,9,,,wc,True,False,False,False,20232024,,,,,,,8,1.0
Sat.,2024-02-03,3:00 ET,Providence,1,@,Connecticut,2,OT,,he,True,False,False,True,20232024,,,,,,,1,1.0
Sat.,2024-02-03,2:00 ET,Stonehill,1,@,LIU,2,,,new,True,False,False,False,20232024,,,,,,,1,1.0
Sat.,2024-02-03,2:00 ET,Boston University,3,@,Boston College,0,,,he,True,False,False,False,20232024,,,,,,,-3,0.0
Sat.,2024-02-03,3:00 CT,Syracuse,4,@,Lindenwood,5,OT,,ch,True,False,False,True,20232024,,,,,,,1,1.0
Sat.,2024-02-03,4:30 ET,New Hampshire,3,@,Northeastern,4,OT,,he,True,False,False,True,20232024,,,,,,,1,1.0
Sat.,2024-02-03,3:00 ET,Cornell,3,@,Clarkson,0,,,ec,True,False,False,False,20232024,,,,,,,-3,0.0
Sat.,2024-02-03,3:00 ET,Princeton,1,@,Quinnipiac,3,,,ec,True,False,False,False,20232024,,,,,,,2,1.0
Sat.,2024-02-03,3:00 ET,Dartmouth,2,@,Harvard,0,,,ec,True,False,False,False,20232024,,,,,,,-2,0.0
Sat.,2024-02-03,3:00 ET,Brown,0,@,RPI,2,,,ec,True,False,False,False,20232024,,,,,,,2,1.0
Sat.,2024-02-03,3:00 ET,Yale,4,@,Union,0,,,ec,True,False,False,False,20232024,,,,,,,-4,0.0
Sat.,2024-02-03,3:00 ET,Colgate,2,@,St. Lawrence,3,OT,,ec,True,False,False,True,20232024,,,,,,,1,1.0
Sat.,2024-02-03,3:00 ET,Robert Morris,2,@,RIT,3,OT,,ch,True,False,False,True,20232024,,,,,,,1,1.0
Sat.,2024-02-03,2:00 ET,Mercyhurst,2,@,Penn State,3,OT,,ch,True,False,False,True,20232024,,,,,,,1,1.0
Sat.,2024-02-03,6:00 ET,Holy Cross,2,@,Vermont,3,OT,,he,True,False,False,True,20232024,,,,,,,1,1.0
Sun.,2024-02-04,4:00 CT,St. Cloud State,2,@,Wisconsin,5,,,wc,True,False,False,False,20232024,,,,,,,3,1.0
Tue.,2024-02-06,7:00 ET,LIU,3,@,Sacred Heart,1,,,new,True,False,False,False,20232024,,,,,,,-2,0.0
Fri.,2024-02-09,6:00 CT,Minnesota Duluth,4,@,St. Thomas,1,,,wc,True,False,False,False,20232024,,,,,,,-3,0.0
Fri.,2024-02-09,6:00 CT,Wisconsin,10,@,Bemidji State,0,,,wc,True,False,False,False,20232024,,,,,,,-10,0.0
Fri.,2024-02-09,6:00 CT,Minnesota,1,@,St. Cloud State,0,,,wc,True,False,False,False,20232024,,,,,,,-1,0.0
Fri.,2024-02-09,6:00 CT,Ohio State,3,@,Minnesota State,0,,,wc,True,False,False,False,20232024,,,,,,,-3,0.0
Fri.,2024-02-09,3:00 ET,Post,0,@,LIU,3,,,new,True,False,False,False,20232024,,,,,,,3,1.0
Fri.,2024-02-09,7:00 ET,Assumption,1,@,Sacred Heart,0,,,new,True,False,False,False,20232024,,,,,,,-1,0.0
Fri.,2024-02-09,7:10 ET,Saint Anselm,2,@,St. Michael's,0,,,new,True,False,False,False,20232024,,,,,,,-2,0.0
Fri.,2024-02-09,7:00 ET,Stonehill,3,@,Franklin Pierce,2,,,new,True,False,False,False,20232024,,,,,,,-1,0.0
Fri.,2024-02-09,6:00 ET,Providence,1,@,Holy Cross,1,OT,,he,True,False,False,True,20232024,,,,,,,0,0.5
Fri.,2024-02-09,6:00 ET,Connecticut,2,@,Northeastern,2,OT,,he,True,False,False,True,20232024,,,,,,,0,0.5
Fri.,2024-02-09,6:00 ET,New Hampshire,3,@,Merrimack,2,,,he,True,False,False,False,20232024,,,,,,,-1,0.0
Fri.,2024-02-09,6:00 ET,Maine,3,@,Boston University,1,,,he,True,False,False,False,20232024,,,,,,,-2,0.0
Fri.,2024-02-09,6:00 ET,Syracuse,0,@,RIT,1,,,ch,True,False,False,False,20232024,,,,,,,1,1.0
Fri.,2024-02-09,6:00 ET,Yale,4,@,Dartmouth,0,,,ec,True,False,False,False,20232024,,,,,,,-4,0.0
Fri.,2024-02-09,6:00 ET,Union,2,@,Colgate,3,,,ec,True,False,False,False,20232024,,,,,,,1,1.0
Fri.,2024-02-09,6:00 ET,Clarkson,1,@,Princeton,0,OT,,ec,True,False,False,True,20232024,,,,,,,-1,0.0
Fri.,2024-02-09,6:00 ET,RPI,0,@,Cornell,1,OT,,ec,True,False,False,True,20232024,,,,,,,1,1.0
Fri.,2024-02-09,3:00 ET,Brown,3,@,Harvard,1,,,ec,True,False,False,False,20232024,,,,,,,-2,0.0
Fri.,2024-02-09,6:00 ET,St. Lawrence,4,@,Quinnipiac,3,OT,,ec,True,False,False,True,20232024,,,,,,,-1,0.0
Fri.,2024-02-09,3:00 ET,Lindenwood,0,@,Mercyhurst,3,,,ch,True,False,False,False,20232024,,,,,,,3,1.0
Fri.,2024-02-09,7:00 ET,Penn State,4,@,Robert Morris,4,OT,,ch,True,False,False,True,20232024,,,,,,,0,0.5
Fri.,2024-02-09,2:00 ET,Vermont,2,@,Boston College,2,OT,,he,True,False,False,True,20232024,,,,,,,0,0.5
Sat.,2024-02-10,3:00 ET,Merrimack,2,@,New Hampshire,1,OT,,he,True,False,False,True,20232024,,,,,,,-1,0.0
Sat.,2024-02-10,3:00 ET,Saint Anselm,11,@,St. Michael's,1,,,new,True,False,False,False,20232024,,,,,,,-10,0.0
Sat.,2024-02-10,1:00 ET,Franklin Pierce,1,@,Stonehill,2,,,new,True,False,False,False,20232024,,,,,,,1,1.0
Sat.,2024-02-10,6:00 ET,Sacred Heart,1,@,Assumption,3,,,new,True,False,False,False,20232024,,,,,,,2,1.0
Sat.,2024-02-10,3:00 ET,Maine,0,@,Northeastern,4,,,he,True,False,False,False,20232024,,,,,,,4,1.0
Sat.,2024-02-10,3:00 CT,Ohio State,6,@,Minnesota State,2,,,wc,True,False,False,False,20232024,,,,,,,-4,0.0
Sat.,2024-02-10,6:00 CT,Minnesota Duluth,5,@,St. Thomas,1,,,wc,True,False,False,False,20232024,,,,,,,-4,0.0
Sat.,2024-02-10,2:00 CT,St. Cloud State,1,@,Minnesota,5,,,wc,True,False,False,False,20232024,,,,,,,4,1.0
Sat.,2024-02-10,1:00 ET,LIU,3,@,Post,1,,,new,True,False,False,False,20232024,,,,,,,-2,0.0
Sat.,2024-02-10,3:00 ET,Vermont,2,@,Providence,2,OT,,he,True,False,False,True,20232024,,,,,,,0,0.5
Sat.,2024-02-10,3:00 CT,Wisconsin,7,@,Bemidji State,0,,,wc,True,False,False,False,20232024,,,,,,,-7,0.0
Sat.,2024-02-10,3:00 ET,Yale,3,@,Harvard,0,,,ec,True,False,False,False,20232024,,,,,,,-3,0.0
Sat.,2024-02-10,3:00 ET,Union,1,@,Cornell,3,,,ec,True,False,False,False,20232024,,,,,,,2,1.0
Sat.,2024-02-10,3:00 ET,Brown,3,@,Dartmouth,3,OT,,ec,True,False,False,True,20232024,,,,,,,0,0.5
Sat.,2024-02-10,3:00 ET,RPI,0,@,Colgate,2,,,ec,True,False,False,False,20232024,,,,,,,2,1.0
Sat.,2024-02-10,3:00 ET,St. Lawrence,3,@,Princeton,1,,,ec,True,False,False,False,20232024,,,,,,,-2,0.0
Sat.,2024-02-10,3:00 ET,Clarkson,2,@,Quinnipiac,1,OT,,ec,True,False,False,True,20232024,,,,,,,-1,0.0
Sat.,2024-02-10,12:00 ET,Lindenwood,2,@,Mercyhurst,6,,,ch,True,False,False,False,20232024,,,,,,,4,1.0
Sat.,2024-02-10,5:00 ET,Penn State,3,@,Robert Morris,4,OT,,ch,True,False,False,True,20232024,,,,,,,1,1.0
Sat.,2024-02-10,2:00 ET,RIT,0,@,Syracuse,3,,,ch,True,False,False,False,20232024,,,,,,,3,1.0
Sat.,2024-02-10,6:00 ET,Connecticut,5,@,Holy Cross,1,,,he,True,False,False,False,20232024,,,,,,,-4,0.0
Thu.,2024-02-15,7:00 ET,New Hampshire,4,@,Holy Cross,2,,,he,True,False,False,False,20232024,,,,,,,-2,0.0
Fri.,2024-02-16,3:00 CT,St. Cloud State,0,@,Minnesota Duluth,1,,,wc,True,False,False,False,20232024,,,,,,,1,1.0
Fri.,2024-02-16,6:00 ET,St. Thomas,1,@,Ohio State,12,,,wc,True,False,False,False,20232024,,,,,,,11,1.0
Fri.,2024-02-16,6:00 CT,Bemidji State,0,@,Minnesota State,4,,,wc,True,False,False,False,20232024,,,,,,,4,1.0
Fri.,2024-02-16,3:00 ET,St. Michael's,0,@,LIU,7,,,new,True,False,False,False,20232024,,,,,,,7,1.0
Fri.,2024-02-16,6:50 ET,Franklin Pierce,2,@,Assumption,2,OT,,new,True,False,False,True,20232024,,,,,,,0,0.5
Fri.,2024-02-16,8:00 ET,Sacred Heart,2,@,Post,0,,,new,True,False,False,False,20232024,,,,,,,-2,0.0
Fri.,2024-02-16,5:00 ET,Saint Anselm,1,@,Stonehill,4,,,new,True,False,False,False,20232024,,,,,,,3,1.0
Fri.,2024-02-16,4:00 ET,Connecticut,5,@,Merrimack,1,,,he,True,False,False,False,20232024,,,,,,,-4,0.0
Fri.,2024-02-16,2:00 ET,Northeastern,3,@,Boston College,2,OT,,he,True,False,False,True,20232024,,,,,,,-1,0.0
Fri.,2024-02-16,2:00 ET,Boston University,4,@,Vermont,1,,,he,True,False,False,False,20232024,,,,,,,-3,0.0
Fri.,2024-02-16,7:00 CT,Minnesota,3,@,Wisconsin,4,OT,,wc,True,False,False,True,20232024,,,,,,,1,1.0
Fri.,2024-02-16,6:00 ET,Dartmouth,0,@,Clarkson,9,,,ec,True,False,False,False,20232024,,,,,,,9,1.0
Fri.,2024-02-16,6:00 ET,Princeton,5,@,Union,1,,,ec,True,False,False,False,20232024,,,,,,,-4,0.0
Fri.,2024-02-16,3:00 ET,Harvard,2,@,St. Lawrence,4,,,ec,True,False,False,False,20232024,,,,,,,2,1.0
Fri.,2024-02-16,6:00 ET,Quinnipiac,4,@,RPI,2,,,ec,True,False,False,False,20232024,,,,,,,-2,0.0
Fri.,2024-02-16,6:00 ET,Cornell,2,@,Brown,1,OT,,ec,True,False,False,True,20232024,,,,,,,-1,0.0
Fri.,2024-02-16,6:00 ET,Colgate,1,@,Yale,3,,,ec,True,False,False,False,20232024,,,,,,,2,1.0
Fri.,2024-02-16,3:30 CT,Robert Morris,7,@,Lindenwood,5,,,ch,True,False,False,False,20232024,,,,,,,-2,0.0
Fri.,2024-02-16,6:00 ET,RIT,3,@,Penn State,5,,,ch,True,False,False,False,20232024,,,,,,,2,1.0
Fri.,2024-02-16,6:00 ET,Mercyhurst,3,@,Syracuse,2,,,ch,True,False,False,False,20232024,,,,,,,-1,0.0
Fri.,2024-02-16,6:00 ET,Providence,1,@,Maine,2,OT,,he,True,False,False,True,20232024,,,,,,,1,1.0
Sat.,2024-02-17,4:00 ET,Boston University,4,@,Merrimack,0,,,he,True,False,False,False,20232024,,,,,,,-4,0.0
Sat.,2024-02-17,2:00 ET,Post,3,@,Sacred Heart,4,,,new,True,False,False,False,20232024,,,,,,,1,1.0
Sat.,2024-02-17,7:30 ET,Assumption,0,@,Franklin Pierce,1,,,new,True,False,False,False,20232024,,,,,,,1,1.0
Sat.,2024-02-17,3:00 ET,Stonehill,2,@,Saint Anselm,1,,,new,True,False,False,False,20232024,,,,,,,-1,0.0
Sat.,2024-02-17,3:00 ET,St. Thomas,1,@,Ohio State,4,,,wc,True,False,False,False,20232024,,,,,,,3,1.0
Sat.,2024-02-17,3:00 CT,Bemidji State,2,@,Minnesota State,5,,,wc,True,False,False,False,20232024,,,,,,,3,1.0
Sat.,2024-02-17,2:00 CT,Minnesota,0,@,Wisconsin,4,,,wc,True,False,False,False,20232024,,,,,,,4,1.0
Sat.,2024-02-17,3:00 CT,St. Cloud State,0,@,Minnesota Duluth,0,OT,,wc,True,False,False,True,20232024,,,,,,,0,0.5
Sat.,2024-02-17,2:00 ET,St. Michael's,2,@,LIU,3,OT,,new,True,False,False,True,20232024,,,,,,,1,1.0
Sat.,2024-02-17,2:00 ET,Holy Cross,1,@,New Hampshire,2,,,he,True,False,False,False,20232024,,,,,,,1,1.0
Sat.,2024-02-17,3:00 ET,Colgate,6,@,Brown,0,,,ec,True,False,False,False,20232024,,,,,,,-6,0.0
Sat.,2024-02-17,1:00 ET,Connecticut,0,@,Vermont,3,,,he,True,False,False,False,20232024,,,,,,,3,1.0
Sat.,2024-02-17,2:00 ET,Boston College,1,@,Northeastern,5,,,he,True,False,False,False,20232024,,,,,,,4,1.0
Sat.,2024-02-17,3:00 ET,Mercyhurst,4,@,Syracuse,1,,,ch,True,False,False,False,20232024,,,,,,,-3,0.0
Sat.,2024-02-17,3:10 CT,Robert Morris,6,@,Lindenwood,3,,,ch,True,False,False,False,20232024,,,,,,,-3,0.0
Sat.,2024-02-17,3:00 ET,Princeton,3,@,RPI,3,OT,,ec,True,False,False,True,20232024,,,,,,,0,0.5
Sat.,2024-02-17,2:00 ET,RIT,1,@,Penn State,1,OT,,ch,True,False,False,True,20232024,,,,,,,0,0.5
Sat.,2024-02-17,3:00 ET,Dartmouth,0,@,St. Lawrence,5,,,ec,True,False,False,False,20232024,,,,,,,5,1.0
Sat.,2024-02-17,3:00 ET,Harvard,0,@,Clarkson,3,,,ec,True,False,False,False,20232024,,,,,,,3,1.0
Sat.,2024-02-17,3:00 ET,Quinnipiac,6,@,Union,1,,,ec,True,False,False,False,20232024,,,,,,,-5,0.0
Sat.,2024-02-17,3:00 ET,Cornell,2,@,Yale,1,,,ec,True,False,False,False,20232024,,,,,,,-1,0.0
Fri.,2024-02-23,7:00 ET,Assumption,2,@,Stonehill,3,,,nc,True,False,False,False,20232024,,,,,,,1,1.0
Fri.,2024-02-23,3:00 CT,St. Thomas,3,@,Minnesota State,2,,,wc,True,False,False,False,20232024,,,,,,,-1,0.0
Fri.,2024-02-23,6:00 CT,St. Cloud State,5,@,Bemidji State,1,,,wc,True,False,False,False,20232024,,,,,,,-4,0.0
Fri.,2024-02-23,7:00 CT,Ohio State,3,@,Wisconsin,1,,,wc,True,False,False,False,20232024,,,,,,,-2,0.0
Fri.,2024-02-23,7:30 ET,St. Michael's,2,@,LIU,3,,,nc,True,False,False,False,20232024,,,,,,,1,1.0
Fri.,2024-02-23,7:00 ET,Post,1,@,Saint Anselm,2,,,nc,True,False,False,False,20232024,,,,,,,1,1.0
Fri.,2024-02-23,7:00 ET,Franklin Pierce,3,@,Sacred Heart,1,,,nc,True,False,False,False,20232024,,,,,,,-2,0.0
Fri.,2024-02-23,6:00 CT,Minnesota Duluth,1,@,Minnesota,1,OT,,wc,True,False,False,True,20232024,,,,,,,0,0.5
Fri.,2024-02-23,6:00 ET,Boston College,1,@,New Hampshire,3,,,he,True,False,False,False,20232024,,,,,,,2,1.0
Fri.,2024-02-23,6:00 ET,Vermont,2,@,Northeastern,0,,,he,True,False,False,False,20232024,,,,,,,-2,0.0
Fri.,2024-02-23,6:00 ET,Connecticut,4,@,Boston University,0,,,he,True,False,False,False,20232024,,,,,,,-4,0.0
Fri.,2024-02-23,6:00 ET,Maine,3,@,Holy Cross,2,OT,,he,True,False,False,True,20232024,,,,,,,-1,0.0
Fri.,2024-02-23,6:00 ET,Merrimack,1,@,Providence,4,,,he,True,False,False,False,20232024,,,,,,,3,1.0
Fri.,2024-02-23,2:00 ET,Robert Morris,5,@,Mercyhurst,0,,,nc,True,False,False,False,20232024,,,,,,,-5,0.0
Fri.,2024-02-23,2:00 ET,RIT,1,@,Penn State,2,,,nc,True,False,False,False,20232024,,,,,,,1,1.0
Sat.,2024-02-24,2:00 CT,Minnesota Duluth,2,@,Minnesota,4,,,wc,True,False,False,False,20232024,,,,,,,2,1.0
Sat.,2024-02-24,3:00 CT,St. Cloud State,6,@,Bemidji State,2,,,wc,True,False,False,False,20232024,,,,,,,-4,0.0
Sat.,2024-02-24,8:00 CT,Ohio State,2,@,Wisconsin,4,,,wc,True,False,False,False,20232024,,,,,,,2,1.0
Sat.,2024-02-24,2:00 CT,Minnesota State,4,@,St. Thomas,5,OT,,wc,True,False,False,True,20232024,,,,,,,1,1.0
Sat.,2024-02-24,7:00 ET,Franklin Pierce,2,@,Sacred Heart,0,,,nc,True,False,False,False,20232024,,,,,,,-2,0.0
Sat.,2024-02-24,3:00 ET,Assumption,1,@,Stonehill,3,,,nc,True,False,False,False,20232024,,,,,,,2,1.0
Sat.,2024-02-24,7:00 ET,Post,2,@,Saint Anselm,1,,,nc,True,False,False,False,20232024,,,,,,,-1,0.0
Sat.,2024-02-24,7:30 ET,St. Michael's,0,@,LIU,3,,,nc,True,False,False,False,20232024,,,,,,,3,1.0
Sat.,2024-02-24,4:00 ET,Maine,5,@,Holy Cross,2,,,he,True,False,False,False,20232024,,,,,,,-3,0.0
Sat.,2024-02-24,4:00 ET,Providence,3,@,Merrimack,0,,,he,True,False,False,False,20232024,,,,,,,-3,0.0
Sat.,2024-02-24,2:00 ET,New Hampshire,6,@,Boston College,4,,,he,True,False,False,False,20232024,,,,,,,-2,0.0
Sat.,2024-02-24,1:00 ET,RIT,0,@,Penn State,4,,,nc,True,False,False,False,20232024,,,,,,,4,1.0
Sat.,2024-02-24,3:00 ET,Union,2,@,Yale,5,,,nc,True,False,False,False,20232024,,,,,,,3,1.0
Sat.,2024-02-24,3:00 ET,Dartmouth,1,@,Princeton,5,,,nc,True,False,False,False,20232024,,,,,,,4,1.0
Sat.,2024-02-24,2:00 ET,Robert Morris,2,@,Mercyhurst,5,,,nc,True,False,False,False,20232024,,,,,,,3,1.0
Sat.,2024-02-24,3:00 ET,RPI,0,@,Brown,1,OT,,nc,True,False,False,True,20232024,,,,,,,1,1.0
Sat.,2024-02-24,3:00 ET,Boston University,0,@,Connecticut,1,,,he,True,False,False,False,20232024,,,,,,,1,1.0
Sat.,2024-02-24,7:30 ET,Vermont,1,@,Northeastern,1,OT,,he,True,False,False,True,20232024,,,,,,,0,0.5
Sat.,2024-02-24,3:00 ET,Harvard,0,@,Quinnipiac,9,,,nc,True,False,False,False,20232024,,,,,,,9,1.0
Sun.,2024-02-25,2:00 ET,Robert Morris,1,@,Mercyhurst,6,,,nc,True,False,False,False,20232024,,,,,,,5,1.0
Sun.,2024-02-25,3:00 ET,Post,1,@,Saint Anselm,6,,,nc,True,False,False,False,20232024,,,,,,,5,1.0
Wed.,2024-02-28,6:00 ET,Holy Cross,4,@,Boston University,2,,,nc,True,False,False,False,20232024,,,,,,,-2,0.0
Wed.,2024-02-28,6:00 ET,Merrimack,2,@,Maine,1,OT,,nc,True,False,False,True,20232024,,,,,,,-1,0.0
Fri.,2024-03-01,5:00 CT,St. Thomas,2,@,Wisconsin,4,,,nc,True,False,False,False,20232024,,,,,,,2,1.0
Fri.,2024-03-01,4:00 CT,St. Cloud State,0,@,Minnesota Duluth,5,,,nc,True,False,False,False,20232024,,,,,,,5,1.0
Fri.,2024-03-01,6:00 CT,Minnesota State,5,@,Minnesota,4,,,nc,True,False,False,False,20232024,,,,,,,-1,0.0
Fri.,2024-03-01,5:00 ET,Bemidji State,1,@,Ohio State,10,,,nc,True,False,False,False,20232024,,,,,,,9,1.0
Fri.,2024-03-01,3:00 ET,Quinnipiac,2,@,Cornell,3,OT,,nc,True,False,False,True,20232024,,,,,,,1,1.0
Fri.,2024-03-01,3:00 ET,Brown,1,@,Colgate,5,,,nc,True,False,False,False,20232024,,,,,,,4,1.0
Fri.,2024-03-01,6:00 ET,Princeton,2,@,Clarkson,3,2OT,,nc,True,False,False,True,20232024,,,,,,,1,1.0
Fri.,2024-03-01,6:00 ET,Yale,1,@,St. Lawrence,4,,,nc,True,False,False,False,20232024,,,,,,,3,1.0
Fri.,2024-03-01,6:00 ET,Providence,1,@,Boston College,2,OT,,nc,True,False,False,True,20232024,,,,,,,1,1.0
Sat.,2024-03-02,2:00 ET,Bemidji State,0,@,Ohio State,8,,,nc,True,False,False,False,20232024,,,,,,,8,1.0
Sat.,2024-03-02,3:00 CT,Minnesota State,1,@,Minnesota,7,,,nc,True,False,False,False,20232024,,,,,,,6,1.0
Sat.,2024-03-02,3:00 CT,St. Cloud State,0,@,Minnesota Duluth,2,,,nc,True,False,False,False,20232024,,,,,,,2,1.0
Sat.,2024-03-02,4:00 CT,St. Thomas,1,@,Wisconsin,9,,,nc,True,False,False,False,20232024,,,,,,,8,1.0
Sat.,2024-03-02,7:00 ET,Franklin Pierce,4,@,LIU,3,OT,,nc,True,False,False,True,20232024,,,,,,,-1,0.0
Sat.,2024-03-02,7:30 ET,Merrimack,1,@,Northeastern,4,,,nc,True,False,False,False,20232024,,,,,,,3,1.0
Sat.,2024-03-02,3:00 ET,Stonehill,3,@,Saint Anselm,2,OT,,nc,True,False,False,True,20232024,,,,,,,-1,0.0
Sat.,2024-03-02,1:00 ET,Holy Cross,2,@,Connecticut,4,,,nc,True,False,False,False,20232024,,,,,,,2,1.0
Sat.,2024-03-02,2:00 ET,Brown,1,@,Colgate,5,,,nc,True,False,False,False,20232024,,,,,,,4,1.0
Sat.,2024-03-02,3:00 ET,Princeton,3,@,Clarkson,6,,,nc,True,False,False,False,20232024,,,,,,,3,1.0
Sat.,2024-03-02,3:00 ET,Yale,1,@,St. Lawrence,3,,,nc,True,False,False,False,20232024,,,,,,,2,1.0
Sat.,2024-03-02,3:00 ET,Quinnipiac,0,@,Cornell,5,,,nc,True,False,False,False,20232024,,,,,,,5,1.0
Sat.,2024-03-02,2:00 ET,Mercyhurst,0,@,Penn State,1,,,nc,True,False,False,False,20232024,,,,,,,1,1.0
Sat.,2024-03-02,6:00 ET,Vermont,0,@,New Hampshire,3,,,nc,True,False,False,False,20232024,,,,,,,3,1.0
Sun.,2024-03-03,3:00 CT,Minnesota State,0,@,Minnesota,3,,,nc,True,False,False,False,20232024,,,,,,,3,1.0
Wed.,2024-03-06,4:30 ET,New Hampshire,1,@,Northeastern,4,,,nc,True,False,False,False,20232024,,,,,,,3,1.0
Wed.,2024-03-06,7:00 ET,Boston College,1,@,Connecticut,2,OT,,nc,True,False,False,True,20232024,,,,,,,1,1.0
Fri.,2024-03-08,4:30 CT,Minnesota,3,vs,Wisconsin,4,OT,,nc,True,True,False,True,20232024,,,,,,,1,1.0
Fri.,2024-03-08,2:00 ET,Cornell,1,@,Colgate,5,,,nc,True,False,False,False,20232024,,,,,,,4,1.0
Fri.,2024-03-08,6:00 ET,St. Lawrence,1,vs,Clarkson,3,,,nc,True,True,False,False,20232024,,,,,,,2,1.0
Fri.,2024-03-08,1:00 CT,Minnesota Duluth,0,vs,Ohio State,5,,,nc,True,True,False,False,20232024,,,,,,,5,1.0
Sat.,2024-03-09,2:00 CT,Wisconsin,6,vs,Ohio State,3,,,nc,True,True,False,False,20232024,,,,,,,-3,0.0
Sat.,2024-03-09,3:00 ET,Franklin Pierce,2,@,Stonehill,3,OT,,nc,True,False,False,True,20232024,,,,,,,1,1.0
Sat.,2024-03-09,5:00 ET,Clarkson,0,@,Colgate,3,,,nc,True,False,False,False,20232024,,,,,,,3,1.0
Sat.,2024-03-09,12:00 ET,Northeastern,0,@,Connecticut,1,OT,,nc,True,False,False,True,20232024,,,,,,,1,1.0
Thu.,2024-03-14,7:00 CT,Penn State,0,vs,St. Lawrence,1,OT,,nc,True,True,False,True,20232024,,,,,,,1,1.0
Thu.,2024-03-14,7:00 ET,Stonehill,1,vs,Cornell,7,,,nc,True,True,False,False,20232024,,,,,,,6,1.0
Thu.,2024-03-14,7:00 ET,Connecticut,0,vs,Minnesota Duluth,1,2OT,,nc,True,True,False,True,20232024,,,,,,,1,1.0
Sat.,2024-03-16,3:00 ET,Cornell,1,@,Colgate,3,,,nc,True,False,False,False,20232024,,,,,,,2,1.0
Sat.,2024-03-16,2:00 ET,Minnesota,2,@,Clarkson,3,4OT,,nc,True,False,False,True,20232024,,,,,,,1,1.0
Sat.,2024-03-16,2:00 CT,St. Lawrence,0,@,Wisconsin,4,,,nc,True,False,False,False,20232024,,,,,,,4,1.0
Sat.,2024-03-16,4:00 ET,Minnesota Duluth,0,@,Ohio State,9,,,nc,True,False,False,False,20232024,,,,,,,9,1.0
Fri.,2024-03-22,4:00 ET,Clarkson,1,vs,Ohio State,4,,,nc,True,True,False,False,20232024,,,,,,,3,1.0
Fri.,2024-03-22,7:30 ET,Colgate,1,vs,Wisconsin,3,,,nc,True,True,False,False,20232024,,,,,,,2,1.0
Sun.,2024-03-24,4:00 ET,Wisconsin,0,vs,Ohio State,1,,,nc,True,True,False,False,20232024,,,,,,,1,1.0
Sat.,2024-09-21,6:00 CT,St. Cloud State,4,@,Lindenwood,0,,,nc,True,False,False,False,20242025,,,,,,,-4,0.0
Sat.,2024-09-21,3:00 ET,Minnesota Duluth,2,@,Ohio State,1,,,wc,True,False,False,False,20242025,,,,,,,-1,0.0
Sun.,2024-09-22,1:00 CT,St. Cloud State,6,@,Lindenwood,2,,,nc,True,False,False,False,20242025,,,,,,,-4,0.0
Sun.,2024-09-22,1:00 ET,Minnesota Duluth,4,@,Ohio State,3,,,wc,True,False,False,False,20242025,,,,,,,-1,0.0
Thu.,2024-09-26,6:00 ET,Northeastern,3,@,Penn State,1,,,nc,True,False,False,False,20242025,,,,,,,-2,0.0
Fri.,2024-09-27,6:00 ET,Colgate,3,@,Mercyhurst,2,,,nc,True,False,False,False,20242025,,,,,,,-1,0.0
Fri.,2024-09-27,7:00 ET,Union,1,@,Robert Morris,3,,,nc,True,False,False,False,20242025,,,,,,,2,1.0
Fri.,2024-09-27,3:00 ET,Northeastern,1,@,Penn State,2,,,nc,True,False,False,False,20242025,,,,,,,1,1.0
Fri.,2024-09-27,6:00 ET,Assumption,0,@,RIT,3,,,nc,True,False,False,False,20242025,,,,,,,3,1.0
Fri.,2024-09-27,6:00 ET,Holy Cross,3,@,RPI,2,,,nc,True,False,False,False,20242025,,,,,,,-1,0.0
Fri.,2024-09-27,6:00 ET,Quinnipiac,7,@,Maine,0,,,nc,True,False,False,False,20242025,,,,,,,-7,0.0
Fri.,2024-09-27,11:00am ET,St. Lawrence,3,@,Merrimack,0,,,nc,True,False,False,False,20242025,,,,,,,-3,0.0
Fri.,2024-09-27,6:00 ET,Minnesota,4,@,Connecticut,1,,,nc,True,False,False,False,20242025,,,,,,,-3,0.0
Fri.,2024-09-27,7:00 ET,Clarkson,9,@,St. Michael's,0,,,nc,True,False,False,False,20242025,,,,,,,-9,0.0
Fri.,2024-09-27,7:00 CT,Lindenwood,0,@,Wisconsin,12,,,nc,True,False,False,False,20242025,,,,,,,12,1.0
Fri.,2024-09-27,6:00 CT,Ohio State,8,@,Bemidji State,2,,,wc,True,False,False,False,20242025,,,,,,,-6,0.0
Sat.,2024-09-28,7:00 ET,Boston College,5,@,Stonehill,1,,,nc,True,False,False,False,20242025,,,,,,,-4,0.0
Sat.,2024-09-28,3:00 ET,Holy Cross,0,@,RPI,2,,,nc,True,False,False,False,20242025,,,,,,,2,1.0
Sat.,2024-09-28,3:00 CT,Ohio State,3,@,Bemidji State,0,,,wc,True,False,False,False,20242025,,,,,,,-3,0.0
Sat.,2024-09-28,2:00 CT,Lindenwood,1,@,Wisconsin,8,,,nc,True,False,False,False,20242025,,,,,,,7,1.0
Sat.,2024-09-28,3:00 ET,Clarkson,14,@,St. Michael's,0,,,nc,True,False,False,False,20242025,,,,,,,-14,0.0
Sat.,2024-09-28,3:00 ET,Union,4,@,Robert Morris,2,,,nc,True,False,False,False,20242025,,,,,,,-2,0.0
Sat.,2024-09-28,3:00 ET,Quinnipiac,4,@,Maine,0,,,nc,True,False,False,False,20242025,,,,,,,-4,0.0
Sat.,2024-09-28,3:00 ET,Assumption,0,@,RIT,5,,,nc,True,False,False,False,20242025,,,,,,,5,1.0
Sat.,2024-09-28,3:00 ET,Colgate,3,@,Mercyhurst,4,OT,,nc,True,False,False,True,20242025,,,,,,,1,1.0
Sat.,2024-09-28,3:00 ET,Minnesota,3,@,Connecticut,2,OT,,nc,True,False,False,True,20242025,,,,,,,-1,0.0
Tue.,2024-10-01,6:00 ET,Merrimack,1,@,Boston University,7,,,he,True,False,False,False,20242025,,,,,,,6,1.0
Fri.,2024-10-04,6:00 CT,LIU,0,@,Minnesota State,4,,,nc,True,False,False,False,20242025,,,,,,,4,1.0
Fri.,2024-10-04,6:00 CT,Post,0,@,St. Thomas,7,,,nc,True,False,False,False,20242025,,,,,,,7,1.0
Fri.,2024-10-04,6:00 CT,Boston University,0,@,Minnesota,1,,,nc,True,False,False,False,20242025,,,,,,,1,1.0
Fri.,2024-10-04,6:00 CT,Mercyhurst,1,@,St. Cloud State,2,,,nc,True,False,False,False,20242025,,,,,,,1,1.0
Fri.,2024-10-04,2:00 ET,RPI,1,@,Sacred Heart,2,OT,,nc,True,False,False,True,20242025,,,,,,,1,1.0
Fri.,2024-10-04,6:00 ET,Wisconsin,7,@,Boston College,1,,,nc,True,False,False,False,20242025,,,,,,,-6,0.0
Fri.,2024-10-04,6:00 ET,St. Michael's,0,@,Providence,8,,,nc,True,False,False,False,20242025,,,,,,,8,1.0
Fri.,2024-10-04,6:00 ET,Assumption,0,@,New Hampshire,6,,,nc,True,False,False,False,20242025,,,,,,,6,1.0
Fri.,2024-10-04,7:00 ET,Quinnipiac,2,@,Northeastern,4,,,nc,True,False,False,False,20242025,,,,,,,2,1.0
Fri.,2024-10-04,3:00 ET,Penn State,2,@,Connecticut,3,,,nc,True,False,False,False,20242025,,,,,,,1,1.0
Fri.,2024-10-04,6:00 ET,Ohio State,3,@,St. Lawrence,2,OT,,nc,True,False,False,True,20242025,,,,,,,-1,0.0
Fri.,2024-10-04,6:00 ET,Minnesota Duluth,3,@,Colgate,2,,,nc,True,False,False,False,20242025,,,,,,,-1,0.0
Fri.,2024-10-04,6:00 ET,Vermont,2,@,Clarkson,6,,,nc,True,False,False,False,20242025,,,,,,,4,1.0
Fri.,2024-10-04,6:00 ET,RIT,0,@,Union,4,,,nc,True,False,False,False,20242025,,,,,,,4,1.0
Fri.,2024-10-04,7:00 ET,Bemidji State,0,@,Robert Morris,2,,,nc,True,False,False,False,20242025,,,,,,,2,1.0
Fri.,2024-10-04,5:30 ET,Stonehill,0,@,Syracuse,4,,,nc,True,False,False,False,20242025,,,,,,,4,1.0
Fri.,2024-10-04,6:00 ET,Saint Anselm,1,@,Holy Cross,5,,,nc,True,False,False,False,20242025,,,,,,,4,1.0
Sat.,2024-10-05,6:00 ET,Wisconsin,7,@,Boston College,0,,,nc,True,False,False,False,20242025,,,,,,,-7,0.0
Sat.,2024-10-05,6:00 ET,Assumption,1,@,New Hampshire,1,OT,,nc,True,False,False,True,20242025,,,,,,,0,0.5
Sat.,2024-10-05,7:00 ET,Holy Cross,3,@,Saint Anselm,2,,,nc,True,False,False,False,20242025,,,,,,,-1,0.0
Sat.,2024-10-05,2:00 ET,St. Michael's,0,@,Providence,6,,,nc,True,False,False,False,20242025,,,,,,,6,1.0
Sat.,2024-10-05,3:00 CT,LIU,1,@,Minnesota State,4,,,nc,True,False,False,False,20242025,,,,,,,3,1.0
Sat.,2024-10-05,6:00 CT,Post,1,@,St. Thomas,4,,,nc,True,False,False,False,20242025,,,,,,,3,1.0
Sat.,2024-10-05,1:00 CT,Mercyhurst,0,@,St. Cloud State,2,,,nc,True,False,False,False,20242025,,,,,,,2,1.0
Sat.,2024-10-05,3:00 ET,Quinnipiac,3,@,Northeastern,0,,,nc,True,False,False,False,20242025,,,,,,,-3,0.0
Sat.,2024-10-05,3:00 ET,Bemidji State,3,@,Robert Morris,4,OT,,nc,True,False,False,True,20242025,,,,,,,1,1.0
Sat.,2024-10-05,3:00 ET,Minnesota Duluth,2,@,Colgate,3,,,nc,True,False,False,False,20242025,,,,,,,1,1.0
Sat.,2024-10-05,3:00 ET,Ohio State,5,@,St. Lawrence,3,,,nc,True,False,False,False,20242025,,,,,,,-2,0.0
Sat.,2024-10-05,7:00 ET,Sacred Heart,0,@,RPI,4,,,nc,True,False,False,False,20242025,,,,,,,4,1.0
Sat.,2024-10-05,3:00 ET,Vermont,1,@,Clarkson,5,,,nc,True,False,False,False,20242025,,,,,,,4,1.0
Sat.,2024-10-05,3:00 ET,RIT,4,@,Union,3,OT,,nc,True,False,False,True,20242025,,,,,,,-1,0.0
Sat.,2024-10-05,3:00 ET,Stonehill,0,@,Syracuse,4,,,nc,True,False,False,False,20242025,,,,,,,4,1.0
Sat.,2024-10-05,3:00 ET,Penn State,4,@,Connecticut,2,,,nc,True,False,False,False,20242025,,,,,,,-2,0.0
Sun.,2024-10-06,1:00 CT,Boston University,2,@,Minnesota,5,,,nc,True,False,False,False,20242025,,,,,,,3,1.0
Tue.,2024-10-08,6:00 ET,Providence,0,@,Quinnipiac,1,,,nc,True,False,False,False,20242025,,,,,,,1,1.0
Tue.,2024-10-08,6:00 ET,Syracuse,2,@,St. Lawrence,4,,,nc,True,False,False,False,20242025,,,,,,,2,1.0
Thu.,2024-10-10,6:00 ET,Boston College,1,@,Holy Cross,4,,,he,True,False,False,False,20242025,,,,,,,3,1.0
Fri.,2024-10-11,6:00 ET,RPI,2,@,Syracuse,1,,,nc,True,False,False,False,20242025,,,,,,,-1,0.0
Fri.,2024-10-11,3:00 CT,Minnesota State,3,@,St. Thomas,4,,,wc,True,False,False,False,20242025,,,,,,,1,1.0
Fri.,2024-10-11,6:00 ET,Minnesota,3,@,Ohio State,4,,,wc,True,False,False,False,20242025,,,,,,,1,1.0
Fri.,2024-10-11,6:00 CT,St. Cloud State,1,@,Bemidji State,0,,,wc,True,False,False,False,20242025,,,,,,,-1,0.0
Fri.,2024-10-11,3:00 ET,Mercyhurst,0,@,St. Lawrence,3,,,nc,True,False,False,False,20242025,,,,,,,3,1.0
Fri.,2024-10-11,3:00 ET,Robert Morris,0,@,Clarkson,4,,,nc,True,False,False,False,20242025,,,,,,,4,1.0
Fri.,2024-10-11,6:00 ET,Penn State,4,@,Union,2,,,nc,True,False,False,False,20242025,,,,,,,-2,0.0
Fri.,2024-10-11,6:00 ET,Colgate,5,@,RIT,1,,,nc,True,False,False,False,20242025,,,,,,,-4,0.0
Fri.,2024-10-11,7:00 ET,Saint Anselm,4,@,Sacred Heart,3,,,new,True,False,False,False,20242025,,,,,,,-1,0.0
Fri.,2024-10-11,7:00 ET,Post,4,@,St. Michael's,0,,,new,True,False,False,False,20242025,,,,,,,-4,0.0
Fri.,2024-10-11,2:00 ET,LIU,2,@,Stonehill,0,,,new,True,False,False,False,20242025,,,,,,,-2,0.0
Fri.,2024-10-11,6:00 ET,Merrimack,3,@,Vermont,2,,,he,True,False,False,False,20242025,,,,,,,-1,0.0
Fri.,2024-10-11,7:00 ET,Boston University,0,@,Northeastern,4,,,he,True,False,False,False,20242025,,,,,,,4,1.0
Fri.,2024-10-11,6:00 ET,Connecticut,5,@,New Hampshire,1,,,he,True,False,False,False,20242025,,,,,,,-4,0.0
Fri.,2024-10-11,6:00 ET,Providence,3,@,Maine,2,OT,,he,True,False,False,True,20242025,,,,,,,-1,0.0
Fri.,2024-10-11,7:10 ET,Franklin Pierce,4,@,Assumption,1,,,new,True,False,False,False,20242025,,,,,,,-3,0.0
Sat.,2024-10-12,3:00 ET,Mercyhurst,1,@,St. Lawrence,2,,,nc,True,False,False,False,20242025,,,,,,,1,1.0
Sat.,2024-10-12,3:00 ET,Minnesota,1,@,Ohio State,1,OT,,wc,True,False,False,True,20242025,,,,,,,0,0.5
Sat.,2024-10-12,2:00 CT,St. Thomas,3,@,Minnesota State,2,,,wc,True,False,False,False,20242025,,,,,,,-1,0.0
Sat.,2024-10-12,2:00 CT,Minnesota Duluth,1,@,Wisconsin,5,,,wc,True,False,False,False,20242025,,,,,,,4,1.0
Sat.,2024-10-12,2:00 CT,St. Cloud State,2,@,Bemidji State,0,,,wc,True,False,False,False,20242025,2.5,3.2,0.0,0.0,1.0,2.0,-2,0.0
Sat.,2024-10-12,3:00 ET,Penn State,5,@,Union,3,,,nc,True,False,False,False,20242025,,,,,,,-2,0.0
Sat.,2024-10-12,2:00 ET,Robert Morris,0,@,Clarkson,3,,,nc,True,False,False,False,20242025,,,,,,,3,1.0
Sat.,2024-10-12,4:00 ET,Syracuse,1,@,RPI,2,OT,,nc,True,False,False,True,20242025,,,,,,,1,1.0
Sat.,2024-10-12,3:00 ET,Colgate,2,@,RIT,4,,,nc,True,False,False,False,20242025,,,,,,,2,1.0
Sat.,2024-10-12,6:00 ET,Merrimack,3,@,Vermont,2,,,he,True,False,False,False,20242025,,,,,,,-1,0.0
Sat.,2024-10-12,3:00 ET,Post,0,@,St. Michael's,1,,,new,True,False,False,False,20242025,,,,,,,1,1.0
Sat.,2024-10-12,7:00 ET,Assumption,0,@,Franklin Pierce,1,OT,,new,True,False,False,True,20242025,,,,,,,1,1.0
Sat.,2024-10-12,2:00 ET,Saint Anselm,0,@,Sacred Heart,4,,,new,True,False,False,False,20242025,,,,,,,4,1.0
Sat.,2024-10-12,4:00 ET,Holy Cross,1,@,Boston College,5,,,he,True,False,False,False,20242025,,,,,,,4,1.0
Sat.,2024-10-12,6:00 ET,New Hampshire,0,@,Connecticut,2,,,he,True,False,False,False,20242025,,,,,,,2,1.0
Sat.,2024-10-12,3:00 ET,Northeastern,0,@,Boston University,4,,,he,True,False,False,False,20242025,,,,,,,4,1.0
Sat.,2024-10-12,7:00 ET,Providence,2,@,Maine,3,,,he,True,False,False,False,20242025,,,,,,,1,1.0
Sat.,2024-10-12,2:00 ET,LIU,2,@,Stonehill,3,,,new,True,False,False,False,20242025,,,,,,,1,1.0
Sun.,2024-10-13,2:00 CT,Minnesota Duluth,3,@,Wisconsin,7,,,wc,True,False,False,False,20242025,,,,,,,4,1.0
Tue.,2024-10-15,6:00 ET,Quinnipiac,2,@,Providence,3,,,nc,True,False,False,False,20242025,,,,,,,1,1.0
Thu.,2024-10-17,7:00 ET,Post,1,@,Colgate,6,,,nc,True,False,False,False,20242025,,,,,,,5,1.0
Thu.,2024-10-17,6:00 ET,RPI,3,@,RIT,3,OT,,nc,True,False,False,True,20242025,,,,,,,0,0.5
Fri.,2024-10-18,6:00 CT,Ohio State,5,@,St. Cloud State,1,,,wc,True,False,False,False,20242025,,,,,,,-4,0.0
Fri.,2024-10-18,6:00 CT,Wisconsin,5,@,Minnesota,0,,,wc,True,False,False,False,20242025,,,,,,,-5,0.0
Fri.,2024-10-18,6:00 CT,Lindenwood,3,@,Bemidji State,6,,,nc,True,False,False,False,20242025,,,,,,,3,1.0
Fri.,2024-10-18,6:00 ET,Union,1,@,New Hampshire,2,,,nc,True,False,False,False,20242025,,,,,,,1,1.0
Fri.,2024-10-18,6:00 ET,St. Lawrence,0,@,Vermont,1,,,nc,True,False,False,False,20242025,,,,,,,1,1.0
Fri.,2024-10-18,5:00 ET,Post,1,@,Colgate,8,,,nc,True,False,False,False,20242025,,,,,,,7,1.0
Fri.,2024-10-18,6:00 ET,Franklin Pierce,1,@,Brown,8,,,nc,True,False,False,False,20242025,,,,,,,7,1.0
Fri.,2024-10-18,3:00 CT,St. Thomas,0,@,Minnesota Duluth,3,,,wc,True,False,False,False,20242025,,,,,,,3,1.0
Fri.,2024-10-18,6:00 ET,Syracuse,0,@,Quinnipiac,4,,,nc,True,False,False,False,20242025,,,,,,,4,1.0
Fri.,2024-10-18,7:00 ET,Princeton,7,@,Robert Morris,1,,,nc,True,False,False,False,20242025,,,,,,,-6,0.0
Fri.,2024-10-18,6:00 ET,Dartmouth,0,@,Penn State,2,,,nc,True,False,False,False,20242025,,,,,,,2,1.0
Fri.,2024-10-18,6:00 ET,Northeastern,4,@,Holy Cross,4,OT,,he,True,False,False,True,20242025,,,,,,,0,0.5
Fri.,2024-10-18,3:00 ET,Maine,1,@,Boston University,2,,,he,True,False,False,False,20242025,,,,,,,1,1.0
Fri.,2024-10-18,2:00 ET,Connecticut,3,@,Providence,2,,,he,True,False,False,False,20242025,,,,,,,-1,0.0
Fri.,2024-10-18,6:00 ET,Cornell,0,@,Mercyhurst,0,OT,,nc,True,False,False,True,20242025,,,,,,,0,0.5
Fri.,2024-10-18,5:00 ET,Sacred Heart,4,@,Stonehill,3,,,new,True,False,False,False,20242025,,,,,,,-1,0.0
Fri.,2024-10-18,3:00 ET,Assumption,2,@,LIU,3,,,new,True,False,False,False,20242025,,,,,,,1,1.0
Fri.,2024-10-18,6:00 ET,RPI,0,@,RIT,2,,,nc,True,False,False,False,20242025,,,,,,,2,1.0
Fri.,2024-10-18,7:00 ET,St. Michael's,0,@,Saint Anselm,5,,,new,True,False,False,False,20242025,,,,,,,5,1.0
Sat.,2024-10-19,6:00 ET,Connecticut,0,@,Harvard,1,,,nc,True,False,False,False,20242025,,,,,,,1,1.0
Sat.,2024-10-19,3:00 CT,Wisconsin,4,@,Minnesota,3,,,wc,True,False,False,False,20242025,,,,,,,-1,0.0
Sat.,2024-10-19,3:00 CT,Ohio State,3,@,St. Cloud State,3,OT,,wc,True,False,False,True,20242025,,,,,,,0,0.5
Sat.,2024-10-19,3:00 CT,Lindenwood,3,@,Bemidji State,3,OT,,nc,True,False,False,True,20242025,,,,,,,0,0.5
Sat.,2024-10-19,7:00 ET,Brown,6,@,Franklin Pierce,2,,,nc,True,False,False,False,20242025,,,,,,,-4,0.0
Sat.,2024-10-19,2:00 ET,St. Lawrence,5,@,Vermont,0,,,nc,True,False,False,False,20242025,,,,,,,-5,0.0
Sat.,2024-10-19,6:00 ET,Union,0,@,New Hampshire,1,,,nc,True,False,False,False,20242025,,,,,,,1,1.0
Sat.,2024-10-19,3:00 ET,Syracuse,1,@,Quinnipiac,4,,,nc,True,False,False,False,20242025,,,,,,,3,1.0
Sat.,2024-10-19,2:00 CT,St. Thomas,0,@,Minnesota Duluth,2,,,wc,True,False,False,False,20242025,,,,,,,2,1.0
Sat.,2024-10-19,2:00 ET,Dartmouth,1,@,Penn State,4,,,nc,True,False,False,False,20242025,,,,,,,3,1.0
Sat.,2024-10-19,3:00 ET,Princeton,11,@,Robert Morris,1,,,nc,True,False,False,False,20242025,,,,,,,-10,0.0
Sat.,2024-10-19,3:00 ET,St. Michael's,3,@,Saint Anselm,4,OT,,new,True,False,False,True,20242025,,,,,,,1,1.0
Sat.,2024-10-19,1:00 ET,Sacred Heart,2,@,Stonehill,0,,,new,True,False,False,False,20242025,,,,,,,-2,0.0
Sat.,2024-10-19,2:00 ET,Assumption,1,@,LIU,1,OT,,new,True,False,False,True,20242025,,,,,,,0,0.5
Sat.,2024-10-19,6:00 ET,Boston College,2,@,Merrimack,1,,,he,True,False,False,False,20242025,,,,,,,-1,0.0
Sat.,2024-10-19,5:00 ET,Holy Cross,2,@,Northeastern,4,,,he,True,False,False,False,20242025,,,,,,,2,1.0
Sat.,2024-10-19,3:00 ET,Maine,0,@,Boston University,2,,,he,True,False,False,False,20242025,,,,,,,2,1.0
Sat.,2024-10-19,1:00 ET,Cornell,1,@,Mercyhurst,2,,,nc,True,False,False,False,20242025,,,,,,,1,1.0
Tue.,2024-10-22,6:00 ET,Mercyhurst,1,@,Ohio State,5,,,nc,True,False,False,False,20242025,,,,,,,4,1.0
Tue.,2024-10-22,7:00 ET,Saint Anselm,0,@,Yale,9,,,nc,True,False,False,False,20242025,,,,,,,9,1.0
Thu.,2024-10-24,7:00 CT,Bemidji State,0,@,Wisconsin,4,,,wc,True,False,False,False,20242025,,,,,,,4,1.0
Fri.,2024-10-25,6:00 CT,Minnesota State,2,@,Minnesota,8,,,wc,True,False,False,False,20242025,,,,,,,6,1.0
Fri.,2024-10-25,6:00 CT,St. Cloud State,1,@,St. Thomas,1,OT,,wc,True,False,False,True,20242025,,,,,,,0,0.5
Fri.,2024-10-25,4:00 ET,Robert Morris,6,@,Saint Anselm,1,,,nc,True,False,False,False,20242025,,,,,,,-5,0.0
Fri.,2024-10-25,6:00 ET,Lindenwood,1,@,Merrimack,5,,,nc,True,False,False,False,20242025,,,,,,,4,1.0
Fri.,2024-10-25,6:00 ET,Maine,3,@,Colgate,8,,,nc,True,False,False,False,20242025,,,,,,,5,1.0
Fri.,2024-10-25,7:00 CT,Bemidji State,0,@,Wisconsin,6,,,wc,True,False,False,False,20242025,,,,,,,6,1.0
Fri.,2024-10-25,6:00 ET,Boston University,4,@,Syracuse,1,,,nc,True,False,False,False,20242025,,,,,,,-3,0.0
Fri.,2024-10-25,3:00 ET,St. Lawrence,4,@,RIT,1,,,nc,True,False,False,False,20242025,,,,,,,-3,0.0
Fri.,2024-10-25,6:00 ET,Northeastern,1,@,Providence,2,,,he,True,False,False,False,20242025,,,,,,,1,1.0
Fri.,2024-10-25,3:00 ET,Stonehill,0,@,Ohio State,11,,,nc,True,False,False,False,20242025,,,,,,,11,1.0
Fri.,2024-10-25,12:00 ET,Penn State,0,vs,Cornell,2,,,nc,True,True,False,False,20242025,,,,,,,2,1.0
Fri.,2024-10-25,6:00 ET,Vermont,4,@,New Hampshire,3,,,he,True,False,False,False,20242025,,,,,,,-1,0.0
Fri.,2024-10-25,3:00 ET,Dartmouth,1,@,RPI,3,,,ec,True,False,False,False,20242025,,,,,,,2,1.0
Fri.,2024-10-25,6:00 ET,Quinnipiac,1,@,Brown,2,OT,,ec,True,False,False,True,20242025,,,,,,,1,1.0
Fri.,2024-10-25,6:00 ET,Princeton,1,@,Yale,3,,,ec,True,False,False,False,20242025,,,,,,,2,1.0
Fri.,2024-10-25,3:00 ET,Harvard,0,@,Union,3,,,ec,True,False,False,False,20242025,,,,,,,3,1.0
Fri.,2024-10-25,2:00 ET,Franklin Pierce,3,@,Post,2,,,new,True,False,False,False,20242025,,,,,,,-1,0.0
Sat.,2024-10-26,1:00 ET,St. Lawrence,2,@,RIT,2,OT,,nc,True,False,False,True,20242025,,,,,,,0,0.5
Sat.,2024-10-26,2:00 CT,Minnesota,3,@,Minnesota State,2,OT,,wc,True,False,False,True,20242025,,,,,,,-1,0.0
Sat.,2024-10-26,11:30 AM CT,St. Thomas,1,@,St. Cloud State,3,,,wc,True,False,False,False,20242025,,,,,,,2,1.0
Sat.,2024-10-26,7:00 ET,Robert Morris,7,@,Saint Anselm,1,,,nc,True,False,False,False,20242025,,,,,,,-6,0.0
Sat.,2024-10-26,2:00 ET,Lindenwood,1,@,Merrimack,4,,,nc,True,False,False,False,20242025,,,,,,,3,1.0
Sat.,2024-10-26,3:00 ET,Maine,1,@,Colgate,4,,,nc,True,False,False,False,20242025,,,,,,,3,1.0
Sat.,2024-10-26,7:00 ET,Post,3,@,Franklin Pierce,2,OT,,new,True,False,False,True,20242025,,,,,,,-1,0.0
Sat.,2024-10-26,2:00 ET,Clarkson,1,@,Boston College,3,,,nc,True,False,False,False,20242025,,,,,,,2,1.0
Sat.,2024-10-26,4:30 ET,Stonehill,1,vs,Penn State,11,,,nc,True,True,False,False,20242025,,,,,,,10,1.0
Sat.,2024-10-26,4:30 ET,Cornell,3,@,Ohio State,7,,,nc,True,False,False,False,20242025,,,,,,,4,1.0
Sat.,2024-10-26,3:00 ET,Princeton,3,@,Brown,4,,,ec,True,False,False,False,20242025,,,,,,,1,1.0
Sat.,2024-10-26,3:00 ET,Quinnipiac,1,@,Yale,1,OT,,ec,True,False,False,True,20242025,,,,,,,0,0.5
Sat.,2024-10-26,3:00 ET,Harvard,0,@,RPI,3,,,ec,True,False,False,False,20242025,,,,,,,3,1.0
Sat.,2024-10-26,3:00 ET,Boston University,3,@,Syracuse,2,,,nc,True,False,False,False,20242025,,,,,,,-1,0.0
Sat.,2024-10-26,3:00 ET,Dartmouth,1,@,Union,2,,,ec,True,False,False,False,20242025,,,,,,,1,1.0
Sat.,2024-10-26,3:30 ET,Vermont,2,@,New Hampshire,3,OT,,he,True,False,False,True,20242025,,,,,,,1,1.0
Sun.,2024-10-27,2:00 ET,Clarkson,3,@,Boston College,4,,,nc,True,False,False,False,20242025,,,,,,,1,1.0
Thu.,2024-10-31,6:00 ET,Syracuse,2,@,Penn State,3,OT,,ah,True,False,False,True,20242025,,,,,,,1,1.0
Fri.,2024-11-01,3:00 CT,Ohio State,5,@,St. Thomas,1,,,wc,True,False,False,False,20242025,,,,,,,-4,0.0
Fri.,2024-11-01,6:00 CT,Minnesota Duluth,4,@,Minnesota State,1,,,wc,True,False,False,False,20242025,,,,,,,-3,0.0
Fri.,2024-11-01,3:00 CT,Wisconsin,6,@,St. Cloud State,0,,,wc,True,False,False,False,20242025,,,,,,,-6,0.0
Fri.,2024-11-01,3:00 CT,Minnesota,2,@,Bemidji State,1,,,wc,True,False,False,False,20242025,,,,,,,-1,0.0
Fri.,2024-11-01,3:00 ET,Sacred Heart,2,@,LIU,3,,,new,True,False,False,False,20242025,,,,,,,1,1.0
Fri.,2024-11-01,8:00 ET,Assumption,2,@,Post,1,,,new,True,False,False,False,20242025,,,,,,,-1,0.0
Fri.,2024-11-01,7:00 ET,Franklin Pierce,4,@,Saint Anselm,3,,,new,True,False,False,False,20242025,,,,,,,-1,0.0
Fri.,2024-11-01,6:00 ET,Northeastern,4,@,New Hampshire,1,,,he,True,False,False,False,20242025,,,,,,,-3,0.0
Fri.,2024-11-01,3:00 ET,Providence,1,@,Boston University,5,,,he,True,False,False,False,20242025,,,,,,,4,1.0
Fri.,2024-11-01,2:00 ET,Vermont,1,@,Maine,5,,,he,True,False,False,False,20242025,,,,,,,4,1.0
Fri.,2024-11-01,7:00 ET,Stonehill,5,@,St. Michael's,1,,,new,True,False,False,False,20242025,,,,,,,-4,0.0
Fri.,2024-11-01,3:00 ET,Yale,1,@,Harvard,5,,,ec,True,False,False,False,20242025,,,,,,,4,1.0
Fri.,2024-11-01,6:00 ET,Holy Cross,1,@,Connecticut,2,OT,,he,True,False,False,True,20242025,,,,,,,1,1.0
Fri.,2024-11-01,2:00 ET,Syracuse,2,@,Penn State,5,,,ah,True,False,False,False,20242025,,,,,,,3,1.0
Fri.,2024-11-01,6:00 CT,Mercyhurst,3,@,Lindenwood,1,,,ah,True,False,False,False,20242025,,,,,,,-2,0.0
Fri.,2024-11-01,3:00 ET,RPI,1,@,Colgate,4,,,ec,True,False,False,False,20242025,,,,,,,3,1.0
Fri.,2024-11-01,6:00 ET,Robert Morris,2,@,RIT,2,OT,,ah,True,False,False,True,20242025,,,,,,,0,0.5
Fri.,2024-11-01,6:00 ET,Brown,2,@,Dartmouth,1,,,ec,True,False,False,False,20242025,,,,,,,-1,0.0
Fri.,2024-11-01,6:00 ET,St. Lawrence,6,@,Princeton,2,,,ec,True,False,False,False,20242025,,,,,,,-4,0.0
Fri.,2024-11-01,6:00 ET,Clarkson,0,@,Quinnipiac,3,,,ec,True,False,False,False,20242025,,,,,,,3,1.0
Fri.,2024-11-01,3:00 ET,Union,3,@,Cornell,2,,,ec,True,False,False,False,20242025,,,,,,,-1,0.0
Sat.,2024-11-02,3:00 ET,Boston University,3,@,Providence,2,,,he,True,False,False,False,20242025,,,,,,,-1,0.0
Sat.,2024-11-02,1:00 CT,Ohio State,1,@,St. Thomas,0,OT,,wc,True,False,False,True,20242025,,,,,,,-1,0.0
Sat.,2024-11-02,3:00 CT,Minnesota Duluth,3,@,Minnesota State,3,OT,,wc,True,False,False,True,20242025,,,,,,,0,0.5
Sat.,2024-11-02,1:00 CT,Wisconsin,4,@,St. Cloud State,0,,,wc,True,False,False,False,20242025,,,,,,,-4,0.0
Sat.,2024-11-02,2:00 CT,Minnesota,4,@,Bemidji State,1,,,wc,True,False,False,False,20242025,,,,,,,-3,0.0
Sat.,2024-11-02,2:00 ET,LIU,0,@,Sacred Heart,1,,,new,True,False,False,False,20242025,,,,,,,1,1.0
Sat.,2024-11-02,3:00 ET,Stonehill,3,@,St. Michael's,1,,,new,True,False,False,False,20242025,,,,,,,-2,0.0
Sat.,2024-11-02,5:40 ET,Post,3,@,Assumption,7,,,new,True,False,False,False,20242025,,,,,,,4,1.0
Sat.,2024-11-02,7:00 ET,Saint Anselm,3,@,Franklin Pierce,7,,,new,True,False,False,False,20242025,,,,,,,4,1.0
Sat.,2024-11-02,2:00 ET,New Hampshire,2,@,Northeastern,0,,,he,True,False,False,False,20242025,,,,,,,-2,0.0
Sat.,2024-11-02,3:00 ET,Yale,2,@,Dartmouth,1,,,ec,True,False,False,False,20242025,,,,,,,-1,0.0
Sat.,2024-11-02,2:00 ET,Vermont,2,@,Maine,1,,,he,True,False,False,False,20242025,,,,,,,-1,0.0
Sat.,2024-11-02,2:00 ET,Connecticut,2,@,Holy Cross,0,,,he,True,False,False,False,20242025,,,,,,,-2,0.0
Sat.,2024-11-02,1:00 CT,Mercyhurst,1,@,Lindenwood,2,,,ah,True,False,False,False,20242025,,,,,,,1,1.0
Sat.,2024-11-02,4:00 ET,Clarkson,6,@,Princeton,3,,,ec,True,False,False,False,20242025,,,,,,,-3,0.0
Sat.,2024-11-02,3:00 ET,Union,3,@,Colgate,4,,,ec,True,False,False,False,20242025,,,,,,,1,1.0
Sat.,2024-11-02,3:00 ET,Robert Morris,1,@,RIT,5,,,ah,True,False,False,False,20242025,,,,,,,4,1.0
Sat.,2024-11-02,3:00 ET,Brown,5,@,Harvard,1,,,ec,True,False,False,False,20242025,,,,,,,-4,0.0
Sat.,2024-11-02,3:00 ET,RPI,0,@,Cornell,7,,,ec,True,False,False,False,20242025,,,,,,,7,1.0
Sat.,2024-11-02,2:00 ET,Merrimack,3,@,Boston College,7,,,he,True,False,False,False,20242025,,,,,,,4,1.0
Sat.,2024-11-02,3:00 ET,St. Lawrence,1,@,Quinnipiac,3,,,ec,True,False,False,False,20242025,,,,,,,2,1.0
Thu.,2024-11-07,6:00 ET,Boston University,5,@,Merrimack,1,,,he,True,False,False,False,20242025,,,,,,,-4,0.0
Thu.,2024-11-07,6:00 CT,Lindenwood,2,@,St. Thomas,7,,,nc,True,False,False,False,20242025,,,,,,,5,1.0
Fri.,2024-11-08,6:00 ET,Northeastern,1,@,Connecticut,0,,,he,True,False,False,False,20242025,,,,,,,-1,0.0
Fri.,2024-11-08,2:00 CT,Lindenwood,6,@,St. Thomas,1,,,nc,True,False,False,False,20242025,,,,,,,-5,0.0
Fri.,2024-11-08,8:00 ET,Sacred Heart,1,@,Assumption,0,,,new,True,False,False,False,20242025,,,,,,,-1,0.0
Fri.,2024-11-08,3:00 ET,St. Michael's,0,@,LIU,5,,,new,True,False,False,False,20242025,,,,,,,5,1.0
Fri.,2024-11-08,6:00 ET,Post,1,@,Saint Anselm,2,,,new,True,False,False,False,20242025,,,,,,,1,1.0
Fri.,2024-11-08,5:00 ET,Providence,3,@,New Hampshire,7,,,he,True,False,False,False,20242025,,,,,,,4,1.0
Fri.,2024-11-08,3:00 ET,Merrimack,3,@,Boston University,3,OT,,he,True,False,False,True,20242025,,,,,,,0,0.5
Fri.,2024-11-08,7:00 ET,Stonehill,2,@,Franklin Pierce,1,,,new,True,False,False,False,20242025,,,,,,,-1,0.0
Fri.,2024-11-08,6:00 ET,Cornell,2,@,Yale,0,,,ec,True,False,False,False,20242025,,,,,,,-2,0.0
Fri.,2024-11-08,6:00 ET,Colgate,4,@,Brown,3,OT,,ec,True,False,False,True,20242025,,,,,,,-1,0.0
Fri.,2024-11-08,6:00 ET,Quinnipiac,2,@,Dartmouth,1,OT,,ec,True,False,False,True,20242025,,,,,,,-1,0.0
Fri.,2024-11-08,6:00 ET,Union,2,@,Clarkson,3,OT,,ec,True,False,False,True,20242025,,,,,,,1,1.0
Fri.,2024-11-08,6:00 ET,Princeton,5,@,Harvard,3,,,ec,True,False,False,False,20242025,,,,,,,-2,0.0
Fri.,2024-11-08,4:00 ET,RPI,3,@,St. Lawrence,3,OT,,ec,True,False,False,True,20242025,,,,,,,0,0.5
Fri.,2024-11-08,6:00 ET,Boston College,3,@,Maine,1,,,he,True,False,False,False,20242025,,,,,,,-2,0.0
Sat.,2024-11-09,7:00 ET,Assumption,0,@,Sacred Heart,4,,,new,True,False,False,False,20242025,,,,,,,4,1.0
Sat.,2024-11-09,3:00 ET,Post,2,@,Saint Anselm,2,OT,,new,True,False,False,True,20242025,,,,,,,0,0.5
Sat.,2024-11-09,1:00 ET,Franklin Pierce,3,@,Stonehill,2,,,new,True,False,False,False,20242025,,,,,,,-1,0.0
Sat.,2024-11-09,2:00 ET,St. Michael's,0,@,LIU,1,,,new,True,False,False,False,20242025,,,,,,,1,1.0
Sat.,2024-11-09,1:00 ET,Holy Cross,2,@,Vermont,1,OT,,he,True,False,False,True,20242025,,,,,,,-1,0.0
Sat.,2024-11-09,1:30 ET,Connecticut,0,@,Northeastern,1,,,he,True,False,False,False,20242025,,,,,,,1,1.0
Sat.,2024-11-09,3:00 ET,New Hampshire,3,@,Providence,6,,,he,True,False,False,False,20242025,,,,,,,3,1.0
Sat.,2024-11-09,3:00 ET,Princeton,4,@,Dartmouth,3,,,ec,True,False,False,False,20242025,,,,,,,-1,0.0
Sat.,2024-11-09,3:00 ET,Union,0,@,St. Lawrence,3,,,ec,True,False,False,False,20242025,,,,,,,3,1.0
Sat.,2024-11-09,3:00 ET,Quinnipiac,1,@,Harvard,0,,,ec,True,False,False,False,20242025,,,,,,,-1,0.0
Sat.,2024-11-09,3:00 ET,Colgate,4,@,Yale,3,,,ec,True,False,False,False,20242025,,,,,,,-1,0.0
Sat.,2024-11-09,3:00 ET,RPI,0,@,Clarkson,2,,,ec,True,False,False,False,20242025,,,,,,,2,1.0
Sat.,2024-11-09,3:00 ET,Cornell,2,@,Brown,1,,,ec,True,False,False,False,20242025,,,,,,,-1,0.0
Sat.,2024-11-09,4:00 ET,Boston College,5,@,Maine,1,,,he,True,False,False,False,20242025,,,,,,,-4,0.0
Tue.,2024-11-12,2:00 ET,Quinnipiac,1,@,LIU,0,,,nc,True,False,False,False,20242025,,,,,,,-1,0.0
Wed.,2024-11-13,6:00 ET,Clarkson,1,@,St. Lawrence,1,OT,,nc,True,False,False,True,20242025,,,,,,,0,0.5
Fri.,2024-11-15,6:00 CT,Minnesota,4,@,Minnesota Duluth,1,,,wc,True,False,False,False,20242025,,,,,,,-3,0.0
Fri.,2024-11-15,6:00 ET,Wisconsin,4,@,Ohio State,2,,,wc,True,False,False,False,20242025,,,,,,,-2,0.0
Fri.,2024-11-15,6:00 CT,Minnesota State,4,@,St. Cloud State,1,,,wc,True,False,False,False,20242025,,,,,,,-3,0.0
Fri.,2024-11-15,7:00 ET,LIU,1,@,Franklin Pierce,0,,,new,True,False,False,False,20242025,,,,,,,-1,0.0
Fri.,2024-11-15,6:00 ET,Assumption,2,@,Saint Anselm,3,OT,,new,True,False,False,True,20242025,,,,,,,1,1.0
Fri.,2024-11-15,1:00 ET,Stonehill,0,@,Post,1,,,new,True,False,False,False,20242025,,,,,,,1,1.0
Fri.,2024-11-15,7:00 ET,Sacred Heart,6,@,St. Michael's,0,,,new,True,False,False,False,20242025,,,,,,,-6,0.0
Fri.,2024-11-15,6:00 CT,St. Thomas,1,@,Bemidji State,4,,,wc,True,False,False,False,20242025,,,,,,,3,1.0
Fri.,2024-11-15,6:00 ET,Connecticut,3,@,Merrimack,2,,,he,True,False,False,False,20242025,,,,,,,-1,0.0
Fri.,2024-11-15,6:00 ET,Boston College,3,@,Boston University,2,OT,,he,True,False,False,True,20242025,,,,,,,-1,0.0
Fri.,2024-11-15,12:00 ET,Vermont,1,@,Providence,1,OT,,he,True,False,False,True,20242025,,,,,,,0,0.5
Fri.,2024-11-15,6:00 ET,Maine,1,@,Northeastern,2,,,he,True,False,False,False,20242025,,,,,,,1,1.0
Fri.,2024-11-15,6:00 ET,Harvard,1,@,Cornell,5,,,ec,True,False,False,False,20242025,,,,,,,4,1.0
Fri.,2024-11-15,6:00 ET,Dartmouth,1,@,Colgate,5,,,ec,True,False,False,False,20242025,,,,,,,4,1.0
Fri.,2024-11-15,6:00 ET,RIT,2,@,Syracuse,4,,,ah,True,False,False,False,20242025,,,,,,,2,1.0
Fri.,2024-11-15,7:00 ET,Mercyhurst,2,@,Robert Morris,0,,,ah,True,False,False,False,20242025,,,,,,,-2,0.0
Fri.,2024-11-15,2:00 ET,Lindenwood,2,@,Penn State,3,OT,,ah,True,False,False,True,20242025,,,,,,,1,1.0
Fri.,2024-11-15,6:00 ET,New Hampshire,3,@,Holy Cross,2,OT,,he,True,False,False,True,20242025,,,,,,,-1,0.0
Sat.,2024-11-16,4:00 ET,LIU,6,@,Franklin Pierce,3,,,new,True,False,False,False,20242025,,,,,,,-3,0.0
Sat.,2024-11-16,3:00 ET,Sacred Heart,4,@,St. Michael's,1,,,new,True,False,False,False,20242025,,,,,,,-3,0.0
Sat.,2024-11-16,7:30 ET,Saint Anselm,1,@,Assumption,3,,,new,True,False,False,False,20242025,,,,,,,2,1.0
Sat.,2024-11-16,3:00 CT,Minnesota State,2,@,St. Cloud State,3,OT,,wc,True,False,False,True,20242025,,,,,,,1,1.0
Sat.,2024-11-16,3:00 ET,St. Lawrence,0,@,Clarkson,2,,,nc,True,False,False,False,20242025,,,,,,,2,1.0
Sat.,2024-11-16,12:00 ET,Vermont,0,@,Providence,0,OT,,he,True,False,False,True,20242025,,,,,,,0,0.5
Sat.,2024-11-16,3:00 ET,Wisconsin,2,@,Ohio State,3,,,wc,True,False,False,False,20242025,,,,,,,1,1.0
Sat.,2024-11-16,2:00 ET,Post,0,@,Stonehill,3,,,new,True,False,False,False,20242025,,,,,,,3,1.0
Sat.,2024-11-16,6:00 ET,Holy Cross,0,@,New Hampshire,2,,,he,True,False,False,False,20242025,,,,,,,2,1.0
Sat.,2024-11-16,3:00 ET,Harvard,0,@,Colgate,3,,,ec,True,False,False,False,20242025,,,,,,,3,1.0
Sat.,2024-11-16,1:30 ET,Maine,0,@,Northeastern,2,,,he,True,False,False,False,20242025,,,,,,,2,1.0
Sat.,2024-11-16,4:30 ET,Boston University,3,@,Boston College,1,,,he,True,False,False,False,20242025,,,,,,,-2,0.0
Sat.,2024-11-16,3:00 ET,Dartmouth,0,@,Cornell,4,,,ec,True,False,False,False,20242025,,,,,,,4,1.0
Sat.,2024-11-16,6:00 ET,Brown,1,@,Yale,4,,,ec,True,False,False,False,20242025,,,,,,,3,1.0
Sat.,2024-11-16,1:00 ET,Lindenwood,1,@,Penn State,7,,,ah,True,False,False,False,20242025,,,,,,,6,1.0
Sat.,2024-11-16,3:00 ET,Syracuse,1,@,RIT,0,,,ah,True,False,False,False,20242025,,,,,,,-1,0.0
Sat.,2024-11-16,3:00 ET,Mercyhurst,5,@,Robert Morris,0,,,ah,True,False,False,False,20242025,,,,,,,-5,0.0
Sat.,2024-11-16,3:00 CT,Minnesota,3,@,Minnesota Duluth,2,,,wc,True,False,False,False,20242025,,,,,,,-1,0.0
Sat.,2024-11-16,3:00 ET,Merrimack,0,@,Connecticut,2,,,he,True,False,False,False,20242025,,,,,,,2,1.0
Sat.,2024-11-16,2:00 CT,St. Thomas,3,@,Bemidji State,4,,,wc,True,False,False,False,20242025,,,,,,,1,1.0
Sun.,2024-11-17,3:00 ET,Yale,3,@,Brown,0,,,ec,True,False,False,False,20242025,,,,,,,-3,0.0
Wed.,2024-11-20,6:00 ET,Union,1,@,Vermont,0,,,nc,True,False,False,False,20242025,,,,,,,-1,0.0
Fri.,2024-11-22,7:00 CT,St. Thomas,1,@,Wisconsin,6,,,wc,True,False,False,False,20242025,,,,,,,5,1.0
Fri.,2024-11-22,6:00 CT,St. Cloud State,2,@,Minnesota,5,,,wc,True,False,False,False,20242025,,,,,,,3,1.0
Fri.,2024-11-22,6:00 CT,Ohio State,2,@,Minnesota State,1,OT,,wc,True,False,False,True,20242025,,,,,,,-1,0.0
Fri.,2024-11-22,3:00 CT,Bemidji State,1,@,Minnesota Duluth,8,,,wc,True,False,False,False,20242025,,,,,,,7,1.0
Fri.,2024-11-22,6:00 ET,Merrimack,2,@,RPI,3,,,nc,True,False,False,False,20242025,,,,,,,1,1.0
Fri.,2024-11-22,6:00 ET,Providence,2,@,Harvard,2,OT,,nc,True,False,False,True,20242025,,,,,,,0,0.5
Fri.,2024-11-22,2:00 ET,Franklin Pierce,1,@,Sacred Heart,3,,,new,True,False,False,False,20242025,,,,,,,2,1.0
Fri.,2024-11-22,5:00 ET,Saint Anselm,5,@,Stonehill,2,,,new,True,False,False,False,20242025,,,,,,,-3,0.0
Fri.,2024-11-22,7:00 ET,Assumption,5,@,St. Michael's,4,OT,,new,True,False,False,True,20242025,,,,,,,-1,0.0
Fri.,2024-11-22,3:00 ET,Post,2,@,LIU,3,OT,,new,True,False,False,True,20242025,,,,,,,1,1.0
Fri.,2024-11-22,2:00 ET,Connecticut,2,@,Boston College,3,,,he,True,False,False,False,20242025,,,,,,,1,1.0
Fri.,2024-11-22,6:00 ET,New Hampshire,1,@,Vermont,0,,,he,True,False,False,False,20242025,,,,,,,-1,0.0
Fri.,2024-11-22,3:00 ET,RIT,1,@,Mercyhurst,2,,,ah,True,False,False,False,20242025,,,,,,,1,1.0
Fri.,2024-11-22,2:00 ET,Robert Morris,0,@,Penn State,5,,,ah,True,False,False,False,20242025,,,,,,,5,1.0
Fri.,2024-11-22,6:00 ET,St. Lawrence,2,@,Yale,1,,,ec,True,False,False,False,20242025,,,,,,,-1,0.0
Fri.,2024-11-22,4:00 CT,Syracuse,2,@,Lindenwood,1,,,ah,True,False,False,False,20242025,,,,,,,-1,0.0
Fri.,2024-11-22,6:00 ET,Clarkson,4,@,Brown,1,,,ec,True,False,False,False,20242025,,,,,,,-3,0.0
Fri.,2024-11-22,6:00 ET,Colgate,3,@,Princeton,4,OT,,ec,True,False,False,True,20242025,,,,,,,1,1.0
Fri.,2024-11-22,6:00 ET,Cornell,3,@,Quinnipiac,3,OT,,ec,True,False,False,True,20242025,,,,,,,0,0.5
Sat.,2024-11-23,2:30 ET,LIU,2,@,Post,2,OT,,new,True,False,False,True,20242025,,,,,,,0,0.5
Sat.,2024-11-23,4:00 CT,St. Thomas,2,@,Wisconsin,5,,,wc,True,False,False,False,20242025,,,,,,,3,1.0
Sat.,2024-11-23,1:00 CT,Bemidji State,0,@,Minnesota Duluth,2,,,wc,True,False,False,False,20242025,,,,,,,2,1.0
Sat.,2024-11-23,1:00 CT,Ohio State,1,@,Minnesota State,4,,,wc,True,False,False,False,20242025,,,,,,,3,1.0
Sat.,2024-11-23,3:00 CT,Minnesota,1,@,St. Cloud State,3,,,wc,True,False,False,False,20242025,,,,,,,2,1.0
Sat.,2024-11-23,2:00 ET,Harvard,2,@,Providence,3,OT,,nc,True,False,False,True,20242025,,,,,,,1,1.0
Sat.,2024-11-23,3:00 ET,Merrimack,1,@,RPI,2,,,nc,True,False,False,False,20242025,,,,,,,1,1.0
Sat.,2024-11-23,3:00 ET,Assumption,3,@,St. Michael's,1,,,new,True,False,False,False,20242025,,,,,,,-2,0.0
Sat.,2024-11-23,2:00 ET,Franklin Pierce,0,@,Sacred Heart,4,,,new,True,False,False,False,20242025,,,,,,,4,1.0
Sat.,2024-11-23,6:00 ET,Boston College,1,@,Connecticut,2,,,he,True,False,False,False,20242025,,,,,,,1,1.0
Sat.,2024-11-23,1:00 ET,Stonehill,1,@,Saint Anselm,1,OT,,new,True,False,False,True,20242025,,,,,,,0,0.5
Sat.,2024-11-23,3:00 ET,Colgate,4,@,Quinnipiac,1,,,ec,True,False,False,False,20242025,,,,,,,-3,0.0
Sat.,2024-11-23,3:00 ET,St. Lawrence,1,@,Brown,1,OT,,ec,True,False,False,True,20242025,,,,,,,0,0.5
Sat.,2024-11-23,3:00 ET,Clarkson,4,@,Yale,3,OT,,ec,True,False,False,True,20242025,,,,,,,-1,0.0
Sat.,2024-11-23,3:00 ET,Cornell,4,@,Princeton,3,,,ec,True,False,False,False,20242025,,,,,,,-1,0.0
Sat.,2024-11-23,1:30 CT,Syracuse,1,@,Lindenwood,4,,,ah,True,False,False,False,20242025,,,,,,,3,1.0
Sat.,2024-11-23,1:00 ET,RIT,4,@,Mercyhurst,3,,,ah,True,False,False,False,20242025,,,,,,,-1,0.0
Sat.,2024-11-23,1:00 ET,Robert Morris,0,@,Penn State,4,,,ah,True,False,False,False,20242025,,,,,,,4,1.0
Sun.,2024-11-24,2:00 ET,Maine,3,@,Vermont,1,,,he,True,False,False,False,20242025,,,,,,,-2,0.0
Tue.,2024-11-26,11:00am ET,Union,3,@,RPI,2,OT,,ec,True,False,False,True,20242025,,,,,,,-1,0.0
Tue.,2024-11-26,7:00 ET,Post,2,@,Franklin Pierce,5,,,new,True,False,False,False,20242025,,,,,,,3,1.0
Tue.,2024-11-26,7:00 ET,New Hampshire,3,@,Mercyhurst,1,,,nc,True,False,False,False,20242025,,,,,,,-2,0.0
Tue.,2024-11-26,7:00 ET,RIT,2,@,Cornell,5,,,nc,True,False,False,False,20242025,,,,,,,3,1.0
Wed.,2024-11-27,2:00 ET,Princeton,8,@,Boston University,1,,,nc,True,False,False,False,20242025,,,,,,,-7,0.0
Wed.,2024-11-27,2:00 ET,New Hampshire,1,@,Mercyhurst,4,,,nc,True,False,False,False,20242025,,,,,,,3,1.0
Fri.,2024-11-29,3:00 ET,Quinnipiac,8,@,Sacred Heart,1,,,nc,True,False,False,False,20242025,,,,,,,-7,0.0
Fri.,2024-11-29,6:00 ET,Colgate,3,@,Syracuse,1,,,nc,True,False,False,False,20242025,,,,,,,-2,0.0
Fri.,2024-11-29,6:00 ET,St. Cloud State,2,@,Union,2,OT,,nc,True,False,False,True,20242025,,,,,,,0,0.5
Fri.,2024-11-29,6:00 ET,Minnesota State,4,@,Dartmouth,0,,,nc,True,False,False,False,20242025,,,,,,,-4,0.0
Fri.,2024-11-29,6:00 ET,Wisconsin,9,@,Maine,0,,,nc,True,False,False,False,20242025,,,,,,,-9,0.0
Fri.,2024-11-29,5:00 ET,Princeton,5,@,Stonehill,0,,,nc,True,False,False,False,20242025,,,,,,,-5,0.0
Fri.,2024-11-29,6:00 CT,Vermont,0,@,Minnesota Duluth,4,,,nc,True,False,False,False,20242025,,,,,,,4,1.0
Fri.,2024-11-29,6:00 ET,Yale,3,vs,Connecticut,1,,,nc,True,True,False,False,20242025,,,,,,,-2,0.0
Fri.,2024-11-29,,Merrimack,3,vs,Penn State,1,,,nc,True,True,False,False,20242025,,,,,,,-2,0.0
Fri.,2024-11-29,,St. Thomas,4,vs,Clarkson,5,OT,,nc,True,True,False,True,20242025,,,,,,,1,1.0
Sat.,2024-11-30,6:00 ET,Yale,1,vs,Quinnipiac,1,OT,,nc,True,True,False,True,20242025,,,,,,,0,0.5
Sat.,2024-11-30,3:00 ET,Connecticut,4,@,Sacred Heart,2,,,nc,True,False,False,False,20242025,,,,,,,-2,0.0
Sat.,2024-11-30,3:00 CT,Vermont,1,@,Minnesota Duluth,9,,,nc,True,False,False,False,20242025,,,,,,,8,1.0
Sat.,2024-11-30,,Merrimack,0,vs,Clarkson,4,,,nc,True,True,False,False,20242025,,,,,,,4,1.0
Sat.,2024-11-30,,St. Thomas,1,vs,Penn State,1,OT,,nc,True,True,False,True,20242025,,,,,,,0,0.5
Sat.,2024-11-30,1:00 ET,Princeton,12,@,Stonehill,1,,,nc,True,False,False,False,20242025,,,,,,,-11,0.0
Sat.,2024-11-30,3:00 ET,St. Cloud State,2,@,Union,1,,,nc,True,False,False,False,20242025,,,,,,,-1,0.0
Sat.,2024-11-30,2:00 ET,Assumption,0,@,Holy Cross,6,,,nc,True,False,False,False,20242025,,,,,,,6,1.0
Sat.,2024-11-30,6:00 ET,Minnesota State,3,@,Dartmouth,2,OT,,nc,True,False,False,True,20242025,,,,,,,-1,0.0
Sat.,2024-11-30,4:00 ET,Wisconsin,6,@,Maine,1,,,nc,True,False,False,False,20242025,,,,,,,-5,0.0
Sat.,2024-11-30,3:00 ET,Syracuse,1,@,Colgate,7,,,nc,True,False,False,False,20242025,,,,,,,6,1.0
Sat.,2024-11-30,3:00 ET,Brown,3,@,Providence,2,,,nc,True,False,False,False,20242025,,,,,,,-1,0.0
Sat.,2024-11-30,7:00 ET,Boston College,3,@,Northeastern,0,,,he,True,False,False,False,20242025,,,,,,,-3,0.0
Sun.,2024-12-01,3:00 ET,Holy Cross,1,@,Brown,4,,,nc,True,False,False,False,20242025,,,,,,,3,1.0
Sun.,2024-12-01,7:00 ET,Assumption,0,@,RPI,6,,,nc,True,False,False,False,20242025,,,,,,,6,1.0
Tue.,2024-12-03,11:00am ET,Sacred Heart,1,@,Quinnipiac,2,,,nc,True,False,False,False,20242025,,,,,,,1,1.0
Wed.,2024-12-04,1:30 ET,Saint Anselm,3,@,LIU,4,OT,,new,True,False,False,True,20242025,,,,,,,1,1.0
Wed.,2024-12-04,11:00 ET,Providence,2,@,Boston College,4,,,he,True,False,False,False,20242025,,,,,,,2,1.0
Wed.,2024-12-04,6:00 ET,Northeastern,2,@,New Hampshire,0,,,he,True,False,False,False,20242025,,,,,,,-2,0.0
Thu.,2024-12-05,1:30 ET,Saint Anselm,3,@,LIU,4,OT,,new,True,False,False,True,20242025,,,,,,,1,1.0
Fri.,2024-12-06,3:00 CT,Minnesota Duluth,1,@,St. Cloud State,1,OT,,wc,True,False,False,True,20242025,,,,,,,0,0.5
Fri.,2024-12-06,7:00 CT,Minnesota,5,@,St. Thomas,0,,,wc,True,False,False,False,20242025,,,,,,,-5,0.0
Fri.,2024-12-06,1:00 ET,Sacred Heart,0,@,Post,3,,,new,True,False,False,False,20242025,,,,,,,3,1.0
Fri.,2024-12-06,6:00 ET,Assumption,2,@,Stonehill,1,,,new,True,False,False,False,20242025,,,,,,,-1,0.0
Fri.,2024-12-06,2:00 ET,St. Michael's,0,@,Franklin Pierce,5,,,new,True,False,False,False,20242025,,,,,,,5,1.0
Fri.,2024-12-06,2:00 ET,Vermont,2,@,Merrimack,1,,,he,True,False,False,False,20242025,,,,,,,-1,0.0
Fri.,2024-12-06,6:00 ET,Boston University,3,@,Maine,1,,,he,True,False,False,False,20242025,,,,,,,-2,0.0
Fri.,2024-12-06,6:00 ET,Connecticut,2,@,New Hampshire,1,,,he,True,False,False,False,20242025,,,,,,,-1,0.0
Fri.,2024-12-06,3:00 CT,Wisconsin,2,@,Minnesota State,1,,,wc,True,False,False,False,20242025,,,,,,,-1,0.0
Fri.,2024-12-06,6:00 ET,Brown,1,@,RPI,4,,,ec,True,False,False,False,20242025,,,,,,,3,1.0
Fri.,2024-12-06,6:00 ET,Yale,3,@,Union,1,,,ec,True,False,False,False,20242025,,,,,,,-2,0.0
Fri.,2024-12-06,6:00 ET,Dartmouth,3,@,Clarkson,5,,,ec,True,False,False,False,20242025,,,,,,,2,1.0
Fri.,2024-12-06,6:00 ET,Harvard,2,@,St. Lawrence,4,,,ec,True,False,False,False,20242025,,,,,,,2,1.0
Fri.,2024-12-06,3:00 ET,Lindenwood,4,@,RIT,9,,,ah,True,False,False,False,20242025,,,,,,,5,1.0
Fri.,2024-12-06,6:00 ET,Robert Morris,1,@,Syracuse,4,,,ah,True,False,False,False,20242025,,,,,,,3,1.0
Fri.,2024-12-06,3:00 ET,Penn State,4,@,Mercyhurst,2,,,ah,True,False,False,False,20242025,,,,,,,-2,0.0
Fri.,2024-12-06,6:00 ET,Boston College,1,@,Holy Cross,2,OT,,he,True,False,False,True,20242025,,,,,,,1,1.0
Sat.,2024-12-07,6:00 CT,Minnesota,6,@,St. Thomas,2,,,wc,True,False,False,False,20242025,,,,,,,-4,0.0
Sat.,2024-12-07,2:00 CT,Wisconsin,5,@,Minnesota State,0,,,wc,True,False,False,False,20242025,,,,,,,-5,0.0
Sat.,2024-12-07,1:00 CT,Minnesota Duluth,3,@,St. Cloud State,1,,,wc,True,False,False,False,20242025,,,,,,,-2,0.0
Sat.,2024-12-07,1:00 ET,St. Michael's,0,@,Franklin Pierce,3,,,new,True,False,False,False,20242025,,,,,,,3,1.0
Sat.,2024-12-07,7:00 ET,Stonehill,2,@,Assumption,2,OT,,new,True,False,False,True,20242025,,,,,,,0,0.5
Sat.,2024-12-07,7:00 ET,Post,1,@,Sacred Heart,1,OT,,new,True,False,False,True,20242025,,,,,,,0,0.5
Sat.,2024-12-07,3:00 ET,Holy Cross,2,@,Merrimack,3,OT,,he,True,False,False,True,20242025,,,,,,,1,1.0
Sat.,2024-12-07,7:00 ET,Connecticut,4,@,Maine,3,OT,,he,True,False,False,True,20242025,,,,,,,-1,0.0
Sat.,2024-12-07,3:00 ET,Brown,1,@,Union,4,,,ec,True,False,False,False,20242025,,,,,,,3,1.0
Sat.,2024-12-07,3:00 ET,Yale,1,@,RPI,3,,,ec,True,False,False,False,20242025,,,,,,,2,1.0
Sat.,2024-12-07,3:00 ET,Harvard,1,@,Clarkson,5,,,ec,True,False,False,False,20242025,,,,,,,4,1.0
Sat.,2024-12-07,3:00 ET,Dartmouth,0,@,St. Lawrence,2,,,ec,True,False,False,False,20242025,,,,,,,2,1.0
Sat.,2024-12-07,1:00 ET,Lindenwood,2,@,RIT,4,,,ah,True,False,False,False,20242025,,,,,,,2,1.0
Sat.,2024-12-07,1:00 ET,Penn State,3,@,Mercyhurst,2,,,ah,True,False,False,False,20242025,,,,,,,-1,0.0
Sat.,2024-12-07,3:00 ET,Robert Morris,1,@,Syracuse,4,,,ah,True,False,False,False,20242025,,,,,,,3,1.0
Sat.,2024-12-07,3:00 ET,Quinnipiac,1,@,Princeton,2,OT,,ec,True,False,False,True,20242025,,,,,,,1,1.0
Tue.,2024-12-10,6:00 ET,LIU,2,@,Princeton,4,,,nc,True,False,False,False,20242025,,,,,,,2,1.0
Fri.,2024-12-13,3:00 ET,Robert Morris,1,@,LIU,1,OT,,nc,True,False,False,True,20242025,,,,,,,0,0.5
Fri.,2024-12-13,3:00 CT,Bemidji State,0,@,Minnesota State,5,,,wc,True,False,False,False,20242025,,,,,,,5,1.0
Sat.,2024-12-14,6:00 ET,Merrimack,2,vs,Maine,3,,,he,True,True,False,False,20242025,,,,,,,1,1.0
Sat.,2024-12-14,2:00 ET,Robert Morris,3,@,LIU,1,,,nc,True,False,False,False,20242025,,,,,,,-2,0.0
Sat.,2024-12-14,2:00 CT,Bemidji State,3,@,Minnesota State,5,,,wc,True,False,False,False,20242025,,,,,,,2,1.0
Mon.,2024-12-30,6:00 ET,Dartmouth,2,@,New Hampshire,1,,,nc,True,False,False,False,20242025,,,,,,,-1,0.0
Tue.,2024-12-31,2:00 ET,Cornell,5,@,RIT,1,,,nc,True,False,False,False,20242025,,,,,,,-4,0.0
Wed.,2025-01-01,5:00 CT,Minnesota,4,vs,Bemidji State,1,,,nc,True,True,False,False,20242025,,,,,,,-3,0.0
Thu.,2025-01-02,7:00 CT,Ohio State,0,@,Wisconsin,6,,,wc,True,False,False,False,20242025,,,,,,,6,1.0
Thu.,2025-01-02,,Syracuse,2,@,Minnesota Duluth,6,,,nc,True,False,False,False,20242025,,,,,,,4,1.0
Fri.,2025-01-03,1:00 CT,Penn State,6,vs,Bemidji State,4,,,nc,True,True,False,False,20242025,,,,,,,-2,0.0
Fri.,2025-01-03,,Syracuse,1,@,Minnesota Duluth,2,,,nc,True,False,False,False,20242025,,,,,,,1,1.0
Fri.,2025-01-03,8:00 ET,RIT,4,@,Post,1,,,nc,True,False,False,False,20242025,,,,,,,-3,0.0
Fri.,2025-01-03,4:00 CT,Minnesota State,8,@,Lindenwood,1,,,nc,True,False,False,False,20242025,,,,,,,-7,0.0
Fri.,2025-01-03,7:00 ET,Yale,8,@,Robert Morris,1,,,nc,True,False,False,False,20242025,,,,,,,-7,0.0
Fri.,2025-01-03,6:00 ET,Boston University,3,@,Holy Cross,0,,,he,True,False,False,False,20242025,,,,,,,-3,0.0
Fri.,2025-01-03,6:00 ET,Merrimack,1,@,Northeastern,3,,,he,True,False,False,False,20242025,,,,,,,2,1.0
Fri.,2025-01-03,6:00 ET,Connecticut,1,@,Boston College,1,OT,,he,True,False,False,True,20242025,,,,,,,0,0.5
Fri.,2025-01-03,4:30 CT,Brown,1,@,Minnesota,9,,,nc,True,False,False,False,20242025,,,,,,,8,1.0
Fri.,2025-01-03,6:00 ET,Providence,5,@,Vermont,3,,,he,True,False,False,False,20242025,,,,,,,-2,0.0
Fri.,2025-01-03,6:00 ET,Quinnipiac,8,@,Union,1,,,ec,True,False,False,False,20242025,,,,,,,-7,0.0
Fri.,2025-01-03,6:00 ET,Dartmouth,3,@,Harvard,2,OT,,ec,True,False,False,True,20242025,,,,,,,-1,0.0
Fri.,2025-01-03,6:00 ET,Princeton,7,@,RPI,2,,,ec,True,False,False,False,20242025,,,,,,,-5,0.0
Fri.,2025-01-03,6:00 ET,Cornell,3,@,Clarkson,0,,,ec,True,False,False,False,20242025,,,,,,,-3,0.0
Fri.,2025-01-03,6:00 ET,Colgate,2,@,St. Lawrence,3,,,ec,True,False,False,False,20242025,,,,,,,1,1.0
Fri.,2025-01-03,6:00 ET,Maine,4,@,New Hampshire,1,,,he,True,False,False,False,20242025,,,,,,,-3,0.0
Sat.,2025-01-04,4:30 CT,Ohio State,3,@,Wisconsin,3,OT,,wc,True,False,False,True,20242025,,,,,,,0,0.5
Sat.,2025-01-04,2:30 ET,RIT,4,@,Post,3,,,nc,True,False,False,False,20242025,,,,,,,-1,0.0
Sat.,2025-01-04,1:00 CT,Minnesota State,4,@,Lindenwood,1,,,nc,True,False,False,False,20242025,,,,,,,-3,0.0
Sat.,2025-01-04,4:00 ET,St. Michael's,1,@,Mercyhurst,11,,,nc,True,False,False,False,20242025,,,,,,,10,1.0
Sat.,2025-01-04,3:00 ET,Yale,5,@,Robert Morris,4,OT,,nc,True,False,False,True,20242025,,,,,,,-1,0.0
Sat.,2025-01-04,6:00 ET,Providence,4,@,Merrimack,1,,,he,True,False,False,False,20242025,,,,,,,-3,0.0
Sat.,2025-01-04,2:00 ET,Holy Cross,0,@,Northeastern,4,,,he,True,False,False,False,20242025,,,,,,,4,1.0
Sat.,2025-01-04,3:00 ET,Quinnipiac,4,@,RPI,0,,,ec,True,False,False,False,20242025,,,,,,,-4,0.0
Sat.,2025-01-04,3:00 ET,Princeton,5,@,Union,2,,,ec,True,False,False,False,20242025,,,,,,,-3,0.0
Sat.,2025-01-04,3:00 ET,Cornell,2,@,St. Lawrence,2,OT,,ec,True,False,False,True,20242025,,,,,,,0,0.5
Sat.,2025-01-04,3:00 ET,Colgate,4,@,Clarkson,2,,,ec,True,False,False,False,20242025,,,,,,,-2,0.0
Sat.,2025-01-04,3:00 ET,Harvard,1,@,Dartmouth,1,OT,,ec,True,False,False,True,20242025,,,,,,,0,0.5
Sat.,2025-01-04,1:00 CT,Brown,4,vs,Bemidji State,5,,,nc,True,True,False,False,20242025,,,,,,,1,1.0
Sat.,2025-01-04,4:30 CT,Penn State,6,@,Minnesota,2,,,nc,True,False,False,False,20242025,,,,,,,-4,0.0
Sun.,2025-01-05,2:00 ET,Maine,0,@,Boston College,5,,,he,True,False,False,False,20242025,,,,,,,5,1.0
Sun.,2025-01-05,3:00 ET,Vermont,2,@,Connecticut,3,,,he,True,False,False,False,20242025,,,,,,,1,1.0
Sun.,2025-01-05,12:00 ET,St. Michael's,0,@,Mercyhurst,6,,,nc,True,False,False,False,20242025,,,,,,,6,1.0
Tue.,2025-01-07,6:00 ET,New Hampshire,0,@,Boston College,4,,,he,True,False,False,False,20242025,,,,,,,4,1.0
Tue.,2025-01-07,6:00 ET,Yale,3,@,Northeastern,4,,,nc,True,False,False,False,20242025,,,,,,,1,1.0
Wed.,2025-01-08,7:00 ET,Dartmouth,9,@,Saint Anselm,1,,,nc,True,False,False,False,20242025,,,,,,,-8,0.0
Wed.,2025-01-08,7:00 ET,Sacred Heart,0,@,Brown,3,,,nc,True,False,False,False,20242025,,,,,,,3,1.0
Fri.,2025-01-10,6:00 CT,Robert Morris,3,@,Lindenwood,3,OT,,ah,True,False,False,True,20242025,,,,,,,0,0.5
Fri.,2025-01-10,3:00 CT,St. Cloud State,0,@,Minnesota Duluth,3,,,wc,True,False,False,False,20242025,3.8,2.4,1.0,0.0,1.0,0.0,3,1.0
Fri.,2025-01-10,3:00 ET,Bemidji State,0,@,Ohio State,6,,,wc,True,False,False,False,20242025,,,,,,,6,1.0
Fri.,2025-01-10,6:00 CT,St. Thomas,2,@,Minnesota,4,,,wc,True,False,False,False,20242025,,,,,,,2,1.0
Fri.,2025-01-10,6:00 ET,Maine,3,@,Harvard,2,OT,,nc,True,False,False,True,20242025,,,,,,,-1,0.0
Fri.,2025-01-10,4:00 ET,Sacred Heart,3,@,Saint Anselm,2,,,new,True,False,False,False,20242025,,,,,,,-1,0.0
Fri.,2025-01-10,3:00 ET,Stonehill,2,@,LIU,0,,,new,True,False,False,False,20242025,,,,,,,-2,0.0
Fri.,2025-01-10,8:00 ET,St. Michael's,1,@,Post,3,,,new,True,False,False,False,20242025,,,,,,,2,1.0
Fri.,2025-01-10,6:00 ET,New Hampshire,5,@,Merrimack,3,,,he,True,False,False,False,20242025,,,,,,,-2,0.0
Fri.,2025-01-10,7:00 ET,Assumption,1,@,Franklin Pierce,3,,,new,True,False,False,False,20242025,,,,,,,2,1.0
Fri.,2025-01-10,6:00 ET,Boston University,2,@,Vermont,1,,,he,True,False,False,False,20242025,,,,,,,-1,0.0
Fri.,2025-01-10,6:00 ET,Clarkson,8,@,RPI,3,,,ec,True,False,False,False,20242025,,,,,,,-5,0.0
Fri.,2025-01-10,3:00 ET,Cornell,2,@,Colgate,1,,,ec,True,False,False,False,20242025,,,,,,,-1,0.0
Fri.,2025-01-10,6:00 ET,Princeton,3,@,Quinnipiac,1,,,ec,True,False,False,False,20242025,,,,,,,-2,0.0
Fri.,2025-01-10,6:00 ET,St. Lawrence,4,@,Union,2,,,ec,True,False,False,False,20242025,,,,,,,-2,0.0
Fri.,2025-01-10,6:00 ET,Mercyhurst,2,@,Syracuse,1,,,ah,True,False,False,False,20242025,,,,,,,-1,0.0
Fri.,2025-01-10,2:00 ET,RIT,0,@,Penn State,3,,,ah,True,False,False,False,20242025,,,,,,,3,1.0
Fri.,2025-01-10,6:00 ET,Holy Cross,1,@,Providence,3,,,he,True,False,False,False,20242025,,,,,,,2,1.0
Sat.,2025-01-11,6:00 ET,Franklin Pierce,2,@,Assumption,1,,,new,True,False,False,False,20242025,,,,,,,-1,0.0
Sat.,2025-01-11,2:00 CT,St. Thomas,1,@,Minnesota,5,,,wc,True,False,False,False,20242025,,,,,,,4,1.0
Sat.,2025-01-11,5:00 CT,Minnesota State,2,@,Wisconsin,6,,,wc,True,False,False,False,20242025,,,,,,,4,1.0
Sat.,2025-01-11,3:00 ET,Bemidji State,0,@,Ohio State,4,,,wc,True,False,False,False,20242025,,,,,,,4,1.0
Sat.,2025-01-11,2:00 CT,St. Cloud State,0,@,Minnesota Duluth,3,,,wc,True,False,False,False,20242025,2.8,2.5,0.0,0.0,4.0,1.0,3,1.0
Sat.,2025-01-11,3:00 ET,Princeton,1,@,Yale,2,OT,,nc,True,False,False,True,20242025,,,,,,,1,1.0
Sat.,2025-01-11,2:00 ET,Stonehill,2,@,LIU,1,,,new,True,False,False,False,20242025,,,,,,,-1,0.0
Sat.,2025-01-11,2:30 ET,St. Michael's,3,@,Post,2,,,new,True,False,False,False,20242025,,,,,,,-1,0.0
Sat.,2025-01-11,1:00 ET,Sacred Heart,2,@,Saint Anselm,2,OT,,new,True,False,False,True,20242025,,,,,,,0,0.5
Sat.,2025-01-11,3:00 ET,Holy Cross,0,@,Providence,1,,,he,True,False,False,False,20242025,,,,,,,1,1.0
Sat.,2025-01-11,3:00 ET,Boston University,2,@,Vermont,3,,,he,True,False,False,False,20242025,,,,,,,1,1.0
Sat.,2025-01-11,3:00 ET,St. Lawrence,2,@,RPI,0,,,ec,True,False,False,False,20242025,,,,,,,-2,0.0
Sat.,2025-01-11,3:00 ET,Clarkson,4,@,Union,0,,,ec,True,False,False,False,20242025,,,,,,,-4,0.0
Sat.,2025-01-11,3:00 ET,Colgate,4,@,Cornell,2,,,ec,True,False,False,False,20242025,,,,,,,-2,0.0
Sat.,2025-01-11,1:00 ET,RIT,2,@,Penn State,3,,,ah,True,False,False,False,20242025,,,,,,,1,1.0
Sat.,2025-01-11,3:00 ET,Mercyhurst,4,@,Syracuse,2,,,ah,True,False,False,False,20242025,,,,,,,-2,0.0
Sat.,2025-01-11,2:00 CT,Robert Morris,3,@,Lindenwood,0,,,ah,True,False,False,False,20242025,,,,,,,-3,0.0
Sun.,2025-01-12,2:00 CT,Minnesota State,1,@,Wisconsin,3,,,wc,True,False,False,False,20242025,,,,,,,2,1.0
Tue.,2025-01-14,6:00 ET,Cornell,6,@,Syracuse,3,,,nc,True,False,False,False,20242025,,,,,,,-3,0.0
Tue.,2025-01-14,7:30 ET,Boston College,2,@,Northeastern,4,,,nc,True,False,False,False,20242025,,,,,,,2,1.0
Tue.,2025-01-14,4:30 ET,Boston University,2,vs,Harvard,1,OT,,nc,True,True,False,True,20242025,,,,,,,-1,0.0
Thu.,2025-01-16,1:00 ET,Franklin Pierce,2,@,Post,3,,,new,True,False,False,False,20242025,,,,,,,1,1.0
Fri.,2025-01-17,7:00 CT,Wisconsin,6,@,St. Thomas,1,,,wc,True,False,False,False,20242025,,,,,,,-5,0.0
Fri.,2025-01-17,6:00 CT,Minnesota State,3,@,Minnesota,8,,,wc,True,False,False,False,20242025,,,,,,,5,1.0
Fri.,2025-01-17,3:00 CT,Bemidji State,0,@,St. Cloud State,3,,,wc,True,False,False,False,20242025,,,,,,,3,1.0
Fri.,2025-01-17,6:00 CT,Ohio State,3,@,Minnesota Duluth,1,,,wc,True,False,False,False,20242025,,,,,,,-2,0.0
Fri.,2025-01-17,2:00 ET,Stonehill,3,@,Sacred Heart,3,OT,,new,True,False,False,True,20242025,,,,,,,0,0.5
Fri.,2025-01-17,7:10 ET,Saint Anselm,3,@,St. Michael's,1,,,new,True,False,False,False,20242025,,,,,,,-2,0.0
Fri.,2025-01-17,6:00 ET,Vermont,0,@,Boston College,3,,,he,True,False,False,False,20242025,,,,,,,3,1.0
Fri.,2025-01-17,7:00 ET,Northeastern,1,@,Providence,5,,,he,True,False,False,False,20242025,,,,,,,4,1.0
Fri.,2025-01-17,6:00 ET,Maine,2,@,Connecticut,2,OT,,he,True,False,False,True,20242025,,,,,,,0,0.5
Fri.,2025-01-17,8:00 ET,LIU,3,@,Assumption,1,,,new,True,False,False,False,20242025,,,,,,,-2,0.0
Fri.,2025-01-17,6:00 ET,Union,1,@,Dartmouth,2,,,ec,True,False,False,False,20242025,,,,,,,1,1.0
Fri.,2025-01-17,6:00 ET,Merrimack,1,@,Holy Cross,1,OT,,he,True,False,False,True,20242025,,,,,,,0,0.5
Fri.,2025-01-17,3:00 ET,RIT,2,@,Robert Morris,0,,,ah,True,False,False,False,20242025,4.9,2.9,0.0,0.0,5.0,1.0,-2,0.0
Fri.,2025-01-17,6:00 ET,Penn State,1,@,Syracuse,0,OT,,ah,True,False,False,True,20242025,,,,,,,-1,0.0
Fri.,2025-01-17,6:00 ET,Brown,4,@,St. Lawrence,3,OT,,ec,True,False,False,True,20242025,,,,,,,-1,0.0
Fri.,2025-01-17,3:00 ET,Lindenwood,1,@,Mercyhurst,3,,,ah,True,False,False,False,20242025,,,,,,,2,1.0
Fri.,2025-01-17,5:00 ET,Yale,2,@,Clarkson,1,,,ec,True,False,False,False,20242025,,,,,,,-1,0.0
Fri.,2025-01-17,6:00 ET,Princeton,1,@,Cornell,6,,,ec,True,False,False,False,20242025,,,,,,,5,1.0
Fri.,2025-01-17,6:00 ET,RPI,3,@,Harvard,1,,,ec,True,False,False,False,20242025,,,,,,,-2,0.0
Fri.,2025-01-17,6:00 ET,Quinnipiac,2,@,Colgate,4,,,ec,True,False,False,False,20242025,,,,,,,2,1.0
Sat.,2025-01-18,3:00 CT,Wisconsin,11,@,St. Thomas,1,,,wc,True,False,False,False,20242025,,,,,,,-10,0.0
Sat.,2025-01-18,3:00 ET,Maine,0,@,Connecticut,3,,,he,True,False,False,False,20242025,,,,,,,3,1.0
Sat.,2025-01-18,3:00 CT,Ohio State,2,@,Minnesota Duluth,1,,,wc,True,False,False,False,20242025,,,,,,,-1,0.0
Sat.,2025-01-18,2:00 CT,Minnesota,5,@,Minnesota State,2,,,wc,True,False,False,False,20242025,,,,,,,-3,0.0
Sat.,2025-01-18,2:00 ET,Stonehill,3,@,Sacred Heart,0,,,new,True,False,False,False,20242025,,,,,,,-3,0.0
Sat.,2025-01-18,1:00 ET,LIU,2,@,Assumption,1,,,new,True,False,False,False,20242025,,,,,,,-1,0.0
Sat.,2025-01-18,3:00 ET,Saint Anselm,1,@,St. Michael's,2,,,new,True,False,False,False,20242025,,,,,,,1,1.0
Sat.,2025-01-18,3:00 ET,Holy Cross,2,@,Merrimack,2,OT,,he,True,False,False,True,20242025,,,,,,,0,0.5
Sat.,2025-01-18,3:00 ET,Providence,3,@,Northeastern,2,,,he,True,False,False,False,20242025,,,,,,,-1,0.0
Sat.,2025-01-18,3:00 ET,Princeton,0,@,Colgate,4,,,ec,True,False,False,False,20242025,,,,,,,4,1.0
Sat.,2025-01-18,3:00 ET,Quinnipiac,1,@,Cornell,4,,,ec,True,False,False,False,20242025,,,,,,,3,1.0
Sat.,2025-01-18,3:00 ET,Brown,3,@,Clarkson,2,OT,,ec,True,False,False,True,20242025,,,,,,,-1,0.0
Sat.,2025-01-18,3:00 ET,Union,3,@,Harvard,2,OT,,ec,True,False,False,True,20242025,,,,,,,-1,0.0
Sat.,2025-01-18,3:00 ET,RPI,0,@,Dartmouth,0,OT,,ec,True,False,False,True,20242025,,,,,,,0,0.5
Sat.,2025-01-18,3:00 ET,Yale,0,@,St. Lawrence,1,,,ec,True,False,False,False,20242025,,,,,,,1,1.0
Sat.,2025-01-18,1:00 ET,Lindenwood,2,@,Mercyhurst,5,,,ah,True,False,False,False,20242025,,,,,,,3,1.0
Sat.,2025-01-18,3:00 ET,Penn State,4,@,Syracuse,0,,,ah,True,False,False,False,20242025,,,,,,,-4,0.0
Sat.,2025-01-18,3:00 ET,RIT,4,@,Robert Morris,5,OT,,ah,True,False,False,True,20242025,3.1,2.9,0.0,0.0,2.0,2.0,1,1.0
Sat.,2025-01-18,1:00 CT,Bemidji State,2,@,St. Cloud State,3,,,wc,True,False,False,False,20242025,,,,,,,1,1.0
Sat.,2025-01-18,6:00 ET,Boston University,0,@,New Hampshire,2,,,he,True,False,False,False,20242025,,,,,,,2,1.0
Tue.,2025-01-21,7:30 ET,Boston University,0,vs,Northeastern,4,,,nc,True,True,False,False,20242025,,,,,,,4,1.0
Tue.,2025-01-21,4:00 ET,Ohio State,5,@,Mercyhurst,1,,,nc,True,False,False,False,20242025,,,,,,,-4,0.0
Tue.,2025-01-21,4:30 ET,Boston College,4,vs,Harvard,1,,,nc,True,True,False,False,20242025,,,,,,,-3,0.0
Thu.,2025-01-23,7:00 CT,Minnesota Duluth,2,@,St. Thomas,3,,,wc,True,False,False,False,20242025,,,,,,,1,1.0
Fri.,2025-01-24,6:00 ET,Colgate,3,@,Harvard,2,OT,,ec,True,False,False,True,20242025,,,,,,,-1,0.0
Fri.,2025-01-24,6:00 CT,Bemidji State,1,@,Minnesota,4,,,wc,True,False,False,False,20242025,,,,,,,3,1.0
Fri.,2025-01-24,6:00 ET,Minnesota State,2,@,Ohio State,5,,,wc,True,False,False,False,20242025,,,,,,,3,1.0
Fri.,2025-01-24,1:00 CT,Minnesota Duluth,3,@,St. Thomas,4,OT,,wc,True,False,False,True,20242025,,,,,,,1,1.0
Fri.,2025-01-24,5:00 ET,St. Michael's,2,@,Stonehill,4,,,new,True,False,False,False,20242025,,,,,,,2,1.0
Fri.,2025-01-24,7:00 ET,Saint Anselm,1,@,Franklin Pierce,1,OT,,new,True,False,False,True,20242025,,,,,,,0,0.5
Fri.,2025-01-24,1:00 ET,Assumption,1,@,Post,2,OT,,new,True,False,False,True,20242025,,,,,,,1,1.0
Fri.,2025-01-24,6:00 ET,Boston University,2,@,Holy Cross,0,,,he,True,False,False,False,20242025,,,,,,,-2,0.0
Fri.,2025-01-24,6:00 ET,New Hampshire,1,@,Maine,2,,,he,True,False,False,False,20242025,,,,,,,1,1.0
Fri.,2025-01-24,6:00 ET,Connecticut,3,@,Vermont,2,OT,,he,True,False,False,True,20242025,,,,,,,-1,0.0
Fri.,2025-01-24,6:00 ET,Boston College,1,@,Providence,4,,,he,True,False,False,False,20242025,,,,,,,3,1.0
Fri.,2025-01-24,6:00 ET,RPI,1,@,Union,2,,,ec,True,False,False,False,20242025,,,,,,,1,1.0
Fri.,2025-01-24,6:00 ET,Cornell,2,@,Dartmouth,2,OT,,ec,True,False,False,True,20242025,,,,,,,0,0.5
Fri.,2025-01-24,6:00 ET,Brown,2,@,Princeton,2,OT,,ec,True,False,False,True,20242025,,,,,,,0,0.5
Fri.,2025-01-24,6:00 ET,Yale,1,@,Quinnipiac,2,,,ec,True,False,False,False,20242025,,,,,,,1,1.0
Fri.,2025-01-24,6:00 ET,St. Lawrence,6,@,Clarkson,5,,,ec,True,False,False,False,20242025,,,,,,,-1,0.0
Fri.,2025-01-24,6:00 CT,Penn State,3,@,Lindenwood,1,,,ah,True,False,False,False,20242025,,,,,,,-2,0.0
Fri.,2025-01-24,6:00 ET,Robert Morris,0,@,Mercyhurst,7,,,ah,True,False,False,False,20242025,,,,,,,7,1.0
Fri.,2025-01-24,3:00 ET,Syracuse,1,@,RIT,2,,,ah,True,False,False,False,20242025,,,,,,,1,1.0
Fri.,2025-01-24,7:00 ET,Merrimack,0,@,Northeastern,4,,,he,True,False,False,False,20242025,,,,,,,4,1.0
Sat.,2025-01-25,3:00 ET,Union,3,vs,RPI,2,,,nc,True,True,False,False,20242025,,,,,,,-1,0.0
Sat.,2025-01-25,1:00 ET,St. Michael's,0,@,Stonehill,3,,,new,True,False,False,False,20242025,,,,,,,3,1.0
Sat.,2025-01-25,7:30 ET,Sacred Heart,1,@,LIU,0,,,new,True,False,False,False,20242025,,,,,,,-1,0.0
Sat.,2025-01-25,6:30 ET,Post,2,@,Assumption,0,,,new,True,False,False,False,20242025,,,,,,,-2,0.0
Sat.,2025-01-25,2:00 CT,St. Cloud State,2,@,Wisconsin,5,,,wc,True,False,False,False,20242025,,,,,,,3,1.0
Sat.,2025-01-25,3:00 ET,Minnesota State,1,@,Ohio State,4,,,wc,True,False,False,False,20242025,,,,,,,3,1.0
Sat.,2025-01-25,11:30 CT,Minnesota,3,vs,Bemidji State,1,,,wc,True,True,False,False,20242025,,,,,,,-2,0.0
Sat.,2025-01-25,7:30 ET,Northeastern,4,@,Merrimack,1,,,he,True,False,False,False,20242025,,,,,,,-3,0.0
Sat.,2025-01-25,3:00 ET,Franklin Pierce,4,@,Saint Anselm,6,,,new,True,False,False,False,20242025,,,,,,,2,1.0
Sat.,2025-01-25,2:00 ET,Providence,1,@,Boston College,2,OT,,he,True,False,False,True,20242025,,,,,,,1,1.0
Sat.,2025-01-25,3:00 ET,Clarkson,1,@,St. Lawrence,0,,,ec,True,False,False,False,20242025,,,,,,,-1,0.0
Sat.,2025-01-25,4:00 ET,Holy Cross,0,@,Boston University,3,,,he,True,False,False,False,20242025,,,,,,,3,1.0
Sat.,2025-01-25,4:00 ET,New Hampshire,3,@,Maine,4,,,he,True,False,False,False,20242025,,,,,,,1,1.0
Sat.,2025-01-25,3:00 ET,Colgate,4,@,Dartmouth,1,,,ec,True,False,False,False,20242025,,,,,,,-3,0.0
Sat.,2025-01-25,3:00 ET,Brown,0,@,Quinnipiac,0,OT,,ec,True,False,False,True,20242025,,,,,,,0,0.5
Sat.,2025-01-25,3:00 ET,Cornell,6,@,Harvard,1,,,ec,True,False,False,False,20242025,,,,,,,-5,0.0
Sat.,2025-01-25,3:00 ET,Yale,0,@,Princeton,3,,,ec,True,False,False,False,20242025,,,,,,,3,1.0
Sat.,2025-01-25,2:00 CT,Penn State,4,@,Lindenwood,0,,,ah,True,False,False,False,20242025,,,,,,,-4,0.0
Sat.,2025-01-25,1:00 ET,Robert Morris,0,@,Mercyhurst,6,,,ah,True,False,False,False,20242025,,,,,,,6,1.0
Sat.,2025-01-25,3:00 ET,RIT,2,@,Syracuse,3,,,ah,True,False,False,False,20242025,,,,,,,1,1.0
Sat.,2025-01-25,6:00 ET,Connecticut,1,@,Vermont,0,,,he,True,False,False,False,20242025,,,,,,,-1,0.0
Sun.,2025-01-26,4:00 CT,St. Cloud State,2,@,Wisconsin,2,OT,,wc,True,False,False,True,20242025,,,,,,,0,0.5
Sun.,2025-01-26,3:00 ET,LIU,3,@,Sacred Heart,0,,,new,True,False,False,False,20242025,,,,,,,-3,0.0
Fri.,2025-01-31,3:00 CT,Minnesota State,2,@,Bemidji State,3,OT,,wc,True,False,False,True,20242025,,,,,,,1,1.0
Fri.,2025-01-31,6:00 CT,Ohio State,1,@,Minnesota,3,,,wc,True,False,False,False,20242025,,,,,,,2,1.0
Fri.,2025-01-31,6:00 CT,Wisconsin,2,@,Minnesota Duluth,1,OT,,wc,True,False,False,True,20242025,,,,,,,-1,0.0
Fri.,2025-01-31,7:10 ET,LIU,2,@,St. Michael's,1,OT,,new,True,False,False,True,20242025,,,,,,,-1,0.0
Fri.,2025-01-31,8:00 ET,Saint Anselm,3,@,Post,1,,,new,True,False,False,False,20242025,,,,,,,-2,0.0
Fri.,2025-01-31,3:00 CT,St. Thomas,2,@,St. Cloud State,5,,,wc,True,False,False,False,20242025,,,,,,,3,1.0
Fri.,2025-01-31,7:00 ET,Assumption,1,@,Sacred Heart,2,,,new,True,False,False,False,20242025,,,,,,,1,1.0
Fri.,2025-01-31,6:00 ET,Merrimack,1,@,Connecticut,3,,,he,True,False,False,False,20242025,,,,,,,2,1.0
Fri.,2025-01-31,2:00 ET,Maine,2,@,Providence,3,OT,,he,True,False,False,True,20242025,,,,,,,1,1.0
Fri.,2025-01-31,6:00 ET,Vermont,1,@,Northeastern,0,,,he,True,False,False,False,20242025,,,,,,,-1,0.0
Fri.,2025-01-31,5:00 ET,Franklin Pierce,3,@,Stonehill,2,,,new,True,False,False,False,20242025,,,,,,,-1,0.0
Fri.,2025-01-31,6:00 ET,Boston College,2,@,Boston University,3,,,he,True,False,False,False,20242025,,,,,,,1,1.0
Fri.,2025-01-31,4:00 ET,Lindenwood,2,@,Syracuse,5,,,ah,True,False,False,False,20242025,,,,,,,3,1.0
Fri.,2025-01-31,3:00 ET,Penn State,5,@,Robert Morris,0,,,ah,True,False,False,False,20242025,,,,,,,-5,0.0
Fri.,2025-01-31,6:00 ET,Mercyhurst,3,@,RIT,2,,,ah,True,False,False,False,20242025,,,,,,,-1,0.0
Fri.,2025-01-31,6:00 ET,Dartmouth,2,@,Princeton,3,OT,,ec,True,False,False,True,20242025,,,,,,,1,1.0
Fri.,2025-01-31,5:00 ET,New Hampshire,1,@,Holy Cross,0,,,he,True,False,False,False,20242025,,,,,,,-1,0.0
Fri.,2025-01-31,6:00 ET,RPI,0,@,Yale,3,,,ec,True,False,False,False,20242025,,,,,,,3,1.0
Fri.,2025-01-31,6:00 ET,Clarkson,1,@,Colgate,2,OT,,ec,True,False,False,True,20242025,,,,,,,1,1.0
Fri.,2025-01-31,6:00 ET,Harvard,1,@,Quinnipiac,2,,,ec,True,False,False,False,20242025,,,,,,,1,1.0
Fri.,2025-01-31,6:00 ET,St. Lawrence,0,@,Cornell,6,,,ec,True,False,False,False,20242025,,,,,,,6,1.0
Fri.,2025-01-31,6:00 ET,Union,2,@,Brown,1,,,ec,True,False,False,False,20242025,,,,,,,-1,0.0
Sat.,2025-02-01,1:00 ET,Maine,0,@,Holy Cross,1,OT,,he,True,False,False,True,20242025,,,,,,,1,1.0
Sat.,2025-02-01,2:00 CT,Minnesota State,5,@,Bemidji State,1,,,wc,True,False,False,False,20242025,,,,,,,-4,0.0
Sat.,2025-02-01,2:00 CT,Ohio State,7,@,Minnesota,3,,,wc,True,False,False,False,20242025,,,,,,,-4,0.0
Sat.,2025-02-01,2:00 CT,St. Cloud State,1,@,St. Thomas,2,OT,,wc,True,False,False,True,20242025,,,,,,,1,1.0
Sat.,2025-02-01,7:00 ET,Sacred Heart,2,@,Assumption,0,,,new,True,False,False,False,20242025,,,,,,,-2,0.0
Sat.,2025-02-01,2:30 ET,Saint Anselm,0,@,Post,3,,,new,True,False,False,False,20242025,,,,,,,3,1.0
Sat.,2025-02-01,3:00 ET,LIU,2,@,St. Michael's,1,OT,,new,True,False,False,True,20242025,,,,,,,-1,0.0
Sat.,2025-02-01,6:00 ET,Stonehill,2,@,Franklin Pierce,3,OT,,new,True,False,False,True,20242025,,,,,,,1,1.0
Sat.,2025-02-01,6:00 ET,Northeastern,4,@,Connecticut,3,OT,,he,True,False,False,True,20242025,,,,,,,-1,0.0
Sat.,2025-02-01,3:00 ET,Vermont,1,@,Boston University,4,,,he,True,False,False,False,20242025,,,,,,,3,1.0
Sat.,2025-02-01,3:00 CT,Wisconsin,2,@,Minnesota Duluth,1,,,wc,True,False,False,False,20242025,,,,,,,-1,0.0
Sat.,2025-02-01,4:00 ET,Boston College,3,@,Merrimack,5,,,he,True,False,False,False,20242025,,,,,,,2,1.0
Sat.,2025-02-01,3:00 ET,Union,2,@,Yale,3,,,ec,True,False,False,False,20242025,,,,,,,1,1.0
Sat.,2025-02-01,3:00 ET,Harvard,0,@,Princeton,2,,,ec,True,False,False,False,20242025,,,,,,,2,1.0
Sat.,2025-02-01,3:00 ET,St. Lawrence,2,@,Colgate,3,OT,,ec,True,False,False,True,20242025,,,,,,,1,1.0
Sat.,2025-02-01,3:00 ET,RPI,3,@,Brown,4,,,ec,True,False,False,False,20242025,,,,,,,1,1.0
Sat.,2025-02-01,3:00 ET,Clarkson,1,@,Cornell,2,,,ec,True,False,False,False,20242025,,,,,,,1,1.0
Sat.,2025-02-01,3:00 ET,Dartmouth,0,@,Quinnipiac,3,,,ec,True,False,False,False,20242025,,,,,,,3,1.0
Sat.,2025-02-01,1:00 ET,Lindenwood,0,@,Syracuse,5,,,ah,True,False,False,False,20242025,,,,,,,5,1.0
Sat.,2025-02-01,3:00 ET,Mercyhurst,1,@,RIT,1,OT,,ah,True,False,False,True,20242025,,,,,,,0,0.5
Sat.,2025-02-01,3:00 ET,Penn State,5,@,Robert Morris,2,,,ah,True,False,False,False,20242025,,,,,,,-3,0.0
Sat.,2025-02-01,3:00 ET,New Hampshire,3,@,Providence,4,OT,,he,True,False,False,True,20242025,,,,,,,1,1.0
Tue.,2025-02-04,6:00 ET,Boston University,3,@,Northeastern,2,OT,,he,True,False,False,True,20242025,,,,,,,-1,0.0
Thu.,2025-02-06,6:00 ET,Merrimack,3,@,New Hampshire,4,OT,,he,True,False,False,True,20242025,,,,,,,1,1.0
Thu.,2025-02-06,6:00 ET,Vermont,1,@,Boston College,7,,,he,True,False,False,False,20242025,,,,,,,6,1.0
Fri.,2025-02-07,6:00 ET,St. Thomas,4,@,Ohio State,5,OT,,wc,True,False,False,True,20242025,,,,,,,1,1.0
Fri.,2025-02-07,6:00 CT,Minnesota Duluth,2,@,Bemidji State,0,,,wc,True,False,False,False,20242025,,,,,,,-2,0.0
Fri.,2025-02-07,7:00 ET,St. Michael's,3,@,Sacred Heart,1,,,new,True,False,False,False,20242025,,,,,,,-2,0.0
Fri.,2025-02-07,5:00 ET,Post,2,@,Stonehill,5,,,new,True,False,False,False,20242025,,,,,,,3,1.0
Fri.,2025-02-07,3:00 ET,Franklin Pierce,2,@,LIU,3,,,new,True,False,False,False,20242025,,,,,,,1,1.0
Fri.,2025-02-07,8:20 ET,Saint Anselm,0,@,Assumption,2,,,new,True,False,False,False,20242025,,,,,,,2,1.0
Fri.,2025-02-07,6:00 ET,Connecticut,3,@,Boston University,1,,,he,True,False,False,False,20242025,,,,,,,-2,0.0
Fri.,2025-02-07,3:00 CT,St. Cloud State,3,@,Minnesota State,1,,,wc,True,False,False,False,20242025,,,,,,,-2,0.0
Fri.,2025-02-07,6:00 ET,Northeastern,0,@,Maine,2,,,he,True,False,False,False,20242025,,,,,,,2,1.0
Fri.,2025-02-07,6:00 ET,Dartmouth,2,@,Yale,5,,,ec,True,False,False,False,20242025,,,,,,,3,1.0
Fri.,2025-02-07,6:00 ET,Colgate,2,@,Union,1,,,ec,True,False,False,False,20242025,,,,,,,-1,0.0
Fri.,2025-02-07,6:00 ET,Cornell,4,@,RPI,0,,,ec,True,False,False,False,20242025,,,,,,,-4,0.0
Fri.,2025-02-07,6:00 ET,Princeton,2,@,Clarkson,2,OT,,ec,True,False,False,True,20242025,,,,,,,0,0.5
Fri.,2025-02-07,6:00 ET,Quinnipiac,1,@,St. Lawrence,2,,,ec,True,False,False,False,20242025,,,,,,,1,1.0
Fri.,2025-02-07,6:00 ET,Harvard,1,@,Brown,3,,,ec,True,False,False,False,20242025,,,,,,,2,1.0
Fri.,2025-02-07,6:00 ET,Mercyhurst,3,@,Penn State,4,OT,,ah,True,False,False,True,20242025,,,,,,,1,1.0
Fri.,2025-02-07,7:00 ET,Syracuse,4,@,Robert Morris,1,,,ah,True,False,False,False,20242025,,,,,,,-3,0.0
Fri.,2025-02-07,12:00 CT,RIT,4,@,Lindenwood,1,,,ah,True,False,False,False,20242025,,,,,,,-3,0.0
Fri.,2025-02-07,6:00 ET,Providence,3,@,Holy Cross,2,,,he,True,False,False,False,20242025,,,,,,,-1,0.0
Sat.,2025-02-08,7:30 ET,Holy Cross,0,@,Connecticut,1,,,he,True,False,False,False,20242025,,,,,,,1,1.0
Sat.,2025-02-08,2:00 ET,Franklin Pierce,1,@,LIU,2,,,new,True,False,False,False,20242025,,,,,,,1,1.0
Sat.,2025-02-08,2:00 ET,St. Michael's,1,@,Sacred Heart,5,,,new,True,False,False,False,20242025,,,,,,,4,1.0
Sat.,2025-02-08,1:00 ET,Assumption,3,@,Saint Anselm,4,,,new,True,False,False,False,20242025,,,,,,,1,1.0
Sat.,2025-02-08,2:00 CT,Minnesota,2,@,Wisconsin,8,,,wc,True,False,False,False,20242025,,,,,,,6,1.0
Sat.,2025-02-08,1:00 ET,St. Thomas,1,@,Ohio State,5,,,wc,True,False,False,False,20242025,,,,,,,4,1.0
Sat.,2025-02-08,2:00 CT,St. Cloud State,2,@,Minnesota State,2,OT,,wc,True,False,False,True,20242025,,,,,,,0,0.5
Sat.,2025-02-08,3:00 CT,Minnesota Duluth,6,@,Bemidji State,0,,,wc,True,False,False,False,20242025,,,,,,,-6,0.0
Sat.,2025-02-08,2:30 ET,Stonehill,1,@,Post,0,,,new,True,False,False,False,20242025,,,,,,,-1,0.0
Sat.,2025-02-08,6:00 ET,New Hampshire,3,@,Merrimack,2,,,he,True,False,False,False,20242025,,,,,,,-1,0.0
Sat.,2025-02-08,6:00 ET,Boston College,2,@,Vermont,3,,,he,True,False,False,False,20242025,,,,,,,1,1.0
Sat.,2025-02-08,3:00 ET,Dartmouth,0,@,Brown,3,,,ec,True,False,False,False,20242025,,,,,,,3,1.0
Sat.,2025-02-08,3:00 ET,Cornell,2,@,Union,1,,,ec,True,False,False,False,20242025,,,,,,,-1,0.0
Sat.,2025-02-08,3:00 ET,Quinnipiac,1,@,Clarkson,3,,,ec,True,False,False,False,20242025,,,,,,,2,1.0
Sat.,2025-02-08,3:00 ET,Princeton,2,@,St. Lawrence,3,,,ec,True,False,False,False,20242025,,,,,,,1,1.0
Sat.,2025-02-08,3:00 ET,Harvard,0,@,Yale,3,,,ec,True,False,False,False,20242025,,,,,,,3,1.0
Sat.,2025-02-08,3:00 ET,Colgate,2,@,RPI,3,OT,,ec,True,False,False,True,20242025,,,,,,,1,1.0
Sat.,2025-02-08,1:00 CT,RIT,4,@,Lindenwood,3,OT,,ah,True,False,False,True,20242025,,,,,,,-1,0.0
Sat.,2025-02-08,2:00 ET,Mercyhurst,3,@,Penn State,2,,,ah,True,False,False,False,20242025,,,,,,,-1,0.0
Sat.,2025-02-08,3:00 ET,Syracuse,5,@,Robert Morris,1,,,ah,True,False,False,False,20242025,,,,,,,-4,0.0
Sat.,2025-02-08,4:00 ET,Providence,1,@,Boston University,4,,,he,True,False,False,False,20242025,,,,,,,3,1.0
Sun.,2025-02-09,12:00 CT,Minnesota,1,@,Wisconsin,6,,,wc,True,False,False,False,20242025,,,,,,,5,1.0
Thu.,2025-02-13,2:00 ET,Post,3,@,LIU,5,,,new,True,False,False,False,20242025,,,,,,,2,1.0
Fri.,2025-02-14,3:00 CT,Minnesota State,2,@,Minnesota Duluth,8,,,wc,True,False,False,False,20242025,,,,,,,6,1.0
Fri.,2025-02-14,6:00 CT,St. Cloud State,4,@,Minnesota,3,,,wc,True,False,False,False,20242025,,,,,,,-1,0.0
Fri.,2025-02-14,8:00 ET,St. Michael's,1,@,Assumption,3,,,new,True,False,False,False,20242025,,,,,,,2,1.0
Fri.,2025-02-14,2:00 ET,Sacred Heart,2,@,Franklin Pierce,4,,,new,True,False,False,False,20242025,,,,,,,2,1.0
Fri.,2025-02-14,1:00 ET,LIU,2,@,Post,3,,,new,True,False,False,False,20242025,,,,,,,1,1.0
Fri.,2025-02-14,6:00 ET,Stonehill,2,@,Saint Anselm,2,OT,,new,True,False,False,True,20242025,,,,,,,0,0.5
Fri.,2025-02-14,6:00 ET,Boston University,2,@,New Hampshire,1,,,he,True,False,False,False,20242025,,,,,,,-1,0.0
Fri.,2025-02-14,6:00 ET,Providence,3,@,Connecticut,1,,,he,True,False,False,False,20242025,,,,,,,-2,0.0
Fri.,2025-02-14,2:00 ET,Maine,1,@,Merrimack,1,OT,,he,True,False,False,True,20242025,,,,,,,0,0.5
Fri.,2025-02-14,7:00 CT,Bemidji State,5,@,St. Thomas,0,,,wc,True,False,False,False,20242025,,,,,,,-5,0.0
Fri.,2025-02-14,6:00 ET,Yale,0,@,Colgate,3,,,ec,True,False,False,False,20242025,,,,,,,3,1.0
Fri.,2025-02-14,6:00 ET,Syracuse,3,@,Mercyhurst,5,,,ah,True,False,False,False,20242025,,,,,,,2,1.0
Fri.,2025-02-14,7:00 ET,Lindenwood,5,@,Robert Morris,1,,,ah,True,False,False,False,20242025,,,,,,,-4,0.0
Fri.,2025-02-14,6:00 ET,Clarkson,4,@,Harvard,0,,,ec,True,False,False,False,20242025,,,,,,,-4,0.0
Fri.,2025-02-14,3:00 ET,Penn State,4,@,RIT,1,,,ah,True,False,False,False,20242025,,,,,,,-3,0.0
Fri.,2025-02-14,6:00 ET,RPI,1,@,Quinnipiac,7,,,ec,True,False,False,False,20242025,,,,,,,6,1.0
Fri.,2025-02-14,6:00 ET,Brown,2,@,Cornell,6,,,ec,True,False,False,False,20242025,,,,,,,4,1.0
Fri.,2025-02-14,6:00 ET,Union,1,@,Princeton,2,OT,,ec,True,False,False,True,20242025,,,,,,,1,1.0
Fri.,2025-02-14,6:00 ET,St. Lawrence,0,@,Dartmouth,2,,,ec,True,False,False,False,20242025,,,,,,,2,1.0
Fri.,2025-02-14,2:00 ET,Northeastern,5,@,Boston College,4,OT,,he,True,False,False,True,20242025,,,,,,,-1,0.0
Sat.,2025-02-15,2:00 CT,Minnesota State,1,@,Minnesota Duluth,4,,,wc,True,False,False,False,20242025,,,,,,,3,1.0
Sat.,2025-02-15,6:00 ET,New Hampshire,2,@,Boston University,2,OT,,he,True,False,False,True,20242025,,,,,,,0,0.5
Sat.,2025-02-15,3:00 CT,Minnesota,2,@,St. Cloud State,1,,,wc,True,False,False,False,20242025,,,,,,,-1,0.0
Sat.,2025-02-15,3:00 CT,Bemidji State,3,@,St. Thomas,4,,,wc,True,False,False,False,20242025,,,,,,,1,1.0
Sat.,2025-02-15,12:00 ET,Sacred Heart,0,@,Franklin Pierce,2,,,new,True,False,False,False,20242025,,,,,,,2,1.0
Sat.,2025-02-15,2:20 ET,St. Michael's,1,@,Assumption,4,,,new,True,False,False,False,20242025,,,,,,,3,1.0
Sat.,2025-02-15,1:00 ET,Saint Anselm,4,@,Stonehill,4,OT,,new,True,False,False,True,20242025,,,,,,,0,0.5
Sat.,2025-02-15,2:00 ET,Maine,3,@,Merrimack,0,,,he,True,False,False,False,20242025,,,,,,,-3,0.0
Sat.,2025-02-15,3:00 ET,Connecticut,2,@,Providence,4,,,he,True,False,False,False,20242025,,,,,,,2,1.0
Sat.,2025-02-15,3:00 ET,Yale,1,@,Cornell,1,OT,,ec,True,False,False,True,20242025,,,,,,,0,0.5
Sat.,2025-02-15,3:00 ET,Brown,1,@,Colgate,3,,,ec,True,False,False,False,20242025,,,,,,,2,1.0
Sat.,2025-02-15,3:00 ET,Union,1,@,Quinnipiac,3,,,ec,True,False,False,False,20242025,,,,,,,2,1.0
Sat.,2025-02-15,3:00 ET,RPI,4,@,Princeton,3,,,ec,True,False,False,False,20242025,,,,,,,-1,0.0
Sat.,2025-02-15,3:00 ET,Clarkson,4,@,Dartmouth,1,,,ec,True,False,False,False,20242025,,,,,,,-3,0.0
Sat.,2025-02-15,3:00 ET,St. Lawrence,6,@,Harvard,2,,,ec,True,False,False,False,20242025,,,,,,,-4,0.0
Sat.,2025-02-15,1:00 ET,Lindenwood,6,@,Robert Morris,2,,,ah,True,False,False,False,20242025,,,,,,,-4,0.0
Sat.,2025-02-15,2:00 ET,Penn State,2,@,RIT,1,OT,,ah,True,False,False,True,20242025,,,,,,,-1,0.0
Sat.,2025-02-15,1:00 ET,Syracuse,4,@,Mercyhurst,2,,,ah,True,False,False,False,20242025,,,,,,,-2,0.0
Sat.,2025-02-15,8:00 ET,Vermont,0,@,Holy Cross,1,,,he,True,False,False,False,20242025,,,,,,,1,1.0
Sun.,2025-02-16,4:00 ET,Vermont,1,@,Holy Cross,3,,,he,True,False,False,False,20242025,,,,,,,2,1.0
Sun.,2025-02-16,7:00 ET,Boston College,3,@,Northeastern,2,,,he,True,False,False,False,20242025,,,,,,,-1,0.0
Fri.,2025-02-21,6:00 CT,Minnesota Duluth,2,@,Minnesota,3,,,wc,True,False,False,False,20242025,,,,,,,1,1.0
Fri.,2025-02-21,6:00 CT,St. Thomas,3,@,Minnesota State,8,,,wc,True,False,False,False,20242025,,,,,,,5,1.0
Fri.,2025-02-21,7:10 ET,Franklin Pierce,4,@,St. Michael's,0,,,new,True,False,False,False,20242025,,,,,,,-4,0.0
Fri.,2025-02-21,3:00 CT,Wisconsin,6,@,Bemidji State,1,,,wc,True,False,False,False,20242025,,,,,,,-5,0.0
Fri.,2025-02-21,6:00 ET,St. Cloud State,3,@,Ohio State,5,,,wc,True,False,False,False,20242025,,,,,,,2,1.0
Fri.,2025-02-21,7:00 ET,Post,1,@,Sacred Heart,2,,,new,True,False,False,False,20242025,,,,,,,1,1.0
Fri.,2025-02-21,3:40 ET,Stonehill,1,@,Assumption,2,,,new,True,False,False,False,20242025,,,,,,,1,1.0
Fri.,2025-02-21,2:00 ET,Northeastern,2,@,Vermont,3,,,he,True,False,False,False,20242025,,,,,,,1,1.0
Fri.,2025-02-21,6:00 ET,Providence,2,@,Merrimack,4,,,he,True,False,False,False,20242025,,,,,,,2,1.0
Fri.,2025-02-21,3:00 ET,Boston University,1,@,Connecticut,4,,,he,True,False,False,False,20242025,,,,,,,3,1.0
Fri.,2025-02-21,6:00 ET,New Hampshire,0,@,Boston College,2,,,he,True,False,False,False,20242025,,,,,,,2,1.0
Fri.,2025-02-21,6:00 ET,Holy Cross,1,@,Maine,4,,,he,True,False,False,False,20242025,,,,,,,3,1.0
Fri.,2025-02-21,3:00 ET,RPI,2,@,Princeton,3,,,nc,True,False,False,False,20242025,,,,,,,1,1.0
Fri.,2025-02-21,6:00 ET,LIU,2,@,Saint Anselm,1,,,new,True,False,False,False,20242025,,,,,,,-1,0.0
Sat.,2025-02-22,2:00 ET,Northeastern,3,@,Vermont,1,,,he,True,False,False,False,20242025,,,,,,,-2,0.0
Sat.,2025-02-22,4:00 CT,Minnesota State,3,@,St. Thomas,0,,,wc,True,False,False,False,20242025,,,,,,,-3,0.0
Sat.,2025-02-22,2:00 CT,Wisconsin,6,@,Bemidji State,1,,,wc,True,False,False,False,20242025,,,,,,,-5,0.0
Sat.,2025-02-22,2:00 CT,Minnesota Duluth,0,@,Minnesota,1,,,wc,True,False,False,False,20242025,,,,,,,1,1.0
Sat.,2025-02-22,3:00 ET,St. Cloud State,2,@,Ohio State,3,,,wc,True,False,False,False,20242025,,,,,,,1,1.0
Sat.,2025-02-22,3:00 ET,Franklin Pierce,4,@,St. Michael's,0,,,new,True,False,False,False,20242025,,,,,,,-4,0.0
Sat.,2025-02-22,1:00 ET,LIU,2,@,Saint Anselm,2,OT,,new,True,False,False,True,20242025,,,,,,,0,0.5
Sat.,2025-02-22,2:00 ET,Assumption,0,@,Stonehill,1,,,new,True,False,False,False,20242025,,,,,,,1,1.0
Sat.,2025-02-22,1:15 ET,Sacred Heart,0,@,Post,1,,,new,True,False,False,False,20242025,,,,,,,1,1.0
Sat.,2025-02-22,7:00 ET,Connecticut,3,@,Boston University,1,,,he,True,False,False,False,20242025,,,,,,,-2,0.0
Sat.,2025-02-22,3:00 ET,Boston College,1,@,New Hampshire,1,OT,,he,True,False,False,True,20242025,,,,,,,0,0.5
Sat.,2025-02-22,2:00 ET,Merrimack,0,@,Providence,4,,,he,True,False,False,False,20242025,,,,,,,4,1.0
Sat.,2025-02-22,4:00 ET,Holy Cross,2,@,Maine,2,OT,,he,True,False,False,True,20242025,,,,,,,0,0.5
Sat.,2025-02-22,3:00 ET,Union,2,@,Brown,0,,,nc,True,False,False,False,20242025,,,,,,,-2,0.0
Sat.,2025-02-22,3:00 ET,Dartmouth,1,@,Yale,4,,,nc,True,False,False,False,20242025,,,,,,,3,1.0
Sat.,2025-02-22,2:30 ET,Harvard,0,@,Quinnipiac,2,,,nc,True,False,False,False,20242025,,,,,,,2,1.0
Sat.,2025-02-22,3:00 ET,Robert Morris,2,@,Syracuse,3,2OT,,nc,True,False,False,True,20242025,,,,,,,1,1.0
Sat.,2025-02-22,3:00 ET,Lindenwood,0,@,RIT,4,,,nc,True,False,False,False,20242025,,,,,,,4,1.0
Wed.,2025-02-26,6:00 ET,Holy Cross,2,@,Vermont,3,OT,,nc,True,False,False,True,20242025,,,,,,,1,1.0
Wed.,2025-02-26,7:00 ET,Merrimack,3,@,New Hampshire,1,,,nc,True,False,False,False,20242025,,,,,,,-2,0.0
Fri.,2025-02-28,6:00 CT,Minnesota State,1,@,Minnesota,6,,,nc,True,False,False,False,20242025,,,,,,,5,1.0
Fri.,2025-02-28,2:00 CT,St. Cloud State,2,@,Minnesota Duluth,3,,,nc,True,False,False,False,20242025,,,,,,,1,1.0
Fri.,2025-02-28,3:00 ET,Quinnipiac,3,@,Clarkson,1,,,nc,True,False,False,False,20242025,2.2,3.1,0.0,0.0,3.0,1.0,-2,0.0
Fri.,2025-02-28,7:00 CT,Bemidji State,0,@,Wisconsin,3,,,nc,True,False,False,False,20242025,,,,,,,3,1.0
Fri.,2025-02-28,2:30 ET,Saint Anselm,1,@,Stonehill,2,2OT,,nc,True,False,False,True,20242025,,,,,,,1,1.0
Fri.,2025-02-28,6:00 ET,St. Thomas,1,@,Ohio State,5,,,nc,True,False,False,False,20242025,,,,,,,4,1.0
Fri.,2025-02-28,2:30 ET,St. Michael's,0,@,LIU,4,,,nc,True,False,False,False,20242025,,,,,,,4,1.0
Fri.,2025-02-28,2:00 ET,Yale,2,@,St. Lawrence,3,OT,,nc,True,False,False,True,20242025,,,,,,,1,1.0
Fri.,2025-02-28,7:00 ET,Assumption,0,@,Sacred Heart,1,,,nc,True,False,False,False,20242025,,,,,,,1,1.0
Fri.,2025-02-28,6:00 ET,Union,0,@,Cornell,3,,,nc,True,False,False,False,20242025,,,,,,,3,1.0
Fri.,2025-02-28,6:00 ET,Princeton,2,@,Colgate,5,,,nc,True,False,False,False,20242025,,,,,,,3,1.0
Fri.,2025-02-28,3:00 ET,Syracuse,1,@,Mercyhurst,0,,,nc,True,False,False,False,20242025,,,,,,,-1,0.0
Fri.,2025-02-28,3:00 ET,RIT,2,@,Penn State,3,,,nc,True,False,False,False,20242025,,,,,,,1,1.0
Fri.,2025-02-28,4:00 ET,Post,1,@,Franklin Pierce,0,,,nc,True,False,False,False,20242025,,,,,,,-1,0.0
Sat.,2025-03-01,2:00 CT,Minnesota State,5,@,Minnesota,4,2OT,,nc,True,False,False,True,20242025,,,,,,,-1,0.0
Sat.,2025-03-01,1:00 CT,St. Cloud State,1,@,Minnesota Duluth,2,,,nc,True,False,False,False,20242025,,,,,,,1,1.0
Sat.,2025-03-01,7:30 ET,Post,1,@,Franklin Pierce,0,,,nc,True,False,False,False,20242025,,,,,,,-1,0.0
Sat.,2025-03-01,2:30 ET,St. Michael's,0,@,LIU,2,,,nc,True,False,False,False,20242025,,,,,,,2,1.0
Sat.,2025-03-01,2:00 ET,Assumption,2,@,Sacred Heart,6,,,nc,True,False,False,False,20242025,,,,,,,4,1.0
Sat.,2025-03-01,6:30 ET,Saint Anselm,4,@,Stonehill,3,,,nc,True,False,False,False,20242025,,,,,,,-1,0.0
Sat.,2025-03-01,4:00 ET,Merrimack,0,@,Connecticut,4,,,nc,True,False,False,False,20242025,,,,,,,4,1.0
Sat.,2025-03-01,4:00 ET,Vermont,3,@,Boston University,4,OT,,nc,True,False,False,True,20242025,,,,,,,1,1.0
Sat.,2025-03-01,3:00 ET,Union,2,@,Cornell,3,,,nc,True,False,False,False,20242025,,,,,,,1,1.0
Sat.,2025-03-01,7:00 ET,Northeastern,3,@,Providence,2,,,nc,True,False,False,False,20242025,,,,,,,-1,0.0
Sat.,2025-03-01,2:00 ET,Quinnipiac,1,@,Clarkson,2,,,nc,True,False,False,False,20242025,,,,,,,1,1.0
Sat.,2025-03-01,2:00 ET,Yale,3,@,St. Lawrence,4,,,nc,True,False,False,False,20242025,,,,,,,1,1.0
Sat.,2025-03-01,6:00 ET,Princeton,1,@,Colgate,2,,,nc,True,False,False,False,20242025,,,,,,,1,1.0
Sat.,2025-03-01,2:00 ET,Syracuse,0,@,Mercyhurst,4,,,nc,True,False,False,False,20242025,,,,,,,4,1.0
Sat.,2025-03-01,2:00 ET,RIT,0,@,Penn State,4,,,nc,True,False,False,False,20242025,,,,,,,4,1.0
Sat.,2025-03-01,3:00 ET,St. Thomas,1,@,Ohio State,4,,,nc,True,False,False,False,20242025,,,,,,,3,1.0
Sat.,2025-03-01,4:30 ET,Maine,3,@,Boston College,4,,,nc,True,False,False,False,20242025,,,,,,,1,1.0
Sat.,2025-03-01,3:00 CT,Bemidji State,0,@,Wisconsin,11,,,nc,True,False,False,False,20242025,,,,,,,11,1.0
Sun.,2025-03-02,3:00 CT,Minnesota State,2,@,Minnesota,6,,,nc,True,False,False,False,20242025,,,,,,,4,1.0
Sun.,2025-03-02,6:30 ET,Saint Anselm,4,@,Stonehill,2,,,nc,True,False,False,False,20242025,,,,,,,-2,0.0
Sun.,2025-03-02,2:00 ET,Syracuse,2,@,Mercyhurst,5,,,nc,True,False,False,False,20242025,,,,,,,3,1.0
Sun.,2025-03-02,2:00 ET,Quinnipiac,1,@,Clarkson,4,,,nc,True,False,False,False,20242025,,,,,,,3,1.0
Wed.,2025-03-05,6:00 ET,Boston College,2,@,Boston University,3,2OT,,nc,True,False,False,True,20242025,,,,,,,1,1.0
Wed.,2025-03-05,6:00 ET,Northeastern,3,@,Connecticut,1,,,nc,True,False,False,False,20242025,,,,,,,-2,0.0
Wed.,2025-03-05,2:00 ET,Post,0,@,LIU,2,,,nc,True,False,False,False,20242025,,,,,,,2,1.0
Wed.,2025-03-05,7:00 ET,Saint Anselm,0,@,Sacred Heart,3,,,nc,True,False,False,False,20242025,,,,,,,3,1.0
Fri.,2025-03-07,3:00 ET,Clarkson,1,@,Cornell,2,3OT,,nc,True,False,False,True,20242025,,,,,,,1,1.0
Fri.,2025-03-07,6:00 ET,St. Lawrence,2,vs,Colgate,4,,,nc,True,True,False,False,20242025,,,,,,,2,1.0
Fri.,2025-03-07,1:00 CT,Minnesota Duluth,1,vs,Wisconsin,3,,,nc,True,True,False,False,20242025,,,,,,,2,1.0
Fri.,2025-03-07,4:30 CT,Minnesota,6,vs,Ohio State,2,,,nc,True,True,False,False,20242025,,,,,,,-4,0.0
Sat.,2025-03-08,7:00 ET,Sacred Heart,4,@,LIU,2,,,nc,True,False,False,False,20242025,,,,,,,-2,0.0
Sat.,2025-03-08,2:00 ET,Mercyhurst,1,@,Penn State,4,,,nc,True,False,False,False,20242025,,,,,,,3,1.0
Sat.,2025-03-08,3:30 ET,Colgate,1,@,Cornell,5,,,nc,True,False,False,False,20242025,,,,,,,4,1.0
Sat.,2025-03-08,12:00 ET,Northeastern,2,vs,Boston University,3,OT,,nc,True,True,False,True,20242025,,,,,,,1,1.0
Sat.,2025-03-08,2:00 CT,Minnesota,3,vs,Wisconsin,4,,,nc,True,True,False,False,20242025,,,,,,,1,1.0
Thu.,2025-03-13,7:00 ET,Sacred Heart,1,vs,Minnesota Duluth,6,,,nc,True,True,False,False,20242025,,,,,,,5,1.0
Thu.,2025-03-13,7:00 ET,St. Lawrence,4,vs,Penn State,1,,,nc,True,True,False,False,20242025,,,,,,,-3,0.0
Thu.,2025-03-13,7:00 CT,Boston University,1,vs,Clarkson,3,,,nc,True,True,False,False,20242025,,,,,,,2,1.0
Sat.,2025-03-15,4:00 ET,Minnesota Duluth,0,@,Cornell,1,,,nc,True,False,False,False,20242025,,,,,,,1,1.0
Sat.,2025-03-15,2:00 CT,Clarkson,1,@,Wisconsin,4,,,nc,True,False,False,False,20242025,,,,,,,3,1.0
Sat.,2025-03-15,2:00 CT,Colgate,2,@,Minnesota,3,,,nc,True,False,False,False,20242025,,,,,,,1,1.0
Sat.,2025-03-15,6:00 ET,St. Lawrence,1,@,Ohio State,6,,,nc,True,False,False,False,20242025,,,,,,,5,1.0
Fri.,2025-03-21,4:00 CT,Cornell,2,vs,Ohio State,4,,,nc,True,True,False,False,20242025,,,,,,,2,1.0
Fri.,2025-03-21,7:30 CT,Minnesota,2,vs,Wisconsin,6,,,nc,True,True,False,False,20242025,,,,,,,4,1.0
Sun.,2025-03-23,3:00 CT,Ohio State,3,vs,Wisconsin,4,OT,,nc,True,True,False,True,20242025,,,,,,,1,1.0
Fri.,2025-09-19,6:00 CT,Lindenwood,0,@,St. Cloud State,5,,,nc,True,False,False,False,20252026,,,,,,,5,1.0
Fri.,2025-09-19,4:00 ET,Minnesota State,3,@,RPI,0,,,nc,True,False,False,False,20252026,,,,,,,-3,0.0
Fri.,2025-09-19,4:00 ET,Minnesota Duluth,4,@,Mercyhurst,3,OT,,nc,True,False,False,True,20252026,,,,,,,-1,0.0
Sat.,2025-09-20,2:00 CT,Lindenwood,0,@,St. Cloud State,5,,,nc,True,False,False,False,20252026,,,,,,,5,1.0
Sat.,2025-09-20,12:45 ET,St. Thomas,7,@,Post,0,,,nc,True,False,False,False,20252026,,,,,,,-7,0.0
Sat.,2025-09-20,11:00 ET,Minnesota Duluth,5,@,Mercyhurst,3,,,nc,True,False,False,False,20252026,,,,,,,-2,0.0
Sat.,2025-09-20,1:00 ET,Minnesota State,5,@,RPI,3,,,nc,True,False,False,False,20252026,,,,,,,-2,0.0
Sun.,2025-09-21,10:00 ET,St. Thomas,6,@,Post,1,,,nc,True,False,False,False,20252026,,,,,,,-5,0.0
Thu.,2025-09-25,4:00 ET,St. Lawrence,0,@,Penn State,3,,,nc,True,False,False,False,20252026,,,,,,,3,1.0
Thu.,2025-09-25,4:00 ET,Minnesota Duluth,4,@,Syracuse,0,,,nc,True,False,False,False,20252026,,,,,,,-4,0.0
Thu.,2025-09-25,4:00 ET,Mercyhurst,3,@,New Hampshire,2,,,nc,True,False,False,False,20252026,,,,,,,-1,0.0
Thu.,2025-09-25,6:00 CT,Boston College,1,@,Minnesota,7,,,nc,True,False,False,False,20252026,,,,,,,6,1.0
Fri.,2025-09-26,6:02 CT,Wisconsin,9,@,Bemidji State,2,,,wc,True,False,False,False,20252026,,,,,,,-7,0.0
Fri.,2025-09-26,6:00 CT,Boston College,0,@,Minnesota,11,,,nc,True,False,False,False,20252026,,,,,,,11,1.0
Fri.,2025-09-26,4:00 ET,St. Cloud State,2,@,Connecticut,1,,,nc,True,False,False,False,20252026,,,,,,,-1,0.0
Fri.,2025-09-26,4:00 ET,RPI,1,@,Holy Cross,2,,,nc,True,False,False,False,20252026,,,,,,,1,1.0
Fri.,2025-09-26,4:00 ET,Clarkson,6,@,Merrimack,3,,,nc,True,False,False,False,20252026,,,,,,,-3,0.0
Fri.,2025-09-26,10:30 ET,Mercyhurst,4,@,New Hampshire,0,,,nc,True,False,False,False,20252026,,,,,,,-4,0.0
Fri.,2025-09-26,4:00 ET,Franklin Pierce,0,@,Union,3,,,nc,True,False,False,False,20252026,,,,,,,3,1.0
Fri.,2025-09-26,4:00 ET,LIU,4,@,Delaware,1,,,nc,True,False,False,False,20252026,,,,,,,-3,0.0
Fri.,2025-09-26,6:00 CT,St. Thomas,4,@,Lindenwood,3,,,nc,True,False,False,False,20252026,,,,,,,-1,0.0
Fri.,2025-09-26,4:00 ET,Minnesota Duluth,4,@,Syracuse,0,,,nc,True,False,False,False,20252026,,,,,,,-4,0.0
Fri.,2025-09-26,5:00 ET,Assumption,2,@,Robert Morris,6,,,nc,True,False,False,False,20252026,,,,,,,4,1.0
Fri.,2025-09-26,4:00 ET,Post,0,@,RIT,2,,,nc,True,False,False,False,20252026,,,,,,,2,1.0
Fri.,2025-09-26,1:00 ET,St. Lawrence,2,@,Penn State,5,,,nc,True,False,False,False,20252026,,,,,,,3,1.0
Fri.,2025-09-26,5:00 ET,St. Michael's,2,@,Saint Anselm,3,,,new,True,False,False,False,20252026,,,,,,,1,1.0
Fri.,2025-09-26,4:00 ET,Maine,2,@,Quinnipiac,3,,,nc,True,False,False,False,20252026,,,,,,,1,1.0
Sat.,2025-09-27,2:00 ET,Clarkson,3,@,Merrimack,5,,,nc,True,False,False,False,20252026,,,,,,,2,1.0
Sat.,2025-09-27,4:00 ET,RPI,0,@,Holy Cross,3,,,nc,True,False,False,False,20252026,,,,,,,3,1.0
Sat.,2025-09-27,3:02 CT,Wisconsin,5,@,Bemidji State,0,,,wc,True,False,False,False,20252026,,,,,,,-5,0.0
Sat.,2025-09-27,1:00 ET,St. Cloud State,1,@,Connecticut,2,,,nc,True,False,False,False,20252026,,,,,,,1,1.0
Sat.,2025-09-27,1:00 ET,Franklin Pierce,0,@,Union,2,,,nc,True,False,False,False,20252026,,,,,,,2,1.0
Sat.,2025-09-27,2:00 CT,St. Thomas,2,@,Lindenwood,1,,,nc,True,False,False,False,20252026,,,,,,,-1,0.0
Sat.,2025-09-27,1:00 ET,Maine,3,@,Quinnipiac,4,OT,,nc,True,False,False,True,20252026,,,,,,,1,1.0
Sat.,2025-09-27,12:00 ET,LIU,5,@,Delaware,2,,,nc,True,False,False,False,20252026,,,,,,,-3,0.0
Sat.,2025-09-27,1:00 ET,Post,1,@,RIT,8,,,nc,True,False,False,False,20252026,,,,,,,7,1.0
Sat.,2025-09-27,1:00 ET,Assumption,2,@,Robert Morris,4,,,nc,True,False,False,False,20252026,,,,,,,2,1.0
Sat.,2025-09-27,1:00 ET,St. Michael's,2,@,Saint Anselm,4,,,new,True,False,False,False,20252026,,,,,,,2,1.0
Fri.,2025-10-03,7:00 CT,Maine,0,@,Wisconsin,5,,,nc,True,False,False,False,20252026,,,,,,,5,1.0
Fri.,2025-10-03,6:02 CT,Lindenwood,0,@,Minnesota State,4,,,nc,True,False,False,False,20252026,,,,,,,4,1.0
Fri.,2025-10-03,6:02 CT,Robert Morris,0,@,Bemidji State,3,,,nc,True,False,False,False,20252026,,,,,,,3,1.0
Fri.,2025-10-03,5:00 ET,New Hampshire,5,@,Assumption,1,,,nc,True,False,False,False,20252026,,,,,,,-4,0.0
Fri.,2025-10-03,3:00 ET,Syracuse,3,@,Stonehill,2,,,nc,True,False,False,False,20252026,,,,,,,-1,0.0
Fri.,2025-10-03,12:00 ET,Quinnipiac,5,@,Providence,2,,,nc,True,False,False,False,20252026,,,,,,,-3,0.0
Fri.,2025-10-03,4:00 ET,Minnesota,5,@,Boston University,0,,,nc,True,False,False,False,20252026,,,,,,,-5,0.0
Fri.,2025-10-03,4:00 ET,Penn State,3,@,Vermont,1,,,nc,True,False,False,False,20252026,,,,,,,-2,0.0
Fri.,2025-10-03,4:00 ET,Ohio State,5,@,Colgate,3,,,nc,True,False,False,False,20252026,,,,,,,-2,0.0
Fri.,2025-10-03,3:00 ET,Sacred Heart,3,@,RPI,1,,,nc,True,False,False,False,20252026,,,,,,,-2,0.0
Fri.,2025-10-03,4:00 ET,Merrimack,2,@,Union,4,,,nc,True,False,False,False,20252026,,,,,,,2,1.0
Fri.,2025-10-03,4:00 ET,Connecticut,0,@,Clarkson,2,,,nc,True,False,False,False,20252026,,,,,,,2,1.0
Fri.,2025-10-03,4:00 ET,St. Lawrence,0,@,Mercyhurst,1,,,nc,True,False,False,False,20252026,,,,,,,1,1.0
Fri.,2025-10-03,4:00 ET,RIT,2,@,Northeastern,3,,,nc,True,False,False,False,20252026,,,,,,,1,1.0
Sat.,2025-10-04,11:00 ET,Syracuse,8,@,Stonehill,2,,,nc,True,False,False,False,20252026,,,,,,,-6,0.0
Sat.,2025-10-04,2:00 CT,Maine,0,@,Wisconsin,5,,,nc,True,False,False,False,20252026,,,,,,,5,1.0
Sat.,2025-10-04,3:02 CT,Lindenwood,2,@,Minnesota State,3,,,nc,True,False,False,False,20252026,,,,,,,1,1.0
Sat.,2025-10-04,3:02 CT,Robert Morris,1,@,Bemidji State,4,,,nc,True,False,False,False,20252026,,,,,,,3,1.0
Sat.,2025-10-04,5:00 ET,New Hampshire,3,@,Assumption,0,,,nc,True,False,False,False,20252026,,,,,,,-3,0.0
Sat.,2025-10-04,1:00 ET,Boston College,4,@,Saint Anselm,1,,,nc,True,False,False,False,20252026,,,,,,,-3,0.0
Sat.,2025-10-04,12:00 ET,RPI,4,@,Sacred Heart,0,,,nc,True,False,False,False,20252026,,,,,,,-4,0.0
Sat.,2025-10-04,2:00 ET,Minnesota,5,@,Boston University,2,,,nc,True,False,False,False,20252026,,,,,,,-3,0.0
Sat.,2025-10-04,12:00 ET,RIT,1,@,Northeastern,3,,,nc,True,False,False,False,20252026,,,,,,,2,1.0
Sat.,2025-10-04,1:00 ET,Ohio State,9,@,Colgate,4,,,nc,True,False,False,False,20252026,,,,,,,-5,0.0
Sat.,2025-10-04,11:00 ET,Merrimack,2,@,Union,2,OT,,nc,True,False,False,True,20252026,,,,,,,0,0.5
Sat.,2025-10-04,12:00 ET,Connecticut,3,@,Clarkson,2,,,nc,True,False,False,False,20252026,,,,,,,-1,0.0
Sat.,2025-10-04,1:00 ET,Providence,0,@,Quinnipiac,5,,,nc,True,False,False,False,20252026,,,,,,,5,1.0
Sat.,2025-10-04,12:00 ET,Holy Cross,5,@,Delaware,2,,,nc,True,False,False,False,20252026,,,,,,,-3,0.0
Sat.,2025-10-04,11:00 ET,St. Lawrence,3,@,Mercyhurst,0,,,nc,True,False,False,False,20252026,,,,,,,-3,0.0
Sat.,2025-10-04,12:00 ET,Penn State,5,@,Vermont,3,,,nc,True,False,False,False,20252026,,,,,,,-2,0.0
Sun.,2025-10-05,12:00 ET,Holy Cross,1,@,Delaware,2,,,nc,True,False,False,False,20252026,,,,,,,1,1.0
Fri.,2025-10-10,4:00 ET,Bemidji State,0,@,Ohio State,6,,,wc,True,False,False,False,20252026,,,,,,,6,1.0
Fri.,2025-10-10,12:00 CT,St. Thomas,2,@,Minnesota State,1,OT,,wc,True,False,False,True,20252026,,,,,,,-1,0.0
Fri.,2025-10-10,12:00 ET,Saint Anselm,0,@,Maine,3,,,nc,True,False,False,False,20252026,,,,,,,3,1.0
Fri.,2025-10-10,4:30 ET,New Hampshire,1,@,Union,1,OT,,nc,True,False,False,True,20252026,,,,,,,0,0.5
Fri.,2025-10-10,4:00 ET,Boston University,1,@,Colgate,3,,,nc,True,False,False,False,20252026,,,,,,,2,1.0
Fri.,2025-10-10,4:00 ET,Vermont,1,@,St. Lawrence,1,OT,,nc,True,False,False,True,20252026,,,,,,,0,0.5
Fri.,2025-10-10,4:00 CT,Merrimack,3,@,Lindenwood,6,,,nc,True,False,False,False,20252026,,,,,,,3,1.0
Fri.,2025-10-10,11:30 ET,Providence,0,@,Northeastern,4,,,he,True,False,False,False,20252026,,,,,,,4,1.0
Fri.,2025-10-10,5:10 ET,LIU,1,@,St. Michael's,0,OT,,new,True,False,False,True,20252026,,,,,,,-1,0.0
Fri.,2025-10-10,3:00 ET,Franklin Pierce,4,@,Sacred Heart,2,,,new,True,False,False,False,20252026,,,,,,,-2,0.0
Fri.,2025-10-10,11:00 ET,Assumption,2,@,Post,0,,,new,True,False,False,False,20252026,,,,,,,-2,0.0
Fri.,2025-10-10,4:00 ET,Holy Cross,2,@,Boston College,4,,,he,True,False,False,False,20252026,,,,,,,2,1.0
Fri.,2025-10-10,5:00 ET,RIT,1,@,Robert Morris,2,OT,,ah,True,False,False,True,20252026,,,,,,,1,1.0
Fri.,2025-10-10,4:00 ET,Penn State,5,@,Delaware,0,,,ah,True,False,False,False,20252026,,,,,,,-5,0.0
Fri.,2025-10-10,3:00 ET,Quinnipiac,3,@,Syracuse,0,,,nc,True,False,False,False,20252026,,,,,,,-3,0.0
Fri.,2025-10-10,5:30 CT,St. Cloud State,1,@,Minnesota,4,,,wc,True,False,False,False,20252026,,,,,,,3,1.0
Sat.,2025-10-11,12:00 ET,RPI,1,@,Northeastern,6,,,nc,True,False,False,False,20252026,,,,,,,5,1.0
Sat.,2025-10-11,4:00 ET,Boston University,3,@,Colgate,4,,,nc,True,False,False,False,20252026,,,,,,,1,1.0
Sat.,2025-10-11,4:00 ET,Bemidji State,1,@,Ohio State,2,,,wc,True,False,False,False,20252026,,,,,,,1,1.0
Sat.,2025-10-11,1:00 ET,New Hampshire,3,@,Union,1,,,nc,True,False,False,False,20252026,,,,,,,-2,0.0
Sat.,2025-10-11,2:00 CT,St. Thomas,0,@,Minnesota State,3,,,wc,True,False,False,False,20252026,,,,,,,3,1.0
Sat.,2025-10-11,1:00 CT,Minnesota,5,@,St. Cloud State,3,,,wc,True,False,False,False,20252026,,,,,,,-2,0.0
Sat.,2025-10-11,11:00 CT,Minnesota Duluth,3,@,Wisconsin,4,,,wc,True,False,False,False,20252026,,,,,,,1,1.0
Sat.,2025-10-11,1:00 ET,Vermont,2,@,St. Lawrence,1,OT,,nc,True,False,False,True,20252026,,,,,,,-1,0.0
Sat.,2025-10-11,1:00 ET,LIU,1,@,St. Michael's,3,,,new,True,False,False,False,20252026,,,,,,,2,1.0
Sat.,2025-10-11,1:00 ET,Quinnipiac,5,@,Syracuse,1,,,nc,True,False,False,False,20252026,,,,,,,-4,0.0
Sat.,2025-10-11,1:00 CT,Merrimack,3,@,Lindenwood,1,,,nc,True,False,False,False,20252026,,,,,,,-2,0.0
Sat.,2025-10-11,12:00 ET,Franklin Pierce,2,@,Sacred Heart,6,,,new,True,False,False,False,20252026,,,,,,,4,1.0
Sat.,2025-10-11,10:00 ET,Post,1,@,Assumption,1,OT,,new,True,False,False,True,20252026,,,,,,,0,0.5
Sat.,2025-10-11,1:00 ET,Stonehill,1,@,Saint Anselm,3,,,new,True,False,False,False,20252026,,,,,,,2,1.0
Sat.,2025-10-11,12:00 ET,Boston College,5,@,Providence,1,,,he,True,False,False,False,20252026,,,,,,,-4,0.0
Sat.,2025-10-11,12:00 ET,Penn State,7,@,Delaware,0,,,ah,True,False,False,False,20252026,,,,,,,-7,0.0
Sat.,2025-10-11,5:00 ET,RIT,5,@,Robert Morris,1,,,ah,True,False,False,False,20252026,,,,,,,-4,0.0
Sun.,2025-10-12,1:00 CT,Minnesota Duluth,0,@,Wisconsin,4,,,wc,True,False,False,False,20252026,,,,,,,4,1.0
Thu.,2025-10-16,4:00 ET,St. Lawrence,3,@,RIT,0,,,nc,True,False,False,False,20252026,,,,,,,-3,0.0
Thu.,2025-10-16,12:00 ET,Franklin Pierce,2,@,Post,0,,,new,True,False,False,False,20252026,,,,,,,-2,0.0
Fri.,2025-10-17,6:00 CT,Minnesota State,0,@,Minnesota Duluth,5,,,wc,True,False,False,False,20252026,,,,,,,5,1.0
Fri.,2025-10-17,1:00 ET,Princeton,1,@,Connecticut,2,,,nc,True,False,False,False,20252026,,,,,,,1,1.0
Fri.,2025-10-17,4:00 ET,Brown,2,@,Boston University,1,,,nc,True,False,False,False,20252026,,,,,,,-1,0.0
Fri.,2025-10-17,4:30 ET,Colgate,5,@,Maine,2,,,nc,True,False,False,False,20252026,,,,,,,-3,0.0
Fri.,2025-10-17,9:00 ET,Clarkson,1,@,Providence,2,,,nc,True,False,False,False,20252026,,,,,,,1,1.0
Fri.,2025-10-17,4:00 ET,Dartmouth,2,@,Holy Cross,3,,,nc,True,False,False,False,20252026,,,,,,,1,1.0
Fri.,2025-10-17,4:00 ET,St. Michael's,0,@,Harvard,6,,,nc,True,False,False,False,20252026,,,,,,,6,1.0
Fri.,2025-10-17,1:00 ET,Northeastern,3,@,Quinnipiac,5,,,nc,True,False,False,False,20252026,,,,,,,2,1.0
Fri.,2025-10-17,2:00 ET,Boston College,0,@,Cornell,3,,,nc,True,False,False,False,20252026,,,,,,,3,1.0
Fri.,2025-10-17,2:00 CT,St. Thomas,3,@,St. Cloud State,4,OT,,wc,True,False,False,True,20252026,,,,,,,1,1.0
Fri.,2025-10-17,4:00 ET,St. Lawrence,1,@,RIT,4,,,nc,True,False,False,False,20252026,,,,,,,3,1.0
Fri.,2025-10-17,10:00 ET,Mercyhurst,0,@,Penn State,3,,,ah,True,False,False,False,20252026,,,,,,,3,1.0
Fri.,2025-10-17,4:00 ET,Syracuse,2,@,Delaware,1,OT,,ah,True,False,False,True,20252026,,,,,,,-1,0.0
Fri.,2025-10-17,1:37 ET,Saint Anselm,5,@,Union,7,,,nc,True,False,False,False,20252026,,,,,,,2,1.0
Fri.,2025-10-17,4:00 ET,Robert Morris,2,@,Yale,5,,,nc,True,False,False,False,20252026,,,,,,,3,1.0
Fri.,2025-10-17,5:20 ET,LIU,2,@,Assumption,3,OT,,new,True,False,False,True,20252026,,,,,,,1,1.0
Fri.,2025-10-17,3:00 ET,Sacred Heart,2,@,Stonehill,3,OT,,new,True,False,False,True,20252026,,,,,,,1,1.0
Fri.,2025-10-17,11:30 ET,Franklin Pierce,2,@,Post,3,,,new,True,False,False,False,20252026,,,,,,,1,1.0
Fri.,2025-10-17,10:07 ET,Vermont,1,vs,Wisconsin,8,,,nc,True,True,False,False,20252026,,,,,,,7,1.0
Sat.,2025-10-18,12:00 ET,Harvard,2,@,New Hampshire,1,,,nc,True,False,False,False,20252026,,,,,,,-1,0.0
Sat.,2025-10-18,1:00 CT,St. Thomas,4,@,St. Cloud State,3,OT,,wc,True,False,False,True,20252026,,,,,,,-1,0.0
Sat.,2025-10-18,2:00 CT,Ohio State,4,@,Minnesota,1,,,wc,True,False,False,False,20252026,,,,,,,-3,0.0
Sat.,2025-10-18,11:00 ET,Princeton,0,@,Connecticut,3,,,nc,True,False,False,False,20252026,,,,,,,3,1.0
Sat.,2025-10-18,11:00 ET,Clarkson,3,@,Providence,0,,,nc,True,False,False,False,20252026,,,,,,,-3,0.0
Sat.,2025-10-18,2:30 ET,Colgate,1,@,Maine,2,,,nc,True,False,False,False,20252026,,,,,,,1,1.0
Sat.,2025-10-18,5:00 ET,Dartmouth,0,@,Holy Cross,2,,,nc,True,False,False,False,20252026,,,,,,,2,1.0
Sat.,2025-10-18,2:00 CT,Minnesota State,1,@,Minnesota Duluth,3,,,wc,True,False,False,False,20252026,,,,,,,2,1.0
Sat.,2025-10-18,11:00 ET,Northeastern,2,@,Quinnipiac,4,,,nc,True,False,False,False,20252026,,,,,,,2,1.0
Sat.,2025-10-18,1:00 ET,Robert Morris,0,@,Yale,4,,,nc,True,False,False,False,20252026,,,,,,,4,1.0
Sat.,2025-10-18,11:00 ET,Sacred Heart,0,@,Stonehill,2,,,new,True,False,False,False,20252026,,,,,,,2,1.0
Sat.,2025-10-18,2:00 ET,LIU,1,@,Assumption,2,OT,,new,True,False,False,True,20252026,,,,,,,1,1.0
Sat.,2025-10-18,10:07 ET,Saint Anselm,1,vs,Vermont,3,,,nc,True,True,False,False,20252026,,,,,,,2,1.0
Sat.,2025-10-18,1:37 ET,Wisconsin,4,@,Union,0,,,nc,True,False,False,False,20252026,,,,,,,-4,0.0
Sat.,2025-10-18,12:00 ET,Syracuse,1,@,Delaware,0,,,ah,True,False,False,False,20252026,,,,,,,-1,0.0
Sat.,2025-10-18,10:00 ET,Mercyhurst,1,@,Penn State,6,,,ah,True,False,False,False,20252026,,,,,,,5,1.0
Sat.,2025-10-18,1:00 ET,Boston College,2,@,Cornell,4,,,nc,True,False,False,False,20252026,,,,,,,2,1.0
Sun.,2025-10-19,2:00 CT,Ohio State,3,@,Minnesota,6,,,wc,True,False,False,False,20252026,,,,,,,3,1.0
Sun.,2025-10-19,1:00 ET,Merrimack,0,@,Brown,1,,,nc,True,False,False,False,20252026,,,,,,,1,1.0
Fri.,2025-10-24,4:00 ET,St. Cloud State,1,@,Ohio State,5,,,wc,True,False,False,False,20252026,,,,,,,4,1.0
Fri.,2025-10-24,2:00 CT,Providence,7,@,St. Thomas,6,OT,,nc,True,False,False,True,20252026,2.3,4.8,0.0,0.0,0.0,2.0,-1,0.0
Fri.,2025-10-24,4:00 ET,Franklin Pierce,0,@,Vermont,3,,,nc,True,False,False,False,20252026,,,,,,,3,1.0
Fri.,2025-10-24,5:00 ET,Post,0,@,Holy Cross,2,,,nc,True,False,False,False,20252026,,,,,,,2,1.0
Fri.,2025-10-24,1:00 ET,Connecticut,1,@,Mercyhurst,1,OT,,nc,True,False,False,True,20252026,,,,,,,0,0.5
Fri.,2025-10-24,3:00 ET,St. Michael's,1,@,Sacred Heart,6,,,new,True,False,False,False,20252026,,,,,,,5,1.0
Fri.,2025-10-24,6:00 CT,Minnesota,4,@,Minnesota Duluth,0,,,wc,True,False,False,False,20252026,,,,,,,-4,0.0
Fri.,2025-10-24,4:00 ET,New Hampshire,2,@,Boston University,4,,,he,True,False,False,False,20252026,,,,,,,2,1.0
Fri.,2025-10-24,5:00 ET,Saint Anselm,3,@,Stonehill,4,OT,,new,True,False,False,True,20252026,,,,,,,1,1.0
Fri.,2025-10-24,4:00 ET,Clarkson,5,@,Union,2,,,ec,True,False,False,False,20252026,,,,,,,-3,0.0
Fri.,2025-10-24,1:00 ET,Syracuse,5,@,RIT,2,,,ah,True,False,False,False,20252026,,,,,,,-3,0.0
Fri.,2025-10-24,10:00 ET,Lindenwood,1,@,Penn State,6,,,ah,True,False,False,False,20252026,,,,,,,5,1.0
Fri.,2025-10-24,4:00 ET,Robert Morris,5,@,Delaware,0,,,ah,True,False,False,False,20252026,,,,,,,-5,0.0
Fri.,2025-10-24,4:00 ET,Princeton,4,@,Brown,2,,,ec,True,False,False,False,20252026,,,,,,,-2,0.0
Fri.,2025-10-24,4:00 ET,St. Lawrence,3,@,RPI,2,,,ec,True,False,False,False,20252026,,,,,,,-1,0.0
Fri.,2025-10-24,3:00 ET,Cornell,5,@,Harvard,2,,,ec,True,False,False,False,20252026,,,,,,,-3,0.0
Fri.,2025-10-24,4:00 ET,Quinnipiac,3,@,Yale,1,,,ec,True,False,False,False,20252026,,,,,,,-2,0.0
Fri.,2025-10-24,1:00 ET,Colgate,2,@,Dartmouth,4,,,ec,True,False,False,False,20252026,,,,,,,2,1.0
Sat.,2025-10-25,11:00 ET,Boston College,2,@,Merrimack,1,,,he,True,False,False,False,20252026,,,,,,,-1,0.0
Sat.,2025-10-25,1:01 ET,St. Cloud State,2,@,Ohio State,4,,,wc,True,False,False,False,20252026,,,,,,,2,1.0
Sat.,2025-10-25,2:00 CT,Minnesota State,0,@,Wisconsin,4,,,wc,True,False,False,False,20252026,,,,,,,4,1.0
Sat.,2025-10-25,3:00 CT,Minnesota,3,@,Minnesota Duluth,2,,,wc,True,False,False,False,20252026,,,,,,,-1,0.0
Sat.,2025-10-25,1:00 CT,Providence,1,@,St. Thomas,5,,,nc,True,False,False,False,20252026,2.4,2.5,0.0,0.0,3.0,5.0,4,1.0
Sat.,2025-10-25,1:00 ET,Franklin Pierce,3,@,Vermont,1,,,nc,True,False,False,False,20252026,,,,,,,-2,0.0
Sat.,2025-10-25,11:00 ET,Connecticut,4,@,Mercyhurst,3,,,nc,True,False,False,False,20252026,,,,,,,-1,0.0
Sat.,2025-10-25,1:00 ET,Princeton,3,@,Yale,4,OT,,ec,True,False,False,True,20252026,,,,,,,1,1.0
Sat.,2025-10-25,10:00 ET,St. Michael's,0,@,Sacred Heart,6,,,new,True,False,False,False,20252026,,,,,,,6,1.0
Sat.,2025-10-25,1:00 ET,Clarkson,7,@,RPI,1,,,ec,True,False,False,False,20252026,,,,,,,-6,0.0
Sat.,2025-10-25,1:00 ET,Colgate,5,@,Harvard,0,,,ec,True,False,False,False,20252026,,,,,,,-5,0.0
Sat.,2025-10-25,1:00 ET,St. Lawrence,3,@,Union,2,,,ec,True,False,False,False,20252026,,,,,,,-1,0.0
Sat.,2025-10-25,1:00 ET,Cornell,5,@,Dartmouth,0,,,ec,True,False,False,False,20252026,,,,,,,-5,0.0
Sat.,2025-10-25,1:00 ET,Quinnipiac,0,@,Brown,1,,,ec,True,False,False,False,20252026,,,,,,,1,1.0
Sat.,2025-10-25,12:00 ET,Robert Morris,5,@,Delaware,0,,,ah,True,False,False,False,20252026,,,,,,,-5,0.0
Sat.,2025-10-25,1:00 ET,RIT,4,@,Syracuse,1,,,ah,True,False,False,False,20252026,,,,,,,-3,0.0
Sat.,2025-10-25,10:00 ET,Lindenwood,0,@,Penn State,5,,,ah,True,False,False,False,20252026,,,,,,,5,1.0
Sun.,2025-10-26,11:30 ET,Holy Cross,5,@,Post,0,,,nc,True,False,False,False,20252026,,,,,,,-5,0.0
Sun.,2025-10-26,2:00 CT,Minnesota State,0,@,Wisconsin,8,,,wc,True,False,False,False,20252026,,,,,,,8,1.0
Tue.,2025-10-28,5:00 ET,Syracuse,0,@,Cornell,5,,,nc,True,False,False,False,20252026,,,,,,,5,1.0
Fri.,2025-10-31,2:00 CT,Minnesota Duluth,5,@,St. Cloud State,3,,,wc,True,False,False,False,20252026,,,,,,,-2,0.0
Fri.,2025-10-31,2:00 CT,Ohio State,3,@,St. Thomas,2,OT,,wc,True,False,False,True,20252026,,,,,,,-1,0.0
Fri.,2025-10-31,6:00 CT,Minnesota,5,@,Wisconsin,1,,,wc,True,False,False,False,20252026,,,,,,,-4,0.0
Fri.,2025-10-31,6:02 CT,Bemidji State,2,@,Minnesota State,2,OT,,wc,True,False,False,True,20252026,,,,,,,0,0.5
Fri.,2025-10-31,1:00 ET,Stonehill,1,@,LIU,1,OT,,new,True,False,False,True,20252026,,,,,,,0,0.5
Fri.,2025-10-31,2:00 ET,Sacred Heart,1,@,Saint Anselm,4,,,new,True,False,False,False,20252026,,,,,,,3,1.0
Fri.,2025-10-31,5:10 ET,Post,5,@,St. Michael's,0,,,new,True,False,False,False,20252026,,,,,,,-5,0.0
Fri.,2025-10-31,5:00 ET,Assumption,3,@,Franklin Pierce,2,OT,,new,True,False,False,True,20252026,,,,,,,-1,0.0
Fri.,2025-10-31,4:00 ET,Northeastern,3,@,Boston University,1,,,he,True,False,False,False,20252026,,,,,,,-2,0.0
Fri.,2025-10-31,2:00 ET,New Hampshire,8,@,Merrimack,2,,,he,True,False,False,False,20252026,,,,,,,-6,0.0
Fri.,2025-10-31,1:00 ET,Lindenwood,3,@,RIT,0,,,ah,True,False,False,False,20252026,,,,,,,-3,0.0
Fri.,2025-10-31,12:00 ET,Maine,2,@,Providence,3,OT,,he,True,False,False,True,20252026,,,,,,,1,1.0
Fri.,2025-10-31,1:00 ET,Harvard,1,@,Clarkson,2,,,ec,True,False,False,False,20252026,,,,,,,1,1.0
Fri.,2025-10-31,4:00 ET,Yale,0,@,Cornell,3,,,ec,True,False,False,False,20252026,,,,,,,3,1.0
Fri.,2025-10-31,3:00 ET,Union,1,@,Quinnipiac,6,,,ec,True,False,False,False,20252026,,,,,,,5,1.0
Fri.,2025-10-31,1:00 ET,Dartmouth,1,@,St. Lawrence,2,OT,,ec,True,False,False,True,20252026,,,,,,,1,1.0
Fri.,2025-10-31,1:00 ET,Brown,3,@,Colgate,3,OT,,ec,True,False,False,True,20252026,,,,,,,0,0.5
Fri.,2025-10-31,1:00 ET,RPI,3,@,Princeton,4,OT,,ec,True,False,False,True,20252026,,,,,,,1,1.0
Fri.,2025-10-31,1:00 ET,Delaware,2,@,Mercyhurst,3,OT,,ah,True,False,False,True,20252026,,,,,,,1,1.0
Fri.,2025-10-31,1:00 ET,Penn State,4,@,Robert Morris,0,,,ah,True,False,False,False,20252026,,,,,,,-4,0.0
Fri.,2025-10-31,9:00 ET,Boston College,3,@,Vermont,4,,,he,True,False,False,False,20252026,,,,,,,1,1.0
Sat.,2025-11-01,1:00 ET,Boston University,3,@,Northeastern,7,,,he,True,False,False,False,20252026,,,,,,,4,1.0
Sat.,2025-11-01,12:00 ET,Merrimack,2,@,New Hampshire,5,,,he,True,False,False,False,20252026,,,,,,,3,1.0
Sat.,2025-11-01,5:00 ET,Franklin Pierce,2,@,Assumption,1,,,new,True,False,False,False,20252026,,,,,,,-1,0.0
Sat.,2025-11-01,1:00 ET,Post,3,@,St. Michael's,2,,,new,True,False,False,False,20252026,,,,,,,-1,0.0
Sat.,2025-11-01,1:00 CT,Minnesota Duluth,3,@,St. Cloud State,2,,,wc,True,False,False,False,20252026,,,,,,,-1,0.0
Sat.,2025-11-01,1:00 ET,Sacred Heart,1,@,Saint Anselm,3,,,new,True,False,False,False,20252026,,,,,,,2,1.0
Sat.,2025-11-01,2:02 CT,Bemidji State,0,@,Minnesota State,2,,,wc,True,False,False,False,20252026,,,,,,,2,1.0
Sat.,2025-11-01,2:00 CT,Ohio State,8,@,St. Thomas,0,,,wc,True,False,False,False,20252026,,,,,,,-8,0.0
Sat.,2025-11-01,2:00 CT,Minnesota,2,@,Wisconsin,7,,,wc,True,False,False,False,20252026,2.7,1.9,0.0,0.0,2.0,0.0,5,1.0
Sat.,2025-11-01,12:00 ET,Stonehill,4,@,LIU,2,,,new,True,False,False,False,20252026,,,,,,,-2,0.0
Sat.,2025-11-01,12:00 ET,Boston College,0,@,Vermont,0,OT,,he,True,False,False,True,20252026,,,,,,,0,0.5
Sat.,2025-11-01,1:00 ET,Maine,1,@,Providence,1,OT,,he,True,False,False,True,20252026,,,,,,,0,0.5
Sat.,2025-11-01,1:00 ET,Harvard,1,@,St. Lawrence,0,,,ec,True,False,False,False,20252026,,,,,,,-1,0.0
Sat.,2025-11-01,3:00 ET,Penn State,4,@,Robert Morris,0,,,ah,True,False,False,False,20252026,,,,,,,-4,0.0
Sat.,2025-11-01,11:00 ET,Lindenwood,1,@,RIT,7,,,ah,True,False,False,False,20252026,,,,,,,6,1.0
Sat.,2025-11-01,11:00 ET,Delaware,0,@,Mercyhurst,4,,,ah,True,False,False,False,20252026,,,,,,,4,1.0
Sat.,2025-11-01,1:00 ET,Union,2,@,Princeton,5,,,ec,True,False,False,False,20252026,,,,,,,3,1.0
Sat.,2025-11-01,11:00 ET,Holy Cross,3,@,Connecticut,4,OT,,he,True,False,False,True,20252026,,,,,,,1,1.0
Sat.,2025-11-01,1:00 ET,RPI,0,@,Quinnipiac,8,,,ec,True,False,False,False,20252026,,,,,,,8,1.0
Sat.,2025-11-01,1:00 ET,Brown,1,@,Cornell,5,,,ec,True,False,False,False,20252026,,,,,,,4,1.0
Sat.,2025-11-01,1:00 ET,Yale,5,@,Colgate,4,OT,,ec,True,False,False,True,20252026,,,,,,,-1,0.0
Sat.,2025-11-01,1:00 ET,Dartmouth,3,@,Clarkson,0,,,ec,True,False,False,False,20252026,,,,,,,-3,0.0
Sun.,2025-11-02,1:00 ET,Connecticut,3,@,Holy Cross,2,,,he,True,False,False,False,20252026,,,,,,,-1,0.0
Tue.,2025-11-04,5:00 ET,Yale,2,@,Saint Anselm,0,,,nc,True,False,False,False,20252026,,,,,,,-2,0.0
Fri.,2025-11-07,4:02 CT,St. Thomas,5,@,Bemidji State,0,,,wc,True,False,False,False,20252026,,,,,,,-5,0.0
Fri.,2025-11-07,5:00 ET,RIT,2,@,Colgate,5,,,nc,True,False,False,False,20252026,,,,,,,3,1.0
Fri.,2025-11-07,2:00 ET,Franklin Pierce,0,@,LIU,2,,,new,True,False,False,False,20252026,,,,,,,2,1.0
Fri.,2025-11-07,7:00 ET,Assumption,1,@,Stonehill,4,,,new,True,False,False,False,20252026,,,,,,,3,1.0
Fri.,2025-11-07,7:00 ET,Saint Anselm,4,@,Post,2,,,new,True,False,False,False,20252026,,,,,,,-2,0.0
Fri.,2025-11-07,12:30 ET,Vermont,0,@,Northeastern,3,,,he,True,False,False,False,20252026,,,,,,,3,1.0
Fri.,2025-11-07,5:00 ET,Providence,2,@,New Hampshire,4,,,he,True,False,False,False,20252026,,,,,,,2,1.0
Fri.,2025-11-07,5:00 ET,Holy Cross,2,@,Merrimack,1,,,he,True,False,False,False,20252026,,,,,,,-1,0.0
Fri.,2025-11-07,5:00 ET,Connecticut,3,@,Boston College,1,,,he,True,False,False,False,20252026,,,,,,,-2,0.0
Fri.,2025-11-07,5:00 ET,Clarkson,0,@,Princeton,1,OT,,ec,True,False,False,True,20252026,,,,,,,1,1.0
Fri.,2025-11-07,5:00 ET,St. Lawrence,2,@,Quinnipiac,3,OT,,ec,True,False,False,True,20252026,,,,,,,1,1.0
Fri.,2025-11-07,2:00 ET,Harvard,1,@,Dartmouth,1,OT,,ec,True,False,False,True,20252026,,,,,,,0,0.5
Fri.,2025-11-07,2:00 ET,Union,1,@,RPI,2,OT,,ec,True,False,False,True,20252026,,,,,,,1,1.0
Fri.,2025-11-07,2:00 ET,Mercyhurst,5,@,Robert Morris,1,,,ah,True,False,False,False,20252026,,,,,,,-4,0.0
Fri.,2025-11-07,5:00 CT,Syracuse,2,@,Lindenwood,1,OT,,ah,True,False,False,True,20252026,,,,,,,-1,0.0
Fri.,2025-11-07,2:00 ET,Boston University,1,@,Maine,3,,,he,True,False,False,False,20252026,,,,,,,2,1.0
Sat.,2025-11-08,2:00 ET,Boston College,2,@,Connecticut,1,,,he,True,False,False,False,20252026,,,,,,,-1,0.0
Sat.,2025-11-08,2:00 ET,RIT,3,@,Colgate,1,,,nc,True,False,False,False,20252026,,,,,,,-2,0.0
Sat.,2025-11-08,2:00 ET,Delaware,0,@,Brown,3,,,nc,True,False,False,False,20252026,,,,,,,3,1.0
Sat.,2025-11-08,1:00 ET,Franklin Pierce,3,@,LIU,0,,,new,True,False,False,False,20252026,,,,,,,-3,0.0
Sat.,2025-11-08,3:02 CT,St. Thomas,1,@,Bemidji State,2,,,wc,True,False,False,False,20252026,,,,,,,1,1.0
Sat.,2025-11-08,1:50 ET,Stonehill,0,@,Assumption,3,,,new,True,False,False,False,20252026,,,,,,,3,1.0
Sat.,2025-11-08,12:00 ET,Saint Anselm,4,@,Post,0,,,new,True,False,False,False,20252026,,,,,,,-4,0.0
Sat.,2025-11-08,1:00 ET,New Hampshire,1,@,Providence,5,,,he,True,False,False,False,20252026,,,,,,,4,1.0
Sat.,2025-11-08,2:00 ET,Clarkson,0,@,Quinnipiac,0,OT,,ec,True,False,False,True,20252026,,,,,,,0,0.5
Sat.,2025-11-08,7:00 ET,Merrimack,1,@,Holy Cross,2,,,he,True,False,False,False,20252026,,,,,,,1,1.0
Sat.,2025-11-08,12:30 ET,Vermont,2,@,Northeastern,3,,,he,True,False,False,False,20252026,,,,,,,1,1.0
Sat.,2025-11-08,2:00 ET,Mercyhurst,7,@,Robert Morris,2,,,ah,True,False,False,False,20252026,,,,,,,-5,0.0
Sat.,2025-11-08,2:00 ET,St. Lawrence,1,@,Princeton,0,,,ec,True,False,False,False,20252026,,,,,,,-1,0.0
Sat.,2025-11-08,2:00 CT,Syracuse,1,@,Lindenwood,4,,,ah,True,False,False,False,20252026,,,,,,,3,1.0
Sat.,2025-11-08,2:00 ET,Dartmouth,0,@,Harvard,3,,,ec,True,False,False,False,20252026,,,,,,,3,1.0
Sat.,2025-11-08,2:30 ET,Boston University,2,@,Maine,1,,,he,True,False,False,False,20252026,,,,,,,-1,0.0
Sat.,2025-11-08,2:00 ET,RPI,4,@,Union,7,,,ec,True,False,False,False,20252026,,,,,,,3,1.0
Sun.,2025-11-09,12:00 ET,Delaware,2,@,Brown,3,OT,,nc,True,False,False,True,20252026,,,,,,,1,1.0
Wed.,2025-11-12,10:00 ET,St. Lawrence,1,@,Clarkson,6,,,nc,True,False,False,False,20252026,,,,,,,5,1.0
Thu.,2025-11-13,5:00 ET,Boston University,2,@,Boston College,5,,,he,True,False,False,False,20252026,,,,,,,3,1.0
Fri.,2025-11-14,7:00 ET,Franklin Pierce,5,@,Stonehill,4,OT,,new,True,False,False,True,20252026,,,,,,,-1,0.0
Fri.,2025-11-14,1:00 CT,Bemidji State,2,@,Minnesota,6,,,wc,True,False,False,False,20252026,,,,,,,4,1.0
Fri.,2025-11-14,6:00 CT,Wisconsin,5,@,St. Cloud State,1,,,wc,True,False,False,False,20252026,,,,,,,-4,0.0
Fri.,2025-11-14,6:00 CT,Minnesota Duluth,3,@,St. Thomas,1,,,wc,True,False,False,False,20252026,,,,,,,-2,0.0
Fri.,2025-11-14,5:00 ET,Minnesota State,2,@,Ohio State,5,,,wc,True,False,False,False,20252026,,,,,,,3,1.0
Fri.,2025-11-14,5:00 ET,Providence,0,@,Princeton,3,,,nc,True,False,False,False,20252026,,,,,,,3,1.0
Fri.,2025-11-14,2:00 ET,RPI,1,@,Robert Morris,0,,,nc,True,False,False,False,20252026,,,,,,,-1,0.0
Fri.,2025-11-14,5:00 ET,LIU,1,@,Saint Anselm,2,,,new,True,False,False,False,20252026,,,,,,,1,1.0
Fri.,2025-11-14,6:30 ET,Assumption,6,@,St. Michael's,1,,,new,True,False,False,False,20252026,,,,,,,-5,0.0
Fri.,2025-11-14,7:00 ET,Boston College,3,@,Boston University,2,,,he,True,False,False,False,20252026,,,,,,,-1,0.0
Fri.,2025-11-14,5:00 ET,Merrimack,1,@,Northeastern,4,,,he,True,False,False,False,20252026,,,,,,,3,1.0
Fri.,2025-11-14,11:00 ET,Syracuse,0,@,Penn State,7,,,ah,True,False,False,False,20252026,,,,,,,7,1.0
Fri.,2025-11-14,5:00 ET,RIT,0,@,Mercyhurst,1,,,ah,True,False,False,False,20252026,,,,,,,1,1.0
Fri.,2025-11-14,4:00 ET,Lindenwood,3,@,Delaware,5,,,ah,True,False,False,False,20252026,,,,,,,2,1.0
Fri.,2025-11-14,5:00 ET,New Hampshire,4,@,Vermont,3,,,he,True,False,False,False,20252026,,,,,,,-1,0.0
Fri.,2025-11-14,5:00 ET,Dartmouth,0,@,Brown,4,,,ec,True,False,False,False,20252026,,,,,,,4,1.0
Fri.,2025-11-14,5:00 ET,Harvard,4,@,Yale,1,,,ec,True,False,False,False,20252026,,,,,,,-3,0.0
Fri.,2025-11-14,7:00 ET,Maine,2,@,Holy Cross,1,,,he,True,False,False,False,20252026,,,,,,,-1,0.0
Fri.,2025-11-14,2:00 ET,Cornell,0,@,Colgate,3,,,ec,True,False,False,False,20252026,,,,,,,3,1.0
Sat.,2025-11-15,3:00 CT,Bemidji State,2,@,Minnesota,9,,,wc,True,False,False,False,20252026,,,,,,,7,1.0
Sat.,2025-11-15,2:00 ET,Minnesota State,3,@,Ohio State,7,,,wc,True,False,False,False,20252026,,,,,,,4,1.0
Sat.,2025-11-15,3:00 CT,Wisconsin,4,@,St. Cloud State,4,OT,,wc,True,False,False,True,20252026,,,,,,,0,0.5
Sat.,2025-11-15,3:00 CT,Minnesota Duluth,4,@,St. Thomas,2,,,wc,True,False,False,False,20252026,,,,,,,-2,0.0
Sat.,2025-11-15,1:00 ET,Providence,1,@,Princeton,3,,,nc,True,False,False,False,20252026,,,,,,,2,1.0
Sat.,2025-11-15,2:00 ET,RPI,3,@,Robert Morris,2,,,nc,True,False,False,False,20252026,,,,,,,-1,0.0
Sat.,2025-11-15,2:00 ET,LIU,2,@,Saint Anselm,8,,,new,True,False,False,False,20252026,,,,,,,6,1.0
Sat.,2025-11-15,7:00 ET,Stonehill,2,@,Franklin Pierce,4,,,new,True,False,False,False,20252026,,,,,,,2,1.0
Sat.,2025-11-15,2:20 ET,Assumption,5,@,St. Michael's,0,,,new,True,False,False,False,20252026,,,,,,,-5,0.0
Sat.,2025-11-15,4:00 ET,Maine,1,@,Holy Cross,3,,,he,True,False,False,False,20252026,,,,,,,2,1.0
Sat.,2025-11-15,2:00 ET,New Hampshire,0,@,Vermont,4,,,he,True,False,False,False,20252026,,,,,,,4,1.0
Sat.,2025-11-15,2:00 ET,Harvard,3,@,Brown,4,OT,,ec,True,False,False,True,20252026,,,,,,,1,1.0
Sat.,2025-11-15,2:00 ET,Dartmouth,0,@,Yale,5,,,ec,True,False,False,False,20252026,,,,,,,5,1.0
Sat.,2025-11-15,12:00 ET,RIT,1,@,Mercyhurst,0,,,ah,True,False,False,False,20252026,,,,,,,-1,0.0
Sat.,2025-11-15,11:00 ET,Syracuse,2,@,Penn State,11,,,ah,True,False,False,False,20252026,,,,,,,9,1.0
Sat.,2025-11-15,12:00 ET,Lindenwood,5,@,Delaware,0,,,ah,True,False,False,False,20252026,,,,,,,-5,0.0
Sat.,2025-11-15,12:00 ET,Northeastern,5,@,Merrimack,0,,,he,True,False,False,False,20252026,,,,,,,-5,0.0
Sat.,2025-11-15,2:00 ET,Colgate,3,@,Cornell,4,OT,,ec,True,False,False,True,20252026,,,,,,,1,1.0
Tue.,2025-11-18,1:00 ET,Sacred Heart,0,@,Post,3,,,new,True,False,False,False,20252026,,,,,,,3,1.0
Thu.,2025-11-20,7:00 CT,St. Thomas,0,@,Wisconsin,8,,,wc,True,False,False,False,20252026,,,,,,,8,1.0
Thu.,2025-11-20,6:00 ET,Quinnipiac,3,@,Princeton,4,OT,,ec,True,False,False,True,20252026,,,,,,,1,1.0
Fri.,2025-11-21,6:00 ET,Penn State,5,@,RIT,3,,,ah,True,False,False,False,20252026,,,,,,,-2,0.0
Fri.,2025-11-21,6:02 CT,Ohio State,3,@,Minnesota Duluth,1,,,wc,True,False,False,False,20252026,,,,,,,-2,0.0
Fri.,2025-11-21,7:00 CT,St. Thomas,3,@,Wisconsin,4,OT,,wc,True,False,False,True,20252026,,,,,,,1,1.0
Fri.,2025-11-21,6:00 CT,Minnesota State,3,@,Minnesota,1,,,wc,True,False,False,False,20252026,,,,,,,-2,0.0
Fri.,2025-11-21,3:02 CT,St. Cloud State,4,@,Bemidji State,0,,,wc,True,False,False,False,20252026,,,,,,,-4,0.0
Fri.,2025-11-21,3:00 ET,Sacred Heart,5,@,LIU,1,,,new,True,False,False,False,20252026,,,,,,,-4,0.0
Fri.,2025-11-21,3:00 ET,Post,3,@,Stonehill,2,,,new,True,False,False,False,20252026,,,,,,,-1,0.0
Fri.,2025-11-21,12:00 ET,Saint Anselm,4,@,Assumption,3,OT,,new,True,False,False,True,20252026,,,,,,,-1,0.0
Fri.,2025-11-21,6:00 ET,Providence,1,@,Boston University,4,,,he,True,False,False,False,20252026,,,,,,,3,1.0
Fri.,2025-11-21,4:00 ET,St. Michael's,0,@,Franklin Pierce,2,,,new,True,False,False,False,20252026,,,,,,,2,1.0
Fri.,2025-11-21,6:00 ET,Northeastern,3,@,Maine,1,,,he,True,False,False,False,20252026,,,,,,,-2,0.0
Fri.,2025-11-21,6:00 ET,New Hampshire,1,@,Holy Cross,1,OT,,he,True,False,False,True,20252026,,,,,,,0,0.5
Fri.,2025-11-21,12:00 CT,Robert Morris,2,@,Lindenwood,2,OT,,ah,True,False,False,True,20252026,6.0,2.5,0.0,0.0,4.0,1.0,0,0.5
Fri.,2025-11-21,6:00 ET,Brown,2,@,Clarkson,4,,,ec,True,False,False,False,20252026,,,,,,,2,1.0
Fri.,2025-11-21,6:00 ET,Yale,3,@,St. Lawrence,2,OT,,ec,True,False,False,True,20252026,,,,,,,-1,0.0
Fri.,2025-11-21,6:00 ET,Mercyhurst,2,@,Syracuse,2,OT,,ah,True,False,False,True,20252026,,,,,,,0,0.5
Fri.,2025-11-21,6:00 ET,Cornell,3,@,Union,4,OT,,ec,True,False,False,True,20252026,,,,,,,1,1.0
Fri.,2025-11-21,6:00 ET,Vermont,0,@,Connecticut,4,,,he,True,False,False,False,20252026,,,,,,,4,1.0
Fri.,2025-11-21,6:00 ET,Colgate,5,@,RPI,2,,,ec,True,False,False,False,20252026,,,,,,,-3,0.0
Sat.,2025-11-22,2:00 ET,Vermont,3,@,Connecticut,6,,,he,True,False,False,False,20252026,,,,,,,3,1.0
Sat.,2025-11-22,2:02 CT,Minnesota,1,@,Minnesota State,4,,,wc,True,False,False,False,20252026,,,,,,,3,1.0
Sat.,2025-11-22,2:02 CT,St. Cloud State,5,@,Bemidji State,6,OT,,wc,True,False,False,True,20252026,,,,,,,1,1.0
Sat.,2025-11-22,1:00 ET,LIU,4,@,Sacred Heart,2,,,new,True,False,False,False,20252026,2.4,2.7,0.0,0.0,5.0,1.0,-2,0.0
Sat.,2025-11-22,4:00 ET,St. Michael's,0,@,Franklin Pierce,7,,,new,True,False,False,False,20252026,,,,,,,7,1.0
Sat.,2025-11-22,3:02 CT,Ohio State,4,@,Minnesota Duluth,1,,,wc,True,False,False,False,20252026,,,,,,,-3,0.0
Sat.,2025-11-22,1:00 ET,Post,0,@,Stonehill,3,,,new,True,False,False,False,20252026,,,,,,,3,1.0
Sat.,2025-11-22,4:00 ET,Northeastern,2,@,Maine,1,,,he,True,False,False,False,20252026,,,,,,,-1,0.0
Sat.,2025-11-22,3:00 ET,Boston University,2,@,Providence,2,OT,,he,True,False,False,True,20252026,,,,,,,0,0.5
Sat.,2025-11-22,3:00 ET,Assumption,1,@,Saint Anselm,2,,,new,True,False,False,False,20252026,,,,,,,1,1.0
Sat.,2025-11-22,2:00 ET,Merrimack,0,@,Boston College,4,,,he,True,False,False,False,20252026,,,,,,,4,1.0
Sat.,2025-11-22,3:05 ET,Penn State,4,@,RIT,3,,,ah,True,False,False,False,20252026,,,,,,,-1,0.0
Sat.,2025-11-22,3:00 ET,Mercyhurst,3,@,Syracuse,2,,,ah,True,False,False,False,20252026,,,,,,,-1,0.0
Sat.,2025-11-22,12:00 CT,Robert Morris,3,@,Lindenwood,0,,,ah,True,False,False,False,20252026,4.2,3.8,0.0,0.0,4.0,1.0,-3,0.0
Sat.,2025-11-22,3:00 ET,Princeton,2,@,Quinnipiac,0,,,ec,True,False,False,False,20252026,,,,,,,-2,0.0
Sat.,2025-11-22,7:00 ET,Holy Cross,3,@,New Hampshire,2,,,he,True,False,False,False,20252026,,,,,,,-1,0.0
Sat.,2025-11-22,3:00 ET,Brown,2,@,St. Lawrence,1,,,ec,True,False,False,False,20252026,,,,,,,-1,0.0
Sat.,2025-11-22,3:00 ET,Colgate,3,@,Union,2,OT,,ec,True,False,False,True,20252026,,,,,,,-1,0.0
Sat.,2025-11-22,3:00 ET,Cornell,4,@,RPI,1,,,ec,True,False,False,False,20252026,,,,,,,-3,0.0
Sat.,2025-11-22,3:00 ET,Yale,2,@,Clarkson,3,,,ec,True,False,False,False,20252026,,,,,,,1,1.0
Tue.,2025-11-25,6:00 ET,Cornell,2,@,Syracuse,2,OT,,nc,True,False,False,True,20252026,,,,,,,0,0.5
Tue.,2025-11-25,11:00 ET,Yale,3,@,Princeton,4,OT,,nc,True,False,False,True,20252026,,,,,,,1,1.0
Fri.,2025-11-28,6:00 ET,Cornell,3,@,Vermont,4,,,nc,True,False,False,False,20252026,,,,,,,1,1.0
Fri.,2025-11-28,4:00 CT,Stonehill,1,vs,Mercyhurst,6,,,nc,True,True,False,False,20252026,,,,,,,5,1.0
Fri.,2025-11-28,6:30 ET,Yale,5,vs,Sacred Heart,0,,,nc,True,True,False,False,20252026,,,,,,,-5,0.0
Fri.,2025-11-28,3:00 ET,Quinnipiac,3,@,Connecticut,4,,,nc,True,False,False,False,20252026,,,,,,,1,1.0
Fri.,2025-11-28,2:00 CT,Dartmouth,2,@,Minnesota State,5,,,nc,True,False,False,False,20252026,,,,,,,3,1.0
Fri.,2025-11-28,5:00 ET,St. Lawrence,2,@,Boston College,3,OT,,nc,True,False,False,True,20252026,,,,,,,1,1.0
Fri.,2025-11-28,3:30 ET,Penn State,2,@,Northeastern,3,,,nc,True,False,False,False,20252026,,,,,,,1,1.0
Fri.,2025-11-28,4:00 CT,Bemidji State,4,@,Lindenwood,7,,,nc,True,False,False,False,20252026,,,,,,,3,1.0
Fri.,2025-11-28,6:00 ET,Delaware,0,@,Union,7,,,nc,True,False,False,False,20252026,,,,,,,7,1.0
Fri.,2025-11-28,4:00 ET,RPI,1,@,Syracuse,3,,,nc,True,False,False,False,20252026,,,,,,,2,1.0
Fri.,2025-11-28,4:00 ET,Ohio State,8,vs,Clarkson,0,,,nc,True,True,False,False,20252026,,,,,,,-8,0.0
Fri.,2025-11-28,1:00 ET,St. Cloud State,3,vs,Colgate,2,OT,,nc,True,True,False,True,20252026,,,,,,,-1,0.0
Fri.,2025-11-28,2:05 ET,Robert Morris,5,@,RIT,1,,,ah,True,False,False,False,20252026,,,,,,,-4,0.0
Fri.,2025-11-28,3:00 ET,Maine,4,@,Harvard,3,OT,,nc,True,False,False,True,20252026,,,,,,,-1,0.0
Sat.,2025-11-29,3:00 ET,Cornell,5,@,Vermont,1,,,nc,True,False,False,False,20252026,,,,,,,-4,0.0
Sat.,2025-11-29,3:00 CT,Mercyhurst,1,vs,Wisconsin,5,,,nc,True,True,False,False,20252026,,,,,,,4,1.0
Sat.,2025-11-29,6:30 ET,Yale,2,@,Connecticut,3,,,nc,True,False,False,False,20252026,,,,,,,1,1.0
Sat.,2025-11-29,3:00 ET,Sacred Heart,0,vs,Quinnipiac,2,,,nc,True,True,False,False,20252026,,,,,,,2,1.0
Sat.,2025-11-29,1:00 CT,Dartmouth,0,@,Minnesota State,5,,,nc,True,False,False,False,20252026,,,,,,,5,1.0
Sat.,2025-11-29,6:00 ET,Assumption,2,@,Holy Cross,6,,,nc,True,False,False,False,20252026,,,,,,,4,1.0
Sat.,2025-11-29,2:00 ET,St. Lawrence,4,@,Boston College,2,,,nc,True,False,False,False,20252026,,,,,,,-2,0.0
Sat.,2025-11-29,2:00 ET,Penn State,4,@,Northeastern,1,,,nc,True,False,False,False,20252026,,,,,,,-3,0.0
Sat.,2025-11-29,1:00 ET,Providence,3,@,Brown,2,OT,,nc,True,False,False,True,20252026,,,,,,,-1,0.0
Sat.,2025-11-29,3:00 ET,Delaware,0,@,Union,3,,,nc,True,False,False,False,20252026,,,,,,,3,1.0
Sat.,2025-11-29,4:00 ET,Syracuse,3,@,RPI,0,,,nc,True,False,False,False,20252026,,,,,,,-3,0.0
Sat.,2025-11-29,1:00 CT,Bemidji State,2,@,Lindenwood,2,OT,,nc,True,False,False,True,20252026,,,,,,,0,0.5
Sat.,2025-11-29,3:00 ET,Maine,1,@,Harvard,5,,,nc,True,False,False,False,20252026,,,,,,,4,1.0
Sat.,2025-11-29,5:00 ET,Ohio State,5,vs,Colgate,0,,,nc,True,True,False,False,20252026,,,,,,,-5,0.0
Sat.,2025-11-29,1:00 ET,St. Cloud State,0,vs,Clarkson,2,,,nc,True,True,False,False,20252026,,,,,,,2,1.0
Sat.,2025-11-29,2:05 ET,Robert Morris,3,@,RIT,6,,,ah,True,False,False,False,20252026,,,,,,,3,1.0
Sun.,2025-11-30,4:00 ET,New Hampshire,4,@,Brown,1,,,nc,True,False,False,False,20252026,,,,,,,-3,0.0
Sun.,2025-11-30,2:00 ET,Assumption,1,@,Merrimack,4,,,nc,True,False,False,False,20252026,,,,,,,3,1.0
Sun.,2025-11-30,12:00 CT,Stonehill,2,vs,Wisconsin,17,,,nc,True,True,False,False,20252026,,,,,,,15,1.0
Tue.,2025-12-02,6:00 ET,New Hampshire,4,@,Northeastern,3,OT,,he,True,False,False,True,20252026,,,,,,,-1,0.0
Tue.,2025-12-02,11:00 ET,Post,2,@,Sacred Heart,1,,,new,True,False,False,False,20252026,,,,,,,-1,0.0
Tue.,2025-12-02,7:00 ET,Boston University,3,@,Holy Cross,0,,,he,True,False,False,False,20252026,,,,,,,-3,0.0
Wed.,2025-12-03,12:00 ET,Saint Anselm,1,@,Franklin Pierce,2,,,new,True,False,False,False,20252026,,,,,,,1,1.0
Thu.,2025-12-04,6:00 ET,Franklin Pierce,3,@,Saint Anselm,3,OT,,new,True,False,False,True,20252026,,,,,,,0,0.5
Thu.,2025-12-04,7:00 ET,Clarkson,1,@,St. Lawrence,1,OT,,nc,True,False,False,True,20252026,,,,,,,0,0.5
Fri.,2025-12-05,6:00 ET,Merrimack,2,@,Providence,3,OT,,he,True,False,False,True,20252026,,,,,,,1,1.0
Fri.,2025-12-05,2:00 CT,Minnesota,5,@,St. Thomas,3,,,wc,True,False,False,False,20252026,,,,,,,-2,0.0
Fri.,2025-12-05,6:02 CT,Minnesota Duluth,4,@,Bemidji State,1,,,wc,True,False,False,False,20252026,,,,,,,-3,0.0
Fri.,2025-12-05,6:00 ET,Wisconsin,2,@,Ohio State,1,,,wc,True,False,False,False,20252026,,,,,,,-1,0.0
Fri.,2025-12-05,3:02 CT,St. Cloud State,4,@,Minnesota State,0,,,wc,True,False,False,False,20252026,,,,,,,-4,0.0
Fri.,2025-12-05,1:30 ET,LIU,3,@,Post,1,,,new,True,False,False,False,20252026,,,,,,,-2,0.0
Fri.,2025-12-05,2:00 ET,Assumption,2,@,Sacred Heart,2,OT,,new,True,False,False,True,20252026,,,,,,,0,0.5
Fri.,2025-12-05,7:20 ET,Stonehill,6,@,St. Michael's,0,,,new,True,False,False,False,20252026,,,,,,,-6,0.0
Fri.,2025-12-05,6:00 ET,Maine,4,@,New Hampshire,3,OT,,he,True,False,False,True,20252026,,,,,,,-1,0.0
Fri.,2025-12-05,6:00 ET,Boston University,1,@,Connecticut,1,OT,,he,True,False,False,True,20252026,,,,,,,0,0.5
Fri.,2025-12-05,2:00 ET,Holy Cross,2,@,Vermont,0,,,he,True,False,False,False,20252026,,,,,,,-2,0.0
Fri.,2025-12-05,6:00 ET,Princeton,6,@,Colgate,1,,,ec,True,False,False,False,20252026,,,,,,,-5,0.0
Fri.,2025-12-05,6:00 ET,Quinnipiac,3,@,Cornell,0,,,ec,True,False,False,False,20252026,,,,,,,-3,0.0
Fri.,2025-12-05,3:00 ET,Union,2,@,Harvard,4,,,ec,True,False,False,False,20252026,,,,,,,2,1.0
Fri.,2025-12-05,3:00 ET,RPI,3,@,Dartmouth,1,,,ec,True,False,False,False,20252026,,,,,,,-2,0.0
Fri.,2025-12-05,5:00 ET,Lindenwood,1,@,Mercyhurst,10,,,ah,True,False,False,False,20252026,,,,,,,9,1.0
Fri.,2025-12-05,6:00 ET,Robert Morris,1,@,Syracuse,0,,,ah,True,False,False,False,20252026,,,,,,,-1,0.0
Fri.,2025-12-05,3:00 ET,Delaware,2,@,RIT,5,,,ah,True,False,False,False,20252026,,,,,,,3,1.0
Fri.,2025-12-05,6:00 ET,Northeastern,3,@,Boston College,1,,,he,True,False,False,False,20252026,,,,,,,-2,0.0
Sat.,2025-12-06,2:00 ET,Holy Cross,2,@,Vermont,1,,,he,True,False,False,False,20252026,,,,,,,-1,0.0
Sat.,2025-12-06,4:00 ET,Connecticut,3,@,Boston University,2,,,he,True,False,False,False,20252026,,,,,,,-1,0.0
Sat.,2025-12-06,3:00 ET,Stonehill,6,@,St. Michael's,0,,,new,True,False,False,False,20252026,,,,,,,-6,0.0
Sat.,2025-12-06,7:00 ET,Sacred Heart,2,@,Assumption,4,,,new,True,False,False,False,20252026,,,,,,,2,1.0
Sat.,2025-12-06,2:02 CT,St. Cloud State,2,@,Minnesota State,3,OT,,wc,True,False,False,True,20252026,,,,,,,1,1.0
Sat.,2025-12-06,3:00 ET,Wisconsin,6,@,Ohio State,1,,,wc,True,False,False,False,20252026,,,,,,,-5,0.0
Sat.,2025-12-06,2:00 ET,Maine,2,@,New Hampshire,2,OT,,he,True,False,False,True,20252026,,,,,,,0,0.5
Sat.,2025-12-06,2:00 CT,St. Thomas,1,@,Minnesota,4,,,wc,True,False,False,False,20252026,,,,,,,3,1.0
Sat.,2025-12-06,7:00 ET,Post,3,@,LIU,5,,,new,True,False,False,False,20252026,,,,,,,2,1.0
Sat.,2025-12-06,1:30 ET,Boston College,2,@,Northeastern,4,,,he,True,False,False,False,20252026,,,,,,,2,1.0
Sat.,2025-12-06,3:02 CT,Minnesota Duluth,4,@,Bemidji State,0,,,wc,True,False,False,False,20252026,,,,,,,-4,0.0
Sat.,2025-12-06,3:00 ET,Yale,2,@,Brown,4,,,ec,True,False,False,False,20252026,,,,,,,2,1.0
Sat.,2025-12-06,3:00 ET,Quinnipiac,1,@,Colgate,2,OT,,ec,True,False,False,True,20252026,,,,,,,1,1.0
Sat.,2025-12-06,3:00 ET,Princeton,3,@,Cornell,2,,,ec,True,False,False,False,20252026,,,,,,,-1,0.0
Sat.,2025-12-06,3:00 ET,Union,0,@,Dartmouth,0,OT,,ec,True,False,False,True,20252026,,,,,,,0,0.5
Sat.,2025-12-06,2:00 ET,St. Lawrence,3,@,Clarkson,4,OT,,ec,True,False,False,True,20252026,,,,,,,1,1.0
Sat.,2025-12-06,3:00 ET,RPI,3,@,Harvard,1,,,ec,True,False,False,False,20252026,,,,,,,-2,0.0
Sat.,2025-12-06,3:00 ET,Delaware,2,@,RIT,4,,,ah,True,False,False,False,20252026,,,,,,,2,1.0
Sat.,2025-12-06,3:00 ET,Robert Morris,2,@,Syracuse,2,OT,,ah,True,False,False,True,20252026,,,,,,,0,0.5
Sat.,2025-12-06,12:00 ET,Lindenwood,5,@,Mercyhurst,2,,,ah,True,False,False,False,20252026,,,,,,,-3,0.0
Sat.,2025-12-06,2:00 ET,Providence,3,@,Merrimack,2,,,he,True,False,False,False,20252026,,,,,,,-1,0.0
Sun.,2025-12-07,4:00 ET,Brown,2,@,Yale,3,,,ec,True,False,False,False,20252026,,,,,,,1,1.0
Fri.,2025-12-12,3:00 ET,St. Michael's,0,@,Dartmouth,10,,,nc,True,False,False,False,20252026,,,,,,,10,1.0
Fri.,2025-12-12,7:00 ET,LIU,0,@,Robert Morris,2,,,nc,True,False,False,False,20252026,,,,,,,2,1.0
Sat.,2025-12-13,3:00 ET,LIU,0,@,Robert Morris,9,,,nc,True,False,False,False,20252026,,,,,,,9,1.0
Sat.,2025-12-13,2:00 ET,Saint Anselm,2,@,Dartmouth,4,,,nc,True,False,False,False,20252026,,,,,,,2,1.0
Tue.,2025-12-30,6:00 ET,Cornell,0,@,Penn State,1,,,nc,True,False,False,False,20252026,,,,,,,1,1.0
Tue.,2025-12-30,5:00 ET,Brown,2,vs,Maine,3,,,nc,True,True,False,False,20252026,,,,,,,1,1.0
Fri.,2026-01-02,6:00 ET,Penn State,1,@,Ohio State,5,,,nc,True,False,False,False,20252026,,,,,,,4,1.0
Fri.,2026-01-02,5:00 ET,Minnesota,4,@,Sacred Heart,0,,,nc,True,False,False,False,20252026,,,,,,,-4,0.0
Fri.,2026-01-02,6:00 ET,Dartmouth,0,@,Vermont,1,,,nc,True,False,False,False,20252026,,,,,,,1,1.0
Fri.,2026-01-02,6:00 ET,St. Michael's,0,@,Clarkson,15,,,nc,True,False,False,False,20252026,,,,,,,15,1.0
Fri.,2026-01-02,3:00 ET,Stonehill,1,@,Princeton,8,,,nc,True,False,False,False,20252026,,,,,,,7,1.0
Fri.,2026-01-02,2:00 ET,Connecticut,4,@,Providence,1,,,he,True,False,False,False,20252026,,,,,,,-3,0.0
Fri.,2026-01-02,4:00 CT,Mercyhurst,5,@,Lindenwood,1,,,ah,True,False,False,False,20252026,,,,,,,-4,0.0
Fri.,2026-01-02,3:00 GMT,Minnesota Duluth,2,vs,Harvard,3,OT,,nc,True,True,False,True,20252026,,,,,,,1,1.0
Fri.,2026-01-02,6:00 ET,Union,3,@,Yale,6,,,ec,True,False,False,False,20252026,,,,,,,3,1.0
Fri.,2026-01-02,6:00 ET,RPI,3,@,Brown,4,OT,,ec,True,False,False,True,20252026,,,,,,,1,1.0
Fri.,2026-01-02,6:00 ET,Delaware,1,@,Syracuse,3,,,ah,True,False,False,False,20252026,,,,,,,2,1.0
Fri.,2026-01-02,7:00 GMT,Quinnipiac,2,vs,Boston University,2,OT,,nc,True,True,False,True,20252026,,,,,,,0,0.5
Sat.,2026-01-03,2:00 ET,St. Michael's,0,@,Clarkson,9,,,nc,True,False,False,False,20252026,,,,,,,9,1.0
Sat.,2026-01-03,3:30 ET,Penn State,1,@,Ohio State,4,,,nc,True,False,False,False,20252026,,,,,,,3,1.0
Sat.,2026-01-03,1:00 ET,Minnesota,14,@,Sacred Heart,2,,,nc,True,False,False,False,20252026,,,,,,,-12,0.0
Sat.,2026-01-03,2:00 ET,LIU,0,@,New Hampshire,4,,,nc,True,False,False,False,20252026,,,,,,,4,1.0
Sat.,2026-01-03,2:00 ET,Colgate,3,@,Boston College,0,,,nc,True,False,False,False,20252026,,,,,,,-3,0.0
Sat.,2026-01-03,3:00 ET,Stonehill,0,@,Princeton,10,,,nc,True,False,False,False,20252026,,,,,,,10,1.0
Sat.,2026-01-03,4:00 ET,Vermont,2,@,Dartmouth,1,,,nc,True,False,False,False,20252026,,,,,,,-1,0.0
Sat.,2026-01-03,7:00 ET,Bemidji State,3,@,Merrimack,1,,,nc,True,False,False,False,20252026,,,,,,,-2,0.0
Sat.,2026-01-03,3:00 ET,Providence,0,@,Connecticut,5,,,he,True,False,False,False,20252026,,,,,,,5,1.0
Sat.,2026-01-03,12:00 CT,Mercyhurst,2,@,Lindenwood,1,OT,,ah,True,False,False,True,20252026,,,,,,,-1,0.0
Sat.,2026-01-03,3:00 ET,Delaware,0,@,Syracuse,4,,,ah,True,False,False,False,20252026,,,,,,,4,1.0
Sat.,2026-01-03,3:00 ET,RPI,2,@,Yale,7,,,ec,True,False,False,False,20252026,,,,,,,5,1.0
Sat.,2026-01-03,6:00 ET,Holy Cross,1,@,Maine,2,,,he,True,False,False,False,20252026,,,,,,,1,1.0
Sat.,2026-01-03,7:00,Harvard,2,vs,Boston University,3,,,nc,True,True,False,False,20252026,,,,,,,1,1.0
Sat.,2026-01-03,3:00,Quinnipiac,3,vs,Minnesota Duluth,1,,,nc,True,True,False,False,20252026,,,,,,,-2,0.0
Sat.,2026-01-03,3:00 ET,Union,1,@,Brown,3,,,ec,True,False,False,False,20252026,,,,,,,2,1.0
Sun.,2026-01-04,2:00 ET,LIU,1,@,New Hampshire,6,,,nc,True,False,False,False,20252026,,,,,,,5,1.0
Sun.,2026-01-04,7:00 ET,Bemidji State,2,@,Merrimack,2,OT,,nc,True,False,False,True,20252026,,,,,,,0,0.5
Tue.,2026-01-06,6:00 ET,Northeastern,0,@,Yale,3,,,nc,True,False,False,False,20252026,,,,,,,3,1.0
Thu.,2026-01-08,6:00 ET,RIT,3,@,Delaware,2,,,ah,True,False,False,False,20252026,,,,,,,-1,0.0
Fri.,2026-01-09,5:02 CT,Bemidji State,1,@,St. Thomas,2,,,wc,True,False,False,False,20252026,,,,,,,1,1.0
Fri.,2026-01-09,1:00 ET,Assumption,1,@,Post,2,OT,,new,True,False,False,True,20252026,,,,,,,1,1.0
Fri.,2026-01-09,6:00 ET,Stonehill,4,@,Saint Anselm,1,,,new,True,False,False,False,20252026,,,,,,,-3,0.0
Fri.,2026-01-09,7:00 ET,Sacred Heart,2,@,Franklin Pierce,3,OT,,new,True,False,False,True,20252026,,,,,,,1,1.0
Fri.,2026-01-09,6:02 CT,Minnesota,11,@,Minnesota State,3,,,wc,True,False,False,False,20252026,,,,,,,-8,0.0
Fri.,2026-01-09,6:00 CT,Ohio State,4,@,St. Cloud State,0,,,wc,True,False,False,False,20252026,,,,,,,-4,0.0
Fri.,2026-01-09,3:02 CT,Wisconsin,1,@,Minnesota Duluth,1,OT,,wc,True,False,False,True,20252026,,,,,,,0,0.5
Fri.,2026-01-09,6:00 ET,Connecticut,2,@,Maine,1,,,he,True,False,False,False,20252026,,,,,,,-1,0.0
Fri.,2026-01-09,3:00 ET,St. Michael's,1,@,LIU,4,,,new,True,False,False,False,20252026,,,,,,,3,1.0
Fri.,2026-01-09,6:00 ET,Boston College,1,@,Holy Cross,3,,,he,True,False,False,False,20252026,,,,,,,2,1.0
Fri.,2026-01-09,6:00 ET,Vermont,4,@,Merrimack,1,,,he,True,False,False,False,20252026,,,,,,,-3,0.0
Fri.,2026-01-09,3:00 ET,Yale,3,@,Dartmouth,0,,,ec,True,False,False,False,20252026,,,,,,,-3,0.0
Fri.,2026-01-09,6:00 ET,Brown,1,@,Harvard,2,OT,,ec,True,False,False,True,20252026,,,,,,,1,1.0
Fri.,2026-01-09,6:00 ET,St. Lawrence,2,@,Colgate,6,,,ec,True,False,False,False,20252026,,,,,,,4,1.0
Fri.,2026-01-09,3:00 ET,Clarkson,5,@,Cornell,5,OT,,ec,True,False,False,True,20252026,,,,,,,0,0.5
Fri.,2026-01-09,6:00 ET,Quinnipiac,5,@,RPI,1,,,ec,True,False,False,False,20252026,,,,,,,-4,0.0
Fri.,2026-01-09,6:00 ET,Princeton,3,@,Union,1,,,ec,True,False,False,False,20252026,,,,,,,-2,0.0
Fri.,2026-01-09,3:00 ET,Penn State,3,@,Mercyhurst,0,,,ah,True,False,False,False,20252026,,,,,,,-3,0.0
Fri.,2026-01-09,7:00 ET,Syracuse,3,@,Robert Morris,0,,,ah,True,False,False,False,20252026,,,,,,,-3,0.0
Fri.,2026-01-09,2:00 ET,Northeastern,5,@,Providence,2,,,he,True,False,False,False,20252026,,,,,,,-3,0.0
Fri.,2026-01-09,2:00 ET,RIT,8,@,Delaware,1,,,ah,True,False,False,False,20252026,,,,,,,-7,0.0
Sat.,2026-01-10,7:00 ET,Post,1,@,Assumption,4,,,new,True,False,False,False,20252026,,,,,,,3,1.0
Sat.,2026-01-10,2:00 ET,Saint Anselm,3,@,Stonehill,4,OT,,new,True,False,False,True,20252026,,,,,,,1,1.0
Sat.,2026-01-10,7:00 ET,Sacred Heart,1,@,Franklin Pierce,3,,,new,True,False,False,False,20252026,,,,,,,2,1.0
Sat.,2026-01-10,2:00 ET,St. Michael's,0,@,LIU,4,,,new,True,False,False,False,20252026,,,,,,,4,1.0
Sat.,2026-01-10,2:00 CT,Ohio State,5,@,St. Cloud State,1,,,wc,True,False,False,False,20252026,,,,,,,-4,0.0
Sat.,2026-01-10,2:02 CT,Wisconsin,5,@,Minnesota Duluth,1,,,wc,True,False,False,False,20252026,,,,,,,-4,0.0
Sat.,2026-01-10,2:02 CT,Bemidji State,1,@,St. Thomas,4,,,wc,True,False,False,False,20252026,,,,,,,3,1.0
Sat.,2026-01-10,7:30 CT,Minnesota State,3,@,Minnesota,4,,,wc,True,False,False,False,20252026,,,,,,,1,1.0
Sat.,2026-01-10,6:00 ET,Boston University,2,@,New Hampshire,1,,,he,True,False,False,False,20252026,,,,,,,-1,0.0
Sat.,2026-01-10,3:00 ET,Syracuse,2,@,Robert Morris,0,,,ah,True,False,False,False,20252026,,,,,,,-2,0.0
Sat.,2026-01-10,2:00 ET,Vermont,3,@,Merrimack,3,OT,,he,True,False,False,True,20252026,,,,,,,0,0.5
Sat.,2026-01-10,3:00 ET,Quinnipiac,5,@,Union,1,,,ec,True,False,False,False,20252026,,,,,,,-4,0.0
Sat.,2026-01-10,3:00 ET,Brown,0,@,Dartmouth,0,OT,,ec,True,False,False,True,20252026,,,,,,,0,0.5
Sat.,2026-01-10,3:00 ET,Princeton,4,@,RPI,0,,,ec,True,False,False,False,20252026,,,,,,,-4,0.0
Sat.,2026-01-10,3:00 ET,Clarkson,2,@,Colgate,5,,,ec,True,False,False,False,20252026,,,,,,,3,1.0
Sat.,2026-01-10,3:00 ET,St. Lawrence,2,@,Cornell,5,,,ec,True,False,False,False,20252026,,,,,,,3,1.0
Sat.,2026-01-10,3:00 ET,Yale,3,@,Harvard,2,,,ec,True,False,False,False,20252026,,,,,,,-1,0.0
Sat.,2026-01-10,1:00 ET,Penn State,3,@,Mercyhurst,4,OT,,ah,True,False,False,True,20252026,,,,,,,1,1.0
Sat.,2026-01-10,4:00 ET,Connecticut,4,@,Maine,3,,,he,True,False,False,False,20252026,,,,,,,-1,0.0
Tue.,2026-01-13,7:30 ET,Northeastern,1,@,Boston University,2,OT,,nc,True,False,False,True,20252026,,,,,,,1,1.0
Tue.,2026-01-13,4:00 ET,Harvard,2,vs,Boston College,1,,,nc,True,True,False,False,20252026,,,,,,,-1,0.0
Thu.,2026-01-15,3:00 ET,Merrimack,1,@,Connecticut,8,,,he,True,False,False,False,20252026,,,,,,,7,1.0
Fri.,2026-01-16,6:00 ET,Maine,2,@,Vermont,2,OT,,he,True,False,False,True,20252026,,,,,,,0,0.5
Fri.,2026-01-16,7:02 CT,Minnesota,5,@,Bemidji State,3,,,wc,True,False,False,False,20252026,,,,,,,-2,0.0
Fri.,2026-01-16,6:02 CT,Ohio State,7,@,Minnesota State,4,,,wc,True,False,False,False,20252026,,,,,,,-3,0.0
Fri.,2026-01-16,2:00 CT,Wisconsin,5,@,St. Thomas,1,,,wc,True,False,False,False,20252026,,,,,,,-4,0.0
Fri.,2026-01-16,3:00 ET,Assumption,3,@,LIU,2,,,new,True,False,False,False,20252026,,,,,,,-1,0.0
Fri.,2026-01-16,2:00 ET,Stonehill,4,@,Sacred Heart,1,,,new,True,False,False,False,20252026,,,,,,,-3,0.0
Fri.,2026-01-16,7:20 ET,Saint Anselm,5,@,St. Michael's,0,,,new,True,False,False,False,20252026,,,,,,,-5,0.0
Fri.,2026-01-16,7:00 ET,Post,0,@,Franklin Pierce,2,,,new,True,False,False,False,20252026,,,,,,,2,1.0
Fri.,2026-01-16,2:00 ET,Providence,2,@,Boston College,8,,,he,True,False,False,False,20252026,,,,,,,6,1.0
Fri.,2026-01-16,6:02 CT,St. Cloud State,2,@,Minnesota Duluth,2,OT,,wc,True,False,False,True,20252026,,,,,,,0,0.5
Fri.,2026-01-16,2:00 ET,Connecticut,1,@,Merrimack,2,OT,,he,True,False,False,True,20252026,,,,,,,1,1.0
Fri.,2026-01-16,6:00 ET,Cornell,3,@,Brown,1,,,ec,True,False,False,False,20252026,,,,,,,-2,0.0
Fri.,2026-01-16,6:00 ET,Penn State,4,@,Syracuse,1,,,ah,True,False,False,False,20252026,,,,,,,-3,0.0
Fri.,2026-01-16,3:00 CT,Delaware,2,@,Lindenwood,3,,,ah,True,False,False,False,20252026,,,,,,,1,1.0
Fri.,2026-01-16,6:00 ET,Mercyhurst,5,@,RIT,3,,,ah,True,False,False,False,20252026,,,,,,,-2,0.0
Fri.,2026-01-16,6:00 ET,Colgate,0,@,Yale,3,,,ec,True,False,False,False,20252026,,,,,,,3,1.0
Fri.,2026-01-16,6:00 ET,Harvard,1,@,Princeton,3,,,ec,True,False,False,False,20252026,,,,,,,2,1.0
Fri.,2026-01-16,6:00 ET,Dartmouth,0,@,Quinnipiac,4,,,ec,True,False,False,False,20252026,,,,,,,4,1.0
Fri.,2026-01-16,6:00 ET,RPI,1,@,Clarkson,7,,,ec,True,False,False,False,20252026,,,,,,,6,1.0
Fri.,2026-01-16,6:00 ET,Union,2,@,St. Lawrence,5,,,ec,True,False,False,False,20252026,,,,,,,3,1.0
Sat.,2026-01-17,2:00 CT,Wisconsin,5,@,St. Thomas,1,,,wc,True,False,False,False,20252026,,,,,,,-4,0.0
Sat.,2026-01-17,3:02 CT,Ohio State,4,@,Minnesota State,1,,,wc,True,False,False,False,20252026,,,,,,,-3,0.0
Sat.,2026-01-17,3:32 CT,Minnesota,11,@,Bemidji State,1,,,wc,True,False,False,False,20252026,,,,,,,-10,0.0
Sat.,2026-01-17,3:02 CT,St. Cloud State,5,@,Minnesota Duluth,2,,,wc,True,False,False,False,20252026,,,,,,,-3,0.0
Sat.,2026-01-17,2:00 ET,Assumption,0,@,LIU,1,,,new,True,False,False,False,20252026,,,,,,,1,1.0
Sat.,2026-01-17,3:20 ET,Saint Anselm,4,@,St. Michael's,0,,,new,True,False,False,False,20252026,,,,,,,-4,0.0
Sat.,2026-01-17,2:00 ET,Stonehill,2,@,Sacred Heart,2,OT,,new,True,False,False,True,20252026,,,,,,,0,0.5
Sat.,2026-01-17,7:00 ET,Post,2,@,Franklin Pierce,4,,,new,True,False,False,False,20252026,,,,,,,2,1.0
Sat.,2026-01-17,6:00 ET,Northeastern,2,@,New Hampshire,1,,,he,True,False,False,False,20252026,,,,,,,-1,0.0
Sat.,2026-01-17,2:00 ET,Maine,1,@,Vermont,2,OT,,he,True,False,False,True,20252026,,,,,,,1,1.0
Sat.,2026-01-17,6:00 ET,Holy Cross,4,@,Boston University,2,,,he,True,False,False,False,20252026,,,,,,,-2,0.0
Sat.,2026-01-17,3:00 ET,Union,1,@,Clarkson,5,,,ec,True,False,False,False,20252026,,,,,,,4,1.0
Sat.,2026-01-17,3:00 ET,RPI,2,@,St. Lawrence,5,,,ec,True,False,False,False,20252026,,,,,,,3,1.0
Sat.,2026-01-17,3:00 ET,Cornell,1,@,Yale,3,,,ec,True,False,False,False,20252026,,,,,,,2,1.0
Sat.,2026-01-17,3:00 ET,Dartmouth,0,@,Princeton,5,,,ec,True,False,False,False,20252026,,,,,,,5,1.0
Sat.,2026-01-17,3:00 ET,Mercyhurst,2,@,RIT,1,OT,,ah,True,False,False,True,20252026,,,,,,,-1,0.0
Sat.,2026-01-17,3:00 ET,Penn State,3,@,Syracuse,2,,,ah,True,False,False,False,20252026,,,,,,,-1,0.0
Sat.,2026-01-17,12:00 CT,Delaware,3,@,Lindenwood,6,,,ah,True,False,False,False,20252026,,,,,,,3,1.0
Sat.,2026-01-17,3:00 ET,Harvard,1,@,Quinnipiac,4,,,ec,True,False,False,False,20252026,,,,,,,3,1.0
Sat.,2026-01-17,3:00 ET,Colgate,2,@,Brown,6,,,ec,True,False,False,False,20252026,,,,,,,4,1.0
Mon.,2026-01-19,6:00 ET,Providence,2,@,Yale,4,,,nc,True,False,False,False,20252026,,,,,,,2,1.0
Tue.,2026-01-20,6:00 ET,Clarkson,5,@,St. Lawrence,0,,,ec,True,False,False,False,20252026,,,,,,,-5,0.0
Tue.,2026-01-20,6:00 ET,Penn State,5,@,Cornell,1,,,nc,True,False,False,False,20252026,,,,,,,-4,0.0
Tue.,2026-01-20,4:30 ET,Boston College,2,vs,Northeastern,3,,,nc,True,True,False,False,20252026,,,,,,,1,1.0
Tue.,2026-01-20,7:30 ET,Harvard,2,vs,Boston University,1,OT,,nc,True,True,False,True,20252026,,,,,,,-1,0.0
Fri.,2026-01-23,2:00 ET,Assumption,2,@,Franklin Pierce,0,,,new,True,False,False,False,20252026,,,,,,,-2,0.0
Fri.,2026-01-23,6:01 ET,St. Thomas,1,@,Ohio State,2,OT,,wc,True,False,False,True,20252026,,,,,,,1,1.0
Fri.,2026-01-23,6:00 CT,Minnesota,8,@,St. Cloud State,1,,,wc,True,False,False,False,20252026,,,,,,,-7,0.0
Fri.,2026-01-23,6:02 CT,Minnesota Duluth,0,@,Minnesota State,0,OT,,wc,True,False,False,True,20252026,,,,,,,0,0.5
Fri.,2026-01-23,6:00 ET,LIU,3,@,Stonehill,2,,,new,True,False,False,False,20252026,,,,,,,-1,0.0
Fri.,2026-01-23,5:00 ET,Saint Anselm,2,@,Sacred Heart,5,,,new,True,False,False,False,20252026,,,,,,,3,1.0
Fri.,2026-01-23,8:00 ET,St. Michael's,1,@,Post,2,,,new,True,False,False,False,20252026,,,,,,,1,1.0
Fri.,2026-01-23,6:00 ET,Vermont,5,@,Boston University,2,,,he,True,False,False,False,20252026,,,,,,,-3,0.0
Fri.,2026-01-23,6:00 ET,Providence,1,@,Holy Cross,2,,,he,True,False,False,False,20252026,,,,,,,1,1.0
Fri.,2026-01-23,2:00 ET,Merrimack,2,@,Maine,0,,,he,True,False,False,False,20252026,,,,,,,-2,0.0
Fri.,2026-01-23,6:00 ET,Cornell,6,@,Princeton,1,,,ec,True,False,False,False,20252026,,,,,,,-5,0.0
Fri.,2026-01-23,6:00 ET,St. Lawrence,1,@,Harvard,1,OT,,ec,True,False,False,True,20252026,,,,,,,0,0.5
Fri.,2026-01-23,6:00 ET,Clarkson,2,@,Dartmouth,1,OT,,ec,True,False,False,True,20252026,,,,,,,-1,0.0
Fri.,2026-01-23,6:00 ET,Colgate,1,@,Quinnipiac,5,,,ec,True,False,False,False,20252026,,,,,,,4,1.0
Fri.,2026-01-23,6:00 ET,Delaware,0,@,Penn State,5,,,ah,True,False,False,False,20252026,,,,,,,5,1.0
Fri.,2026-01-23,3:00 ET,Robert Morris,1,@,Mercyhurst,5,,,ah,True,False,False,False,20252026,,,,,,,4,1.0
Fri.,2026-01-23,4:00 ET,Lindenwood,1,@,Syracuse,2,,,ah,True,False,False,False,20252026,,,,,,,1,1.0
Fri.,2026-01-23,6:00 ET,Boston College,4,@,New Hampshire,1,,,he,True,False,False,False,20252026,,,,,,,-3,0.0
Sat.,2026-01-24,3:01 ET,St. Thomas,0,@,Ohio State,5,,,wc,True,False,False,False,20252026,,,,,,,5,1.0
Sat.,2026-01-24,2:00 ET,LIU,1,@,Stonehill,2,,,new,True,False,False,False,20252026,,,,,,,1,1.0
Sat.,2026-01-24,2:45 ET,St. Michael's,2,@,Post,4,,,new,True,False,False,False,20252026,,,,,,,2,1.0
Sat.,2026-01-24,7:10 ET,Franklin Pierce,3,@,Assumption,3,OT,,new,True,False,False,True,20252026,,,,,,,0,0.5
Sat.,2026-01-24,3:00 ET,Union,4,vs,RPI,3,,,nc,True,True,False,False,20252026,,,,,,,-1,0.0
Sat.,2026-01-24,1:00 ET,RIT,4,@,Brown,0,,,nc,True,False,False,False,20252026,,,,,,,-4,0.0
Sat.,2026-01-24,2:02 CT,Minnesota Duluth,3,@,Minnesota State,0,,,wc,True,False,False,False,20252026,,,,,,,-3,0.0
Sat.,2026-01-24,2:00 CT,St. Cloud State,1,@,Minnesota,5,,,wc,True,False,False,False,20252026,,,,,,,4,1.0
Sat.,2026-01-24,1:00 CT,Bemidji State,3,@,Wisconsin,10,,,wc,True,False,False,False,20252026,,,,,,,7,1.0
Sat.,2026-01-24,2:00 ET,Saint Anselm,1,@,Sacred Heart,3,,,new,True,False,False,False,20252026,,,,,,,2,1.0
Sat.,2026-01-24,2:00 ET,New Hampshire,6,@,Boston College,2,,,he,True,False,False,False,20252026,,,,,,,-4,0.0
Sat.,2026-01-24,3:00 ET,St. Lawrence,2,@,Dartmouth,1,OT,,ec,True,False,False,True,20252026,,,,,,,-1,0.0
Sat.,2026-01-24,2:00 ET,Merrimack,2,@,Maine,4,,,he,True,False,False,False,20252026,,,,,,,2,1.0
Sat.,2026-01-24,3:00 ET,Holy Cross,3,@,Providence,0,,,he,True,False,False,False,20252026,,,,,,,-3,0.0
Sat.,2026-01-24,3:00 ET,Northeastern,1,@,Connecticut,0,,,he,True,False,False,False,20252026,,,,,,,-1,0.0
Sat.,2026-01-24,3:00 ET,Clarkson,3,@,Harvard,1,,,ec,True,False,False,False,20252026,,,,,,,-2,0.0
Sat.,2026-01-24,3:00 ET,Colgate,3,@,Princeton,2,OT,,ec,True,False,False,True,20252026,,,,,,,-1,0.0
Sat.,2026-01-24,3:00 ET,Cornell,0,@,Quinnipiac,4,,,ec,True,False,False,False,20252026,,,,,,,4,1.0
Sat.,2026-01-24,2:00 ET,Delaware,0,@,Penn State,7,,,ah,True,False,False,False,20252026,,,,,,,7,1.0
Sat.,2026-01-24,1:00 ET,Lindenwood,4,@,Syracuse,0,,,ah,True,False,False,False,20252026,,,,,,,-4,0.0
Sat.,2026-01-24,1:00 ET,Robert Morris,1,@,Mercyhurst,5,,,ah,True,False,False,False,20252026,,,,,,,4,1.0
Sat.,2026-01-24,4:00 ET,Vermont,2,@,Boston University,1,,,he,True,False,False,False,20252026,,,,,,,-1,0.0
Sun.,2026-01-25,11:00 CT,Bemidji State,1,@,Wisconsin,6,,,wc,True,False,False,False,20252026,,,,,,,5,1.0
Sun.,2026-01-25,6:30 ET,Northeastern,4,@,Connecticut,2,,,he,True,False,False,False,20252026,,,,,,,-2,0.0
Thu.,2026-01-29,7:00 ET,Holy Cross,2,@,Northeastern,2,OT,,he,True,False,False,True,20252026,,,,,,,0,0.5
Fri.,2026-01-30,2:00 ET,Providence,4,@,Vermont,1,,,he,True,False,False,False,20252026,,,,,,,-3,0.0
Fri.,2026-01-30,2:00 CT,St. Cloud State,2,@,St. Thomas,3,OT,,wc,True,False,False,True,20252026,,,,,,,1,1.0
Fri.,2026-01-30,6:00 CT,Minnesota State,3,@,Bemidji State,0,,,wc,True,False,False,False,20252026,,,,,,,-3,0.0
Fri.,2026-01-30,6:01 ET,Minnesota Duluth,2,@,Ohio State,6,,,wc,True,False,False,False,20252026,,,,,,,4,1.0
Fri.,2026-01-30,6:00 CT,Wisconsin,2,@,Minnesota,3,OT,,wc,True,False,False,True,20252026,,,,,,,1,1.0
Fri.,2026-01-30,3:00 ET,LIU,2,@,Franklin Pierce,1,OT,,new,True,False,False,True,20252026,,,,,,,-1,0.0
Fri.,2026-01-30,7:15 ET,Post,3,@,Saint Anselm,6,,,new,True,False,False,False,20252026,,,,,,,3,1.0
Fri.,2026-01-30,4:00 ET,Stonehill,0,@,Assumption,7,,,new,True,False,False,False,20252026,,,,,,,7,1.0
Fri.,2026-01-30,7:20 ET,Sacred Heart,3,@,St. Michael's,2,,,new,True,False,False,False,20252026,,,,,,,-1,0.0
Fri.,2026-01-30,6:00 ET,Maine,4,@,Boston College,3,,,he,True,False,False,False,20252026,,,,,,,-1,0.0
Fri.,2026-01-30,3:00 ET,Quinnipiac,1,@,Clarkson,4,,,ec,True,False,False,False,20252026,,,,,,,3,1.0
Fri.,2026-01-30,6:00 ET,Connecticut,1,@,New Hampshire,0,,,he,True,False,False,False,20252026,,,,,,,-1,0.0
Fri.,2026-01-30,2:00 ET,Boston University,3,@,Merrimack,0,,,he,True,False,False,False,20252026,,,,,,,-3,0.0
Fri.,2026-01-30,3:00 CT,RIT,2,@,Lindenwood,6,,,ah,True,False,False,False,20252026,,,,,,,4,1.0
Fri.,2026-01-30,6:00 ET,Mercyhurst,4,@,Delaware,0,,,ah,True,False,False,False,20252026,,,,,,,-4,0.0
Fri.,2026-01-30,6:00 ET,Yale,8,@,RPI,2,,,ec,True,False,False,False,20252026,,,,,,,-6,0.0
Fri.,2026-01-30,1:00 ET,Robert Morris,0,@,Penn State,3,,,ah,True,False,False,False,20252026,,,,,,,3,1.0
Fri.,2026-01-30,6:00 ET,Brown,7,@,Union,3,,,ec,True,False,False,False,20252026,,,,,,,-4,0.0
Fri.,2026-01-30,3:00 ET,Princeton,2,@,St. Lawrence,0,,,ec,True,False,False,False,20252026,,,,,,,-2,0.0
Fri.,2026-01-30,6:00 ET,Dartmouth,0,@,Cornell,5,,,ec,True,False,False,False,20252026,,,,,,,5,1.0
Fri.,2026-01-30,6:00 ET,Harvard,0,@,Colgate,3,,,ec,True,False,False,False,20252026,,,,,,,3,1.0
Sat.,2026-01-31,4:00 ET,Merrimack,1,@,Boston University,3,,,he,True,False,False,False,20252026,,,,,,,2,1.0
Sat.,2026-01-31,3:01 ET,Minnesota Duluth,1,@,Ohio State,3,,,wc,True,False,False,False,20252026,,,,,,,2,1.0
Sat.,2026-01-31,3:00 CT,Minnesota State,1,@,Bemidji State,2,,,wc,True,False,False,False,20252026,,,,,,,1,1.0
Sat.,2026-01-31,2:00 CT,St. Cloud State,2,@,St. Thomas,3,,,wc,True,False,False,False,20252026,,,,,,,1,1.0
Sat.,2026-01-31,3:00 ET,LIU,4,@,Franklin Pierce,3,,,new,True,False,False,False,20252026,,,,,,,-1,0.0
Sat.,2026-01-31,3:00 ET,Sacred Heart,3,@,St. Michael's,1,,,new,True,False,False,False,20252026,,,,,,,-2,0.0
Sat.,2026-01-31,1:00 ET,Post,2,@,Saint Anselm,5,,,new,True,False,False,False,20252026,,,,,,,3,1.0
Sat.,2026-01-31,2:00 ET,Assumption,2,@,Stonehill,4,,,new,True,False,False,False,20252026,,,,,,,2,1.0
Sat.,2026-01-31,2:00 ET,Providence,3,@,Vermont,2,,,he,True,False,False,False,20252026,,,,,,,-1,0.0
Sat.,2026-01-31,6:00 ET,New Hampshire,3,@,Connecticut,2,OT,,he,True,False,False,True,20252026,,,,,,,-1,0.0
Sat.,2026-01-31,2:00 CT,Wisconsin,6,@,Minnesota,1,,,wc,True,False,False,False,20252026,,,,,,,-5,0.0
Sat.,2026-01-31,2:00 ET,Princeton,6,@,Clarkson,1,,,ec,True,False,False,False,20252026,,,,,,,-5,0.0
Sat.,2026-01-31,2:00 ET,Quinnipiac,1,@,St. Lawrence,3,,,ec,True,False,False,False,20252026,,,,,,,2,1.0
Sat.,2026-01-31,3:00 ET,Dartmouth,2,@,Colgate,3,,,ec,True,False,False,False,20252026,,,,,,,1,1.0
Sat.,2026-01-31,3:00 ET,Yale,5,@,Union,2,,,ec,True,False,False,False,20252026,,,,,,,-3,0.0
Sat.,2026-01-31,3:00 ET,Harvard,3,@,Cornell,1,,,ec,True,False,False,False,20252026,,,,,,,-2,0.0
Sat.,2026-01-31,3:00 ET,Brown,4,@,RPI,0,,,ec,True,False,False,False,20252026,,,,,,,-4,0.0
Sat.,2026-01-31,2:00 ET,Mercyhurst,6,@,Delaware,1,,,ah,True,False,False,False,20252026,,,,,,,-5,0.0
Sat.,2026-01-31,6:00 ET,Robert Morris,2,@,Penn State,5,,,ah,True,False,False,False,20252026,,,,,,,3,1.0
Sat.,2026-01-31,1:00 CT,RIT,1,@,Lindenwood,5,,,ah,True,False,False,False,20252026,,,,,,,4,1.0
Sat.,2026-01-31,6:00 ET,Northeastern,2,@,Holy Cross,1,,,he,True,False,False,False,20252026,,,,,,,-1,0.0
Sun.,2026-02-01,2:00 ET,Maine,4,@,Boston College,5,OT,,he,True,False,False,True,20252026,,,,,,,1,1.0
Thu.,2026-02-05,7:30 ET,Boston University,0,@,Vermont,3,,,he,True,False,False,False,20252026,,,,,,,3,1.0
Thu.,2026-02-05,7:00 ET,Maine,1,@,Northeastern,5,,,he,True,False,False,False,20252026,,,,,,,4,1.0
Fri.,2026-02-06,12:00 CT,Minnesota,4,@,St. Thomas,1,,,wc,True,False,False,False,20252026,,,,,,,-3,0.0
Fri.,2026-02-06,3:02 CT,Bemidji State,2,@,Minnesota Duluth,3,,,wc,True,False,False,False,20252026,,,,,,,1,1.0
Fri.,2026-02-06,6:00 CT,Minnesota State,1,@,St. Cloud State,5,,,wc,True,False,False,False,20252026,,,,,,,4,1.0
Fri.,2026-02-06,3:00 ET,Saint Anselm,2,@,LIU,3,OT,,new,True,False,False,True,20252026,,,,,,,1,1.0
Fri.,2026-02-06,1:00 ET,Sacred Heart,3,@,Post,2,OT,,new,True,False,False,True,20252026,,,,,,,-1,0.0
Fri.,2026-02-06,7:00 ET,Stonehill,1,@,Franklin Pierce,2,OT,,new,True,False,False,True,20252026,,,,,,,1,1.0
Fri.,2026-02-06,7:00 ET,St. Michael's,1,@,Assumption,6,,,new,True,False,False,False,20252026,,,,,,,5,1.0
Fri.,2026-02-06,2:00 ET,Boston College,4,@,Holy Cross,3,OT,,he,True,False,False,True,20252026,,,,,,,-1,0.0
Fri.,2026-02-06,2:00 ET,Merrimack,2,@,New Hampshire,4,,,he,True,False,False,False,20252026,,,,,,,2,1.0
Fri.,2026-02-06,5:00 ET,Princeton,5,@,Dartmouth,0,,,ec,True,False,False,False,20252026,,,,,,,-5,0.0
Fri.,2026-02-06,6:00 ET,Clarkson,4,@,Yale,5,,,ec,True,False,False,False,20252026,,,,,,,1,1.0
Fri.,2026-02-06,3:00 ET,RPI,0,@,Cornell,3,,,ec,True,False,False,False,20252026,,,,,,,3,1.0
Fri.,2026-02-06,3:00 ET,Union,1,@,Colgate,2,,,ec,True,False,False,False,20252026,,,,,,,1,1.0
Fri.,2026-02-06,6:00 ET,St. Lawrence,2,@,Brown,3,,,ec,True,False,False,False,20252026,,,,,,,1,1.0
Fri.,2026-02-06,3:00 ET,Quinnipiac,1,@,Harvard,1,OT,,ec,True,False,False,True,20252026,,,,,,,0,0.5
Fri.,2026-02-06,3:00 ET,Delaware,2,@,Robert Morris,3,,,ah,True,False,False,False,20252026,,,,,,,1,1.0
Fri.,2026-02-06,6:00 ET,RIT,2,@,Syracuse,3,,,ah,True,False,False,False,20252026,,,,,,,1,1.0
Fri.,2026-02-06,4:00 CT,Penn State,6,@,Lindenwood,3,,,ah,True,False,False,False,20252026,,,,,,,-3,0.0
Fri.,2026-02-06,6:00 ET,Connecticut,2,@,Providence,1,OT,,he,True,False,False,True,20252026,,,,,,,-1,0.0
Sat.,2026-02-07,6:00 ET,New Hampshire,3,@,Holy Cross,2,,,he,True,False,False,False,20252026,,,,,,,-1,0.0
Sat.,2026-02-07,6:00 ET,Northeastern,3,@,Vermont,2,OT,,he,True,False,False,True,20252026,,,,,,,-1,0.0
Sat.,2026-02-07,7:00 ET,Post,0,@,Sacred Heart,1,OT,,new,True,False,False,True,20252026,,,,,,,1,1.0
Sat.,2026-02-07,3:00 ET,St. Michael's,0,@,Assumption,9,,,new,True,False,False,False,20252026,,,,,,,9,1.0
Sat.,2026-02-07,2:00 ET,Franklin Pierce,5,@,Stonehill,2,,,new,True,False,False,False,20252026,,,,,,,-3,0.0
Sat.,2026-02-07,2:02 CT,Bemidji State,0,@,Minnesota Duluth,5,,,wc,True,False,False,False,20252026,,,,,,,5,1.0
Sat.,2026-02-07,2:00 CT,St. Thomas,1,@,Minnesota,1,OT,,wc,True,False,False,True,20252026,,,,,,,0,0.5
Sat.,2026-02-07,2:00 CT,Minnesota State,4,@,St. Cloud State,1,,,wc,True,False,False,False,20252026,,,,,,,-3,0.0
Sat.,2026-02-07,3:00 CT,Ohio State,4,@,Wisconsin,1,,,wc,True,False,False,False,20252026,,,,,,,-3,0.0
Sat.,2026-02-07,2:00 ET,Saint Anselm,2,@,LIU,3,OT,,new,True,False,False,True,20252026,,,,,,,1,1.0
Sat.,2026-02-07,7:00 ET,Providence,2,@,Merrimack,3,,,he,True,False,False,False,20252026,,,,,,,1,1.0
Sat.,2026-02-07,1:00 CT,Penn State,5,@,Lindenwood,0,,,ah,True,False,False,False,20252026,,,,,,,-5,0.0
Sat.,2026-02-07,4:00 ET,Maine,2,@,Boston University,0,,,he,True,False,False,False,20252026,,,,,,,-2,0.0
Sat.,2026-02-07,3:00 ET,St. Lawrence,1,@,Yale,4,,,ec,True,False,False,False,20252026,,,,,,,3,1.0
Sat.,2026-02-07,3:00 ET,Quinnipiac,3,@,Dartmouth,0,,,ec,True,False,False,False,20252026,,,,,,,-3,0.0
Sat.,2026-02-07,3:00 ET,Princeton,2,@,Harvard,3,,,ec,True,False,False,False,20252026,,,,,,,1,1.0
Sat.,2026-02-07,3:00 ET,RPI,1,@,Colgate,2,OT,,ec,True,False,False,True,20252026,,,,,,,1,1.0
Sat.,2026-02-07,3:00 ET,Clarkson,1,@,Brown,4,,,ec,True,False,False,False,20252026,,,,,,,3,1.0
Sat.,2026-02-07,3:00 ET,Union,0,@,Cornell,5,,,ec,True,False,False,False,20252026,,,,,,,5,1.0
Sat.,2026-02-07,3:00 ET,Delaware,0,@,Robert Morris,6,,,ah,True,False,False,False,20252026,,,,,,,6,1.0
Sat.,2026-02-07,3:00 ET,Syracuse,2,@,RIT,4,,,ah,True,False,False,False,20252026,,,,,,,2,1.0
Sat.,2026-02-07,3:00 ET,Boston College,2,@,Connecticut,6,,,he,True,False,False,False,20252026,,,,,,,4,1.0
Sun.,2026-02-08,2:00 CT,Ohio State,1,@,Wisconsin,4,,,wc,True,False,False,False,20252026,,,,,,,3,1.0
Fri.,2026-02-13,2:00 CT,Bemidji State,2,@,St. Cloud State,6,,,wc,True,False,False,False,20252026,,,,,,,4,1.0
Fri.,2026-02-13,3:02 CT,Wisconsin,4,@,Minnesota State,1,,,wc,True,False,False,False,20252026,,,,,,,-3,0.0
Fri.,2026-02-13,6:02 CT,St. Thomas,0,@,Minnesota Duluth,3,,,wc,True,False,False,False,20252026,,,,,,,3,1.0
Fri.,2026-02-13,5:00 ET,LIU,1,@,Sacred Heart,3,,,new,True,False,False,False,20252026,,,,,,,2,1.0
Fri.,2026-02-13,6:00 ET,Saint Anselm,3,@,Assumption,5,,,new,True,False,False,False,20252026,,,,,,,2,1.0
Fri.,2026-02-13,7:45 ET,Stonehill,2,@,Post,1,OT,,new,True,False,False,True,20252026,,,,,,,-1,0.0
Fri.,2026-02-13,7:20 ET,Franklin Pierce,6,@,St. Michael's,0,,,new,True,False,False,False,20252026,,,,,,,-6,0.0
Fri.,2026-02-13,6:00 ET,Northeastern,5,@,Boston University,2,,,he,True,False,False,False,20252026,,,,,,,-3,0.0
Fri.,2026-02-13,2:00 ET,Connecticut,5,@,New Hampshire,1,,,he,True,False,False,False,20252026,,,,,,,-4,0.0
Fri.,2026-02-13,6:00 ET,Providence,2,@,Boston College,1,OT,,he,True,False,False,True,20252026,,,,,,,-1,0.0
Fri.,2026-02-13,6:01 ET,Minnesota,2,@,Ohio State,4,,,wc,True,False,False,False,20252026,,,,,,,2,1.0
Fri.,2026-02-13,2:00 ET,Holy Cross,1,@,Merrimack,1,OT,,he,True,False,False,True,20252026,,,,,,,0,0.5
Fri.,2026-02-13,2:00 ET,Vermont,2,@,Maine,2,OT,,he,True,False,False,True,20252026,,,,,,,0,0.5
Fri.,2026-02-13,6:00 ET,Syracuse,2,@,Mercyhurst,2,OT,,ah,True,False,False,True,20252026,,,,,,,0,0.5
Fri.,2026-02-13,7:00 ET,Lindenwood,3,@,Robert Morris,2,OT,,ah,True,False,False,True,20252026,,,,,,,-1,0.0
Fri.,2026-02-13,6:00 ET,Yale,2,@,Princeton,0,,,ec,True,False,False,False,20252026,,,,,,,-2,0.0
Fri.,2026-02-13,6:00 ET,RIT,3,@,Penn State,2,OT,,ah,True,False,False,True,20252026,,,,,,,-1,0.0
Fri.,2026-02-13,3:00 ET,Harvard,1,@,RPI,4,,,ec,True,False,False,False,20252026,,,,,,,3,1.0
Fri.,2026-02-13,6:00 ET,Cornell,4,@,St. Lawrence,3,OT,,ec,True,False,False,True,20252026,,,,,,,-1,0.0
Fri.,2026-02-13,6:00 ET,Brown,2,@,Quinnipiac,5,,,ec,True,False,False,False,20252026,,,,,,,3,1.0
Fri.,2026-02-13,6:00 ET,Colgate,3,@,Clarkson,4,OT,,ec,True,False,False,True,20252026,,,,,,,1,1.0
Fri.,2026-02-13,3:00 ET,Dartmouth,0,@,Union,1,,,ec,True,False,False,False,20252026,,,,,,,1,1.0
Sat.,2026-02-14,3:00 ET,Holy Cross,2,@,Providence,3,,,he,True,False,False,False,20252026,,,,,,,1,1.0
Sat.,2026-02-14,3:01 ET,Minnesota,1,@,Ohio State,3,,,wc,True,False,False,False,20252026,,,,,,,2,1.0
Sat.,2026-02-14,2:02 CT,Wisconsin,5,@,Minnesota State,1,,,wc,True,False,False,False,20252026,,,,,,,-4,0.0
Sat.,2026-02-14,1:00 CT,Bemidji State,0,@,St. Cloud State,5,,,wc,True,False,False,False,20252026,,,,,,,5,1.0
Sat.,2026-02-14,7:00 ET,Sacred Heart,0,@,LIU,1,,,new,True,False,False,False,20252026,,,,,,,1,1.0
Sat.,2026-02-14,3:00 ET,Assumption,4,@,Saint Anselm,2,,,new,True,False,False,False,20252026,,,,,,,-2,0.0
Sat.,2026-02-14,2:15 ET,Stonehill,2,@,Post,3,,,new,True,False,False,False,20252026,,,,,,,1,1.0
Sat.,2026-02-14,3:30 ET,Franklin Pierce,5,@,St. Michael's,1,,,new,True,False,False,False,20252026,,,,,,,-4,0.0
Sat.,2026-02-14,2:00 ET,New Hampshire,3,@,Maine,0,,,he,True,False,False,False,20252026,,,,,,,-3,0.0
Sat.,2026-02-14,3:02 CT,St. Thomas,0,@,Minnesota Duluth,3,,,wc,True,False,False,False,20252026,,,,,,,3,1.0
Sat.,2026-02-14,3:00 ET,Brown,2,@,Princeton,3,OT,,ec,True,False,False,True,20252026,,,,,,,1,1.0
Sat.,2026-02-14,4:00 ET,Connecticut,2,@,Boston University,0,,,he,True,False,False,False,20252026,,,,,,,-2,0.0
Sat.,2026-02-14,1:00 ET,Lindenwood,8,@,Robert Morris,5,,,ah,True,False,False,False,20252026,,,,,,,-3,0.0
Sat.,2026-02-14,2:00 ET,RIT,2,@,Penn State,4,,,ah,True,False,False,False,20252026,,,,,,,2,1.0
Sat.,2026-02-14,3:00 ET,Colgate,4,@,St. Lawrence,2,,,ec,True,False,False,False,20252026,,,,,,,-2,0.0
Sat.,2026-02-14,1:00 ET,Syracuse,0,@,Mercyhurst,7,,,ah,True,False,False,False,20252026,,,,,,,7,1.0
Sat.,2026-02-14,3:00 ET,Dartmouth,5,@,RPI,3,,,ec,True,False,False,False,20252026,,,,,,,-2,0.0
Sat.,2026-02-14,3:00 ET,Yale,3,@,Quinnipiac,4,OT,,ec,True,False,False,True,20252026,,,,,,,1,1.0
Sat.,2026-02-14,3:00 ET,Harvard,2,@,Union,1,,,ec,True,False,False,False,20252026,,,,,,,-1,0.0
Sat.,2026-02-14,3:00 ET,Cornell,2,@,Clarkson,1,,,ec,True,False,False,False,20252026,,,,,,,-1,0.0
Sun.,2026-02-15,3:30 ET,Boston College,1,@,Northeastern,0,OT,,he,True,False,False,True,20252026,,,,,,,-1,0.0
Sun.,2026-02-15,2:00 ET,Merrimack,3,@,Vermont,2,,,he,True,False,False,False,20252026,,,,,,,-1,0.0
Thu.,2026-02-19,1:00 CT,Delaware,2,vs,Robert Morris,3,OT,,nc,True,True,False,True,20252026,,,,,,,1,1.0
Thu.,2026-02-19,3:30 ET,Maine,2,@,Merrimack,0,,,he,True,False,False,False,20252026,,,,,,,-2,0.0
Fri.,2026-02-20,2:00 CT,Minnesota State,5,@,St. Thomas,2,,,wc,True,False,False,False,20252026,,,,,,,-3,0.0
Fri.,2026-02-20,7:10 ET,Sacred Heart,4,@,Assumption,3,OT,,new,True,False,False,True,20252026,,,,,,,-1,0.0
Fri.,2026-02-20,6:02 CT,Ohio State,7,@,Bemidji State,1,,,wc,True,False,False,False,20252026,,,,,,,-6,0.0
Fri.,2026-02-20,6:00 CT,Minnesota Duluth,3,@,Minnesota,2,OT,,wc,True,False,False,True,20252026,,,,,,,-1,0.0
Fri.,2026-02-20,3:00 ET,Post,2,@,LIU,3,,,new,True,False,False,False,20252026,,,,,,,1,1.0
Fri.,2026-02-20,5:00 ET,St. Michael's,4,@,Stonehill,6,,,new,True,False,False,False,20252026,,,,,,,2,1.0
Fri.,2026-02-20,2:00 ET,New Hampshire,2,@,Boston College,5,,,he,True,False,False,False,20252026,,,,,,,3,1.0
Fri.,2026-02-20,6:00 ET,Providence,1,@,Boston University,3,,,he,True,False,False,False,20252026,,,,,,,2,1.0
Fri.,2026-02-20,6:00 ET,Vermont,2,@,Holy Cross,1,OT,,he,True,False,False,True,20252026,,,,,,,-1,0.0
Fri.,2026-02-20,6:00 ET,Northeastern,3,@,Connecticut,2,OT,,he,True,False,False,True,20252026,,,,,,,-1,0.0
Fri.,2026-02-20,3:00 ET,Union,2,@,Clarkson,1,,,nc,True,False,False,False,20252026,,,,,,,-1,0.0
Fri.,2026-02-20,6:00 ET,RPI,2,@,Colgate,4,,,nc,True,False,False,False,20252026,,,,,,,2,1.0
Fri.,2026-02-20,3:00 ET,Saint Anselm,2,@,Franklin Pierce,4,,,new,True,False,False,False,20252026,,,,,,,2,1.0
Sat.,2026-02-21,2:00 ET,St. Michael's,1,@,Stonehill,4,,,new,True,False,False,False,20252026,,,,,,,3,1.0
Sat.,2026-02-21,2:00 CT,Minnesota State,4,@,St. Thomas,3,OT,,wc,True,False,False,True,20252026,,,,,,,-1,0.0
Sat.,2026-02-21,1:00 CT,St. Cloud State,2,@,Wisconsin,9,,,wc,True,False,False,False,20252026,,,,,,,7,1.0
Sat.,2026-02-21,2:00 CT,Minnesota Duluth,2,@,Minnesota,1,OT,,wc,True,False,False,True,20252026,,,,,,,-1,0.0
Sat.,2026-02-21,2:45 ET,LIU,4,@,Post,1,,,new,True,False,False,False,20252026,,,,,,,-3,0.0
Sat.,2026-02-21,1:00 ET,Assumption,3,@,Sacred Heart,2,,,new,True,False,False,False,20252026,,,,,,,-1,0.0
Sat.,2026-02-21,1:00 ET,Franklin Pierce,2,@,Saint Anselm,6,,,new,True,False,False,False,20252026,,,,,,,4,1.0
Sat.,2026-02-21,3:02 CT,Ohio State,6,@,Bemidji State,3,,,wc,True,False,False,False,20252026,,,,,,,-3,0.0
Sat.,2026-02-21,2:00 ET,Boston University,0,@,Boston College,4,,,he,True,False,False,False,20252026,,,,,,,4,1.0
Sat.,2026-02-21,4:00 ET,Northeastern,4,@,Providence,2,,,he,True,False,False,False,20252026,,,,,,,-2,0.0
Sat.,2026-02-21,3:00 ET,Merrimack,3,@,Connecticut,5,,,he,True,False,False,False,20252026,,,,,,,2,1.0
Sat.,2026-02-21,3:00 ET,St. Lawrence,2,@,Harvard,3,OT,,nc,True,False,False,True,20252026,,,,,,,1,1.0
Sat.,2026-02-21,3:00 ET,Dartmouth,2,@,Brown,7,,,nc,True,False,False,False,20252026,,,,,,,5,1.0
Sat.,2026-02-21,3:00 ET,Syracuse,4,@,RIT,3,2OT,,nc,True,False,False,True,20252026,,,,,,,-1,0.0
Sat.,2026-02-21,10:45am CT,Robert Morris,1,@,Lindenwood,3,,,nc,True,False,False,False,20252026,,,,,,,2,1.0
Sat.,2026-02-21,2:00 ET,Vermont,6,@,New Hampshire,5,OT,,he,True,False,False,True,20252026,,,,,,,-1,0.0
Sun.,2026-02-22,11:00 CT,St. Cloud State,2,@,Wisconsin,4,,,wc,True,False,False,False,20252026,,,,,,,2,1.0
Wed.,2026-02-25,5:00 ET,Merrimack,0,@,Maine,4,,,nc,True,False,False,False,20252026,,,,,,,4,1.0
Wed.,2026-02-25,6:00 ET,Providence,0,@,Boston University,3,,,nc,True,False,False,False,20252026,,,,,,,3,1.0
Fri.,2026-02-27,6:00 CT,Bemidji State,0,@,Wisconsin,7,,,nc,True,False,False,False,20252026,,,,,,,7,1.0
Fri.,2026-02-27,6:00 ET,St. Thomas,1,@,Ohio State,5,,,nc,True,False,False,False,20252026,,,,,,,4,1.0
Fri.,2026-02-27,2:00 CT,Minnesota State,0,@,Minnesota Duluth,2,,,nc,True,False,False,False,20252026,,,,,,,2,1.0
Fri.,2026-02-27,7:00 ET,St. Michael's,0,@,Franklin Pierce,8,,,nc,True,False,False,False,20252026,,,,,,,8,1.0
Fri.,2026-02-27,3:00 ET,Post,1,@,Assumption,2,OT,,nc,True,False,False,True,20252026,,,,,,,1,1.0
Fri.,2026-02-27,6:00 CT,St. Cloud State,1,@,Minnesota,0,OT,,nc,True,False,False,True,20252026,,,,,,,-1,0.0
Fri.,2026-02-27,7:00 ET,Sacred Heart,2,@,Saint Anselm,3,,,nc,True,False,False,False,20252026,,,,,,,1,1.0
Fri.,2026-02-27,3:00 ET,Union,2,@,Yale,4,,,nc,True,False,False,False,20252026,,,,,,,2,1.0
Fri.,2026-02-27,3:00 ET,Colgate,2,@,Cornell,3,OT,,nc,True,False,False,True,20252026,,,,,,,1,1.0
Fri.,2026-02-27,6:00 ET,Brown,3,@,Quinnipiac,6,,,nc,True,False,False,False,20252026,,,,,,,3,1.0
Fri.,2026-02-27,3:00 ET,Harvard,0,@,Princeton,1,,,nc,True,False,False,False,20252026,,,,,,,1,1.0
Fri.,2026-02-27,3:00 ET,Lindenwood,1,@,Mercyhurst,2,,,nc,True,False,False,False,20252026,,,,,,,1,1.0
Fri.,2026-02-27,3:00 ET,Syracuse,0,@,Penn State,7,,,nc,True,False,False,False,20252026,,,,,,,7,1.0
Fri.,2026-02-27,5:00 ET,LIU,0,@,Stonehill,3,,,nc,True,False,False,False,20252026,,,,,,,3,1.0
Sat.,2026-02-28,1:00 CT,Minnesota State,2,@,Minnesota Duluth,1,2OT,,nc,True,False,False,True,20252026,,,,,,,-1,0.0
Sat.,2026-02-28,3:00 ET,St. Thomas,1,@,Ohio State,4,,,nc,True,False,False,False,20252026,,,,,,,3,1.0
Sat.,2026-02-28,3:00 CT,Bemidji State,2,@,Wisconsin,3,OT,,nc,True,False,False,True,20252026,,,,,,,1,1.0
Sat.,2026-02-28,2:00 CT,St. Cloud State,1,@,Minnesota,4,,,nc,True,False,False,False,20252026,,,,,,,3,1.0
Sat.,2026-02-28,7:00 ET,Sacred Heart,1,@,Saint Anselm,3,,,nc,True,False,False,False,20252026,,,,,,,2,1.0
Sat.,2026-02-28,7:00 ET,St. Michael's,1,@,Franklin Pierce,5,,,nc,True,False,False,False,20252026,,,,,,,4,1.0
Sat.,2026-02-28,4:10 ET,Post,2,@,Assumption,1,,,nc,True,False,False,False,20252026,,,,,,,-1,0.0
Sat.,2026-02-28,1:00 ET,Vermont,3,@,Boston College,1,,,nc,True,False,False,False,20252026,,,,,,,-2,0.0
Sat.,2026-02-28,1:00 ET,LIU,3,@,Stonehill,4,OT,,nc,True,False,False,True,20252026,,,,,,,1,1.0
Sat.,2026-02-28,4:00 ET,Boston University,1,@,Northeastern,2,2OT,,nc,True,False,False,True,20252026,,,,,,,1,1.0
Sat.,2026-02-28,1:00 ET,Lindenwood,2,@,Mercyhurst,3,2OT,,nc,True,False,False,True,20252026,,,,,,,1,1.0
Sat.,2026-02-28,3:00 ET,Syracuse,1,@,Penn State,2,,,nc,True,False,False,False,20252026,,,,,,,1,1.0
Sat.,2026-02-28,3:00 ET,Union,1,@,Yale,6,,,nc,True,False,False,False,20252026,,,,,,,5,1.0
Sat.,2026-02-28,2:00 ET,New Hampshire,4,@,Holy Cross,5,,,nc,True,False,False,False,20252026,,,,,,,1,1.0
Sat.,2026-02-28,3:00 ET,Brown,3,@,Quinnipiac,2,OT,,nc,True,False,False,True,20252026,,,,,,,-1,0.0
Sat.,2026-02-28,3:00 ET,Harvard,3,@,Princeton,1,,,nc,True,False,False,False,20252026,,,,,,,-2,0.0
Sat.,2026-02-28,3:00 ET,Maine,1,@,Connecticut,6,,,nc,True,False,False,False,20252026,,,,,,,5,1.0
Sat.,2026-02-28,3:00 ET,Colgate,1,@,Cornell,3,,,nc,True,False,False,False,20252026,,,,,,,2,1.0
Sun.,2026-03-01,2:00 ET,Brown,4,@,Quinnipiac,5,,,nc,True,False,False,False,20252026,,,,,,,1,1.0
Sun.,2026-03-01,7:00 ET,Post,2,@,Assumption,4,,,nc,True,False,False,False,20252026,,,,,,,2,1.0
Sun.,2026-03-01,1:00 CT,Minnesota State,2,@,Minnesota Duluth,1,,,nc,True,False,False,False,20252026,,,,,,,-1,0.0
Sun.,2026-03-01,3:00 CT,St. Cloud State,1,@,Minnesota,6,,,nc,True,False,False,False,20252026,,,,,,,5,1.0
Sun.,2026-03-01,3:00 ET,Harvard,1,@,Princeton,5,,,nc,True,False,False,False,20252026,,,,,,,4,1.0
Tue.,2026-03-03,6:00 ET,Holy Cross,1,@,Connecticut,6,,,nc,True,False,False,False,20252026,,,,,,,5,1.0
Tue.,2026-03-03,6:00 ET,Vermont,1,@,Northeastern,3,,,nc,True,False,False,False,20252026,,,,,,,2,1.0
Wed.,2026-03-04,7:00 ET,Stonehill,1,@,Franklin Pierce,2,2OT,,nc,True,False,False,True,20252026,,,,,,,1,1.0
Wed.,2026-03-04,3:00 ET,Saint Anselm,2,@,Assumption,1,,,nc,True,False,False,False,20252026,,,,,,,-1,0.0
Thu.,2026-03-05,7:00 CT,Minnesota,0,vs,Ohio State,4,,,nc,True,True,False,False,20252026,,,,,,,4,1.0
Thu.,2026-03-05,4:00 CT,Minnesota State,2,vs,Wisconsin,7,,,nc,True,True,False,False,20252026,,,,,,,5,1.0
Fri.,2026-03-06,4:00 ET,Cornell,2,vs,Yale,7,,,nc,True,True,False,False,20252026,,,,,,,5,1.0
Fri.,2026-03-06,7:00 ET,Quinnipiac,2,vs,Princeton,1,OT,,nc,True,True,False,True,20252026,,,,,,,-1,0.0
Sat.,2026-03-07,2:00 ET,Mercyhurst,2,@,Penn State,3,,,nc,True,False,False,False,20252026,,,,,,,1,1.0
Sat.,2026-03-07,5:00 ET,Quinnipiac,5,vs,Yale,1,,,nc,True,True,False,False,20252026,,,,,,,-4,0.0
Sat.,2026-03-07,3:30 ET,Connecticut,2,@,Northeastern,1,2OT,,nc,True,False,False,True,20252026,,,,,,,-1,0.0
Sat.,2026-03-07,7:00 ET,Saint Anselm,0,@,Franklin Pierce,2,,,nc,True,False,False,False,20252026,,,,,,,2,1.0
Sat.,2026-03-07,2:00 CT,Ohio State,2,vs,Wisconsin,1,,,nc,True,True,False,False,20252026,,,,,,,-1,0.0
Thu.,2026-03-12,7:00 ET,Princeton,1,vs,Connecticut,4,,,nc,True,True,False,False,20252026,,,,,,,3,1.0
Thu.,2026-03-12,6:00 ET,Minnesota Duluth,0,vs,Yale,1,,,nc,True,True,False,False,20252026,,,,,,,1,1.0
Thu.,2026-03-12,7:00 CT,Franklin Pierce,0,vs,Quinnipiac,4,,,nc,True,True,False,False,20252026,,,,,,,4,1.0
Sat.,2026-03-14,2:00 ET,Connecticut,0,@,Penn State,3,,,nc,True,False,False,False,20252026,,,,,,,3,1.0
Sat.,2026-03-14,6:00 ET,Yale,1,@,Ohio State,6,,,nc,True,False,False,False,20252026,,,,,,,5,1.0
Sat.,2026-03-14,1:00 CT,Quinnipiac,0,@,Wisconsin,6,,,nc,True,False,False,False,20252026,,,,,,,6,1.0
Sat.,2026-03-14,2:00 CT,Northeastern,4,@,Minnesota,2,,,nc,True,False,False,False,20252026,,,,,,,-2,0.0
Fri.,2026-03-20,7:30 ET,Penn State,3,@,Wisconsin,4,OT,,nc,True,False,False,True,20252026,,,,,,,1,1.0
Fri.,2026-03-20,4:00 ET,Northeastern,0,vs,Ohio State,5,,,nc,True,True,False,False,20252026,,,,,,,5,1.0
Sun.,2026-03-22,4:00 ET,Wisconsin,3,vs,Ohio State,2,,,nc,True,True,False,False,20252026,,,,,,,-1,0.0
