Day,Date,Time,Visitor_Team,Visitor_Score,Location_Indicator,Home_Team,Home_Score,OT_Info,Notes,Type,Is_Final,Is_Neutral,Is_Exhibition,Is_OT,Season
Fri.,2024-09-27,7:00 AT,Grand Canyon,1,@,Alaska Anchorage,7,,,ex,True,False,True,False,20242025
Sat.,2024-09-28,7:07 AT,Grand Canyon,4,@,Alaska,5,,,ex,True,False,True,False,20242025
Fri.,2024-10-04,7:00 ET,USNTDP,2,@,Notre Dame,5,,,ex,True,False,True,False,20242025
Fri.,2024-10-04,7:07 ET,Bowling Green,2,@,Mercyhurst,1,,,nc,True,False,False,False,20242025
Fri.,2024-10-04,7:05 MT,Arizona State,8,@,Air Force,1,,,nc,True,False,False,False,20242025
Fri.,2024-10-04,7:00 ET,Minnesota State,5,@,Michigan,2,,,nc,True,False,False,False,20242025
Fri.,2024-10-04,4:07 ET,Michigan State,2,@,Lake Superior,1,OT,,nc,True,False,False,True,20242025
Fri.,2024-10-04,8:07 ET,Miami,3,@,Ferris State,3,OT,,nc,True,False,False,True,20242025
Fri.,2024-10-04,7:30 ET,Colgate,2,@,Connecticut,4,,,nc,True,False,False,False,20242025
Sat.,2024-10-05,6:00 ET,Western Michigan,1,@,USNTDP,1,,,ex,True,False,True,False,20242025
Sat.,2024-10-05,1:07 CT,Manitoba,2,@,St. Thomas,4,,,ex,True,False,True,False,20242025
Sat.,2024-10-05,6:07 ET,Northern Michigan,3,@,Michigan Tech,4,,,ex,True,False,True,False,20242025
Sat.,2024-10-05,1:40 CT,UNLV,1,@,Lindenwood,5,,,ex,True,False,True,False,20242025
Sat.,2024-10-05,7:30 ET,Simon Fraser,5,@,LIU,7,,,ex,True,False,True,False,20242025
Sat.,2024-10-05,1:00 ET,Providence,4,@,Union,1,,,ex,True,False,True,False,20242025
Sat.,2024-10-05,4:00 ET,Sacred Heart,2,@,Merrimack,3,,,ex,True,False,True,False,20242025
Sat.,2024-10-05,1:00 ET,Stonehill,1,@,New Hampshire,4,,,ex,True,False,True,False,20242025
Sat.,2024-10-05,6:00 MT,Briercrest College,0,@,Colorado College,8,,,ex,True,False,True,False,20242025
Sat.,2024-10-05,6:00 CT,Wisconsin,3,@,Omaha,2,OT,,ex,True,False,True,True,20242025
Sat.,2024-10-05,6:00 CT,Minnesota,5,@,St. Cloud State,1,,,ex,True,False,True,False,20242025
Sat.,2024-10-05,6:07 CT,Augustana,4,@,North Dakota,1,,,ex,True,False,True,False,20242025
Sat.,2024-10-05,7:07 ET,Bowling Green,5,@,Mercyhurst,4,OT,,nc,True,False,False,True,20242025
Sat.,2024-10-05,7:00 ET,Massachusetts,5,@,Bentley,4,,,nc,True,False,False,False,20242025
Sat.,2024-10-05,7:05 MT,Arizona State,3,@,Air Force,4,OT,,nc,True,False,False,True,20242025
Sat.,2024-10-05,6:00 ET,Minnesota State,1,@,Michigan,4,,,nc,True,False,False,False,20242025
Sat.,2024-10-05,4:07 ET,Michigan State,5,@,Lake Superior,1,,,nc,True,False,False,False,20242025
Sat.,2024-10-05,8:07 ET,Miami,4,@,Ferris State,4,OT,,nc,True,False,False,True,20242025
Sat.,2024-10-05,7:07 AT,Penn State,4,@,Alaska,3,OT,,nc,True,False,False,True,20242025
Sat.,2024-10-05,6:07 AT,Denver,6,@,Alaska Anchorage,2,,,nc,True,False,False,False,20242025
Sat.,2024-10-05,7:00 ET,Canisius,1,@,Clarkson,2,,,nc,True,False,False,False,20242025
Sat.,2024-10-05,7:00 ET,RIT,2,@,St. Lawrence,3,OT,,nc,True,False,False,True,20242025
Sat.,2024-10-05,7:00 ET,Holy Cross,2,@,Boston University,5,,,nc,True,False,False,False,20242025
Sat.,2024-10-05,7:00 ET,aic,0,@,Maine,6,,,nc,True,False,False,False,20242025
Sat.,2024-10-05,7:30 ET,Colgate,2,@,Connecticut,6,,,nc,True,False,False,False,20242025
Sat.,2024-10-05,5:07 CT,Bemidji State,4,@,Minnesota Duluth,3,OT,,nc,True,False,False,True,20242025
Sun.,2024-10-06,4:00 ET,Simon Fraser,3,@,Sacred Heart,7,,,ex,True,False,True,False,20242025
Sun.,2024-10-06,4:00 ET,UMass Lowell,6,@,Bentley,5,,,ex,True,False,True,False,20242025
Sun.,2024-10-06,2:00 ET,Niagara,2,@,Ohio State,3,OT,,ex,True,False,True,True,20242025
Sun.,2024-10-06,7:07 CT,UNLV,3,@,Lindenwood,6,,,ex,True,False,True,False,20242025
Sun.,2024-10-06,4:00 ET,Northeastern,4,@,Quinnipiac,2,,,ex,True,False,True,False,20242025
Sun.,2024-10-06,4:00 ET,McGill,0,@,Vermont,5,,,ex,True,False,True,False,20242025
Sun.,2024-10-06,3:00 ET,RPI,2,@,Massachusetts,1,OT,,ex,True,False,True,True,20242025
Sun.,2024-10-06,2:07 CT,Manitoba,2,@,Minnesota Duluth,7,,,ex,True,False,True,False,20242025
Sun.,2024-10-06,5:07 CT,St. Cloud State,1,@,St. Thomas,0,,,nc,True,False,False,False,20242025
Sun.,2024-10-06,5:07 AT,Penn State,5,@,Alaska,0,,,nc,True,False,False,False,20242025
Sun.,2024-10-06,5:07 AT,Denver,4,@,Alaska Anchorage,1,,,nc,True,False,False,False,20242025
Sun.,2024-10-06,4:00 ET,Canisius,2,@,St. Lawrence,5,,,nc,True,False,False,False,20242025
Sun.,2024-10-06,4:00 ET,Army,3,@,Union,4,OT,,nc,True,False,False,True,20242025
Sun.,2024-10-06,4:00 ET,RIT,3,@,Clarkson,2,,,nc,True,False,False,False,20242025
Sun.,2024-10-06,4:00 ET,Stonehill,3,@,Merrimack,2,OT,,nc,True,False,False,True,20242025
Thu.,2024-10-10,7:00 ET,Robert Morris,2,@,Bowling Green,7,,,ex,True,False,True,False,20242025
Fri.,2024-10-11,7:00 ET,RIT,2,@,Mercyhurst,4,,,ah,True,False,False,False,20242025
Fri.,2024-10-11,,Lake Superior,6,@,USNTDP,1,,,ex,True,False,True,False,20242025
Fri.,2024-10-11,3:00 ET,Simon Fraser,1,vs,Robert Morris,2,,,ex,True,True,True,False,20242025
Fri.,2024-10-11,7:30 PT,Air Force,1,vs,Minnesota,7,,,nc,True,True,False,False,20242025
Fri.,2024-10-11,4:00 PT,Massachusetts,2,vs,Omaha,3,OT,,nc,True,True,False,True,20242025
Fri.,2024-10-11,7:05 ET,RPI,6,@,Canisius,3,,,nc,True,False,False,False,20242025
Fri.,2024-10-11,7:00 ET,Connecticut,3,@,Holy Cross,4,,,nc,True,False,False,False,20242025
Fri.,2024-10-11,7:00 ET,aic,3,@,Ohio State,3,OT,,nc,True,False,False,True,20242025
Fri.,2024-10-11,7:00 CT,Lindenwood,4,@,Wisconsin,2,,,nc,True,False,False,False,20242025
Fri.,2024-10-11,6:00 ET,Boston College,3,@,Michigan State,0,,,nc,True,False,False,False,20242025
Fri.,2024-10-11,7:07 ET,Alaska,1,@,Michigan Tech,2,OT,,nc,True,False,False,True,20242025
Fri.,2024-10-11,7:07 CT,LIU,0,@,Augustana,4,,,nc,True,False,False,False,20242025
Fri.,2024-10-11,7:07 CT,Vermont,5,@,St. Thomas,5,OT,,nc,True,False,False,True,20242025
Fri.,2024-10-11,7:07 CT,Merrimack,1,@,Minnesota State,0,,,nc,True,False,False,False,20242025
Fri.,2024-10-11,7:00 ET,Union,4,@,Stonehill,2,,,nc,True,False,False,False,20242025
Fri.,2024-10-11,7:00 ET,Niagara,2,@,Clarkson,4,,,nc,True,False,False,False,20242025
Fri.,2024-10-11,7:00 ET,Sacred Heart,5,@,Colgate,6,OT,,nc,True,False,False,True,20242025
Fri.,2024-10-11,7:00 ET,Notre Dame,4,@,St. Lawrence,1,,,nc,True,False,False,False,20242025
Fri.,2024-10-11,7:15 ET,Minnesota Duluth,4,@,UMass Lowell,2,,,nc,True,False,False,False,20242025
Fri.,2024-10-11,3:30 MT,Michigan,4,@,Arizona State,1,,,nc,True,False,False,False,20242025
Fri.,2024-10-11,7:00 ET,Ferris State,1,@,Western Michigan,4,,,nc,True,False,False,False,20242025
Fri.,2024-10-11,7:00 MT,Northern Michigan,3,@,Colorado College,4,OT,,nc,True,False,False,True,20242025
Fri.,2024-10-11,7:30 CT,Bemidji State,3,@,St. Cloud State,4,,,nc,True,False,False,False,20242025
Fri.,2024-10-11,7:05 ET,Alaska Anchorage,2,@,Miami,3,,,nc,True,False,False,False,20242025
Sat.,2024-10-12,4:00 ET,RIT,4,@,Mercyhurst,2,,,ah,True,False,False,False,20242025
Sat.,2024-10-12,7:00 ET,USNTDP,2,@,Robert Morris,2,,,ex,True,False,True,False,20242025
Sat.,2024-10-12,,Simon Fraser,1,vs,Lake Superior,4,,,ex,True,True,True,False,20242025
Sat.,2024-10-12,2:00 ET,Army,0,@,Maine,5,,,ex,True,False,True,False,20242025
Sat.,2024-10-12,7:30 PT,Omaha,2,vs,Minnesota,1,OT,,nc,True,True,False,True,20242025
Sat.,2024-10-12,4:00 PT,Air Force,1,vs,Massachusetts,5,,,nc,True,True,False,False,20242025
Sat.,2024-10-12,7:05 ET,RPI,8,@,Canisius,3,,,nc,True,False,False,False,20242025
Sat.,2024-10-12,5:00 ET,aic,2,@,Ohio State,5,,,nc,True,False,False,False,20242025
Sat.,2024-10-12,6:00 CT,Lindenwood,2,@,Wisconsin,3,OT,,nc,True,False,False,True,20242025
Sat.,2024-10-12,6:00 ET,Boston College,3,@,Michigan State,4,,,nc,True,False,False,False,20242025
Sat.,2024-10-12,6:07 ET,Alaska,1,@,Michigan Tech,2,,,nc,True,False,False,False,20242025
Sat.,2024-10-12,6:07 CT,LIU,3,@,Augustana,2,,,nc,True,False,False,False,20242025
Sat.,2024-10-12,6:07 CT,Merrimack,1,@,Minnesota State,4,,,nc,True,False,False,False,20242025
Sat.,2024-10-12,6:07 CT,Vermont,1,@,St. Thomas,3,,,nc,True,False,False,False,20242025
Sat.,2024-10-12,7:07 ET,Western Michigan,5,@,Ferris State,1,,,nc,True,False,False,False,20242025
Sat.,2024-10-12,6:07 CT,St. Cloud State,3,@,Bemidji State,2,,,nc,True,False,False,False,20242025
Sat.,2024-10-12,4:00 ET,Sacred Heart,3,@,Colgate,3,OT,,nc,True,False,False,True,20242025
Sat.,2024-10-12,7:00 ET,Niagara,3,@,St. Lawrence,4,OT,,nc,True,False,False,True,20242025
Sat.,2024-10-12,7:00 ET,Penn State,2,@,Quinnipiac,3,,,nc,True,False,False,False,20242025
Sat.,2024-10-12,7:00 ET,Notre Dame,5,@,Clarkson,2,,,nc,True,False,False,False,20242025
Sat.,2024-10-12,7:00 ET,Bentley,1,@,New Hampshire,2,OT,,nc,True,False,False,True,20242025
Sat.,2024-10-12,3:30 ET,Holy Cross,1,@,Connecticut,3,,,nc,True,False,False,False,20242025
Sat.,2024-10-12,7:00 ET,Stonehill,1,@,Northeastern,5,,,nc,True,False,False,False,20242025
Sat.,2024-10-12,7:00 ET,Union,1,@,Boston University,4,,,nc,True,False,False,False,20242025
Sat.,2024-10-12,6:05 ET,Minnesota Duluth,1,@,UMass Lowell,4,,,nc,True,False,False,False,20242025
Sat.,2024-10-12,5:00 MT,Michigan,3,@,Arizona State,3,OT,,nc,True,False,False,True,20242025
Sat.,2024-10-12,6:00 MT,Northern Michigan,1,@,Colorado College,6,,,nc,True,False,False,False,20242025
Sat.,2024-10-12,7:05 ET,Alaska Anchorage,1,@,Miami,4,,,nc,True,False,False,False,20242025
Sat.,2024-10-12,6:07 CT,Providence,2,@,North Dakota,5,,,nc,True,False,False,False,20242025
Sun.,2024-10-13,5:07 ET,Simon Fraser,1,@,Bowling Green,4,,,ex,True,False,True,False,20242025
Thu.,2024-10-17,7:05 ET,Robert Morris,5,@,Miami,1,,,nc,True,False,False,False,20242025
Thu.,2024-10-17,7:00 ET,Bowling Green,2,@,Western Michigan,6,,,nc,True,False,False,False,20242025
Fri.,2024-10-18,7:00 CT,Ohio State,2,@,Wisconsin,1,OT,,b10,True,False,False,True,20242025
Fri.,2024-10-18,6:00 ET,Windsor,0,@,Michigan State,5,,,ex,True,False,True,False,20242025
Fri.,2024-10-18,7:00 ET,USNTDP,2,@,Harvard,5,,,ex,True,False,True,False,20242025
Fri.,2024-10-18,7:00 ET,New Hampshire,0,@,Merrimack,0,OT,,he,True,False,False,True,20242025
Fri.,2024-10-18,7:00 ET,Connecticut,2,@,Boston University,4,,,he,True,False,False,False,20242025
Fri.,2024-10-18,7:05 MT,Lindenwood,2,@,Air Force,3,,,nc,True,False,False,False,20242025
Fri.,2024-10-18,7:00 ET,LIU,1,@,Bentley,1,OT,,nc,True,False,False,True,20242025
Fri.,2024-10-18,7:00 ET,Alaska,1,@,Notre Dame,4,,,nc,True,False,False,False,20242025
Fri.,2024-10-18,7:00 ET,St. Cloud State,0,@,Michigan,3,,,nc,True,False,False,False,20242025
Fri.,2024-10-18,7:07 ET,Alaska Anchorage,1,@,Northern Michigan,2,,,nc,True,False,False,False,20242025
Fri.,2024-10-18,7:07 ET,Stonehill,4,@,Lake Superior,1,,,nc,True,False,False,False,20242025
Fri.,2024-10-18,7:07 CT,North Dakota,3,@,Minnesota State,2,,,nc,True,False,False,False,20242025
Fri.,2024-10-18,7:00 ET,Mercyhurst,2,@,Union,6,,,nc,True,False,False,False,20242025
Fri.,2024-10-18,7:00 ET,Niagara,3,@,RPI,3,OT,,nc,True,False,False,True,20242025
Fri.,2024-10-18,7:00 ET,Ferris State,1,@,St. Lawrence,0,,,nc,True,False,False,False,20242025
Fri.,2024-10-18,7:00 ET,aic,0,@,Boston College,5,,,nc,True,False,False,False,20242025
Fri.,2024-10-18,7:00 ET,Sacred Heart,4,@,Massachusetts,3,,,nc,True,False,False,False,20242025
Fri.,2024-10-18,7:00 ET,Quinnipiac,1,@,Maine,2,,,nc,True,False,False,False,20242025
Fri.,2024-10-18,7:15 ET,Colgate,2,@,UMass Lowell,5,,,nc,True,False,False,False,20242025
Fri.,2024-10-18,7:00 ET,Arizona State,1,@,Providence,4,,,nc,True,False,False,False,20242025
Fri.,2024-10-18,7:07 CT,Minnesota,7,@,Minnesota Duluth,5,,,nc,True,False,False,False,20242025
Fri.,2024-10-18,7:07 CT,Augustana,2,@,Omaha,1,,,nc,True,False,False,False,20242025
Fri.,2024-10-18,7:00 MT,Northeastern,2,@,Denver,5,,,nc,True,False,False,False,20242025
Sat.,2024-10-19,7:00 ET,Army,1,@,Holy Cross,0,,,ah,True,False,False,False,20242025
Sat.,2024-10-19,6:00 CT,Ohio State,2,@,Wisconsin,1,,,b10,True,False,False,False,20242025
Sat.,2024-10-19,7:00 ET,USNTDP,4,@,Boston College,8,,,ex,True,False,True,False,20242025
Sat.,2024-10-19,7:00 ET,Harvard,2,@,Boston University,2,OT,,ex,True,False,True,True,20242025
Sat.,2024-10-19,7:05 ET,Bowling Green,2,@,RIT,1,OT,,nc,True,False,False,True,20242025
Sat.,2024-10-19,7:00 ET,LIU,1,@,Bentley,3,,,nc,True,False,False,False,20242025
Sat.,2024-10-19,7:00 ET,Massachusetts,6,@,Sacred Heart,1,,,nc,True,False,False,False,20242025
Sat.,2024-10-19,7:00 ET,Miami,1,@,Robert Morris,4,,,nc,True,False,False,False,20242025
Sat.,2024-10-19,6:00 ET,Alaska,1,@,Notre Dame,0,,,nc,True,False,False,False,20242025
Sat.,2024-10-19,7:00 ET,St. Cloud State,4,@,Michigan,0,,,nc,True,False,False,False,20242025
Sat.,2024-10-19,6:07 ET,Stonehill,0,@,Lake Superior,3,,,nc,True,False,False,False,20242025
Sat.,2024-10-19,6:07 ET,Alaska Anchorage,5,@,Northern Michigan,3,,,nc,True,False,False,False,20242025
Sat.,2024-10-19,6:07 CT,North Dakota,0,@,Minnesota State,3,,,nc,True,False,False,False,20242025
Sat.,2024-10-19,5:00 ET,Mercyhurst,2,@,Union,3,,,nc,True,False,False,False,20242025
Sat.,2024-10-19,5:00 ET,Niagara,5,@,RPI,4,OT,,nc,True,False,False,True,20242025
Sat.,2024-10-19,7:00 ET,Ferris State,0,@,St. Lawrence,8,,,nc,True,False,False,False,20242025
Sat.,2024-10-19,7:30 ET,Clarkson,3,@,Vermont,1,,,nc,True,False,False,False,20242025
Sat.,2024-10-19,7:30 ET,Quinnipiac,5,@,Maine,6,OT,,nc,True,False,False,True,20242025
Sat.,2024-10-19,6:05 ET,Colgate,1,@,UMass Lowell,2,,,nc,True,False,False,False,20242025
Sat.,2024-10-19,4:00 ET,Arizona State,1,@,Providence,2,,,nc,True,False,False,False,20242025
Sat.,2024-10-19,6:07 CT,Minnesota,5,@,Minnesota Duluth,1,,,nc,True,False,False,False,20242025
Sat.,2024-10-19,7:07 CT,Augustana,4,@,Omaha,0,,,nc,True,False,False,False,20242025
Sat.,2024-10-19,6:00 MT,Northeastern,2,@,Denver,5,,,nc,True,False,False,False,20242025
Sun.,2024-10-20,5:00 ET,Army,3,@,Holy Cross,5,,,ah,True,False,False,False,20242025
Sun.,2024-10-20,3:35 MT,Lindenwood,1,@,Air Force,2,,,nc,True,False,False,False,20242025
Tue.,2024-10-22,6:00 ET,Mercyhurst,3,@,Canisius,6,,,ah,True,False,False,False,20242025
Fri.,2024-10-25,7:00 ET,Bentley,6,@,Army,3,,,ah,True,False,False,False,20242025
Fri.,2024-10-25,7:00 ET,Niagara,7,@,Robert Morris,3,,,ah,True,False,False,False,20242025
Fri.,2024-10-25,7:00 ET,Holy Cross,2,@,Sacred Heart,1,OT,,ah,True,False,False,True,20242025
Fri.,2024-10-25,1:00 ET,Air Force,2,@,aic,1,OT,,ah,True,False,False,True,20242025
Fri.,2024-10-25,7:07 ET,Bemidji State,2,@,Ferris State,4,,,cc2,True,False,False,False,20242025
Fri.,2024-10-25,7:00 ET,Union,6,@,RPI,3,,,ec,True,False,False,False,20242025
Fri.,2024-10-25,7:00 ET,USNTDP,4,@,Michigan,5,OT,,ex,True,False,True,True,20242025
Fri.,2024-10-25,7:00 ET,Maine,4,@,Northeastern,1,,,he,True,False,False,False,20242025
Fri.,2024-10-25,7:00 ET,Connecticut,3,@,Massachusetts,3,OT,,he,True,False,False,True,20242025
Fri.,2024-10-25,7:00 ET,Providence,3,@,Vermont,2,OT,,he,True,False,False,True,20242025
Fri.,2024-10-25,7:00 ET,Michigan State,3,@,Canisius,0,,,nc,True,False,False,False,20242025
Fri.,2024-10-25,7:05 ET,Colgate,5,@,RIT,4,,,nc,True,False,False,False,20242025
Fri.,2024-10-25,5:30 CT,St. Thomas,1,@,Minnesota,7,,,nc,True,False,False,False,20242025
Fri.,2024-10-25,7:00 ET,Bowling Green,1,@,Ohio State,3,,,nc,True,False,False,False,20242025
Fri.,2024-10-25,7:00 ET,LIU,1,@,Notre Dame,4,,,nc,True,False,False,False,20242025
Fri.,2024-10-25,7:00 ET,St. Lawrence,2,@,Penn State,3,,,nc,True,False,False,False,20242025
Fri.,2024-10-25,7:07 ET,Clarkson,4,@,Michigan Tech,1,,,nc,True,False,False,False,20242025
Fri.,2024-10-25,7:07 ET,Arizona State,3,@,Northern Michigan,1,,,nc,True,False,False,False,20242025
Fri.,2024-10-25,7:07 CT,Omaha,3,@,Minnesota State,4,,,nc,True,False,False,False,20242025
Fri.,2024-10-25,7:07 AT,Colorado College,2,@,Alaska Anchorage,1,,,nc,True,False,False,False,20242025
Fri.,2024-10-25,7:00 ET,New Hampshire,2,@,Quinnipiac,8,,,nc,True,False,False,False,20242025
Fri.,2024-10-25,7:00 MT,Wisconsin,2,@,Denver,4,,,nc,True,False,False,False,20242025
Fri.,2024-10-25,7:00 CT,Augustana,3,@,St. Cloud State,4,,,nc,True,False,False,False,20242025
Fri.,2024-10-25,7:05 ET,Lindenwood,4,@,Miami,2,,,nc,True,False,False,False,20242025
Fri.,2024-10-25,7:07 CT,Stonehill,1,@,Minnesota Duluth,5,,,nc,True,False,False,False,20242025
Fri.,2024-10-25,7:07 CT,Boston University,2,@,North Dakota,7,,,nc,True,False,False,False,20242025
Sat.,2024-10-26,7:00 ET,Holy Cross,1,@,Sacred Heart,2,,,ah,True,False,False,False,20242025
Sat.,2024-10-26,7:00 ET,Robert Morris,4,@,Niagara,4,OT,,ah,True,False,False,True,20242025
Sat.,2024-10-26,4:00 ET,Bentley,1,@,Army,4,,,ah,True,False,False,False,20242025
Sat.,2024-10-26,1:00 ET,Air Force,2,@,aic,4,,,ah,True,False,False,False,20242025
Sat.,2024-10-26,6:07 ET,Bemidji State,3,@,Ferris State,0,,,cc2,True,False,False,False,20242025
Sat.,2024-10-26,7:00 ET,RPI,3,@,Union,4,,,ec,True,False,False,False,20242025
Sat.,2024-10-26,7:00 ET,Toronto,2,@,Cornell,6,,,ex,True,False,True,False,20242025
Sat.,2024-10-26,7:00 ET,Waterloo,0,@,Princeton,6,,,ex,True,False,True,False,20242025
Sat.,2024-10-26,7:00 ET,Maine,2,@,Northeastern,2,OT,,he,True,False,False,True,20242025
Sat.,2024-10-26,7:00 ET,UMass Lowell,6,@,Merrimack,3,,,he,True,False,False,False,20242025
Sat.,2024-10-26,6:00 ET,Providence,4,@,Vermont,4,OT,,he,True,False,False,True,20242025
Sat.,2024-10-26,7:00 ET,Massachusetts,2,@,Connecticut,3,,,he,True,False,False,False,20242025
Sat.,2024-10-26,7:00 ET,Michigan State,4,@,Canisius,1,,,nc,True,False,False,False,20242025
Sat.,2024-10-26,5:05 ET,Colgate,4,@,RIT,3,,,nc,True,False,False,False,20242025
Sat.,2024-10-26,6:00 ET,LIU,5,@,Notre Dame,2,,,nc,True,False,False,False,20242025
Sat.,2024-10-26,4:00 ET,St. Lawrence,1,@,Penn State,3,,,nc,True,False,False,False,20242025
Sat.,2024-10-26,8:00 CT,Minnesota,6,vs,St. Thomas,2,,,nc,True,True,False,False,20242025
Sat.,2024-10-26,7:37 ET,Ohio State,2,@,Bowling Green,0,,,nc,True,False,False,False,20242025
Sat.,2024-10-26,6:07 ET,Clarkson,2,@,Michigan Tech,1,OT,,nc,True,False,False,True,20242025
Sat.,2024-10-26,6:07 CT,Omaha,0,@,Minnesota State,1,,,nc,True,False,False,False,20242025
Sat.,2024-10-26,6:07 ET,Arizona State,2,@,Northern Michigan,0,,,nc,True,False,False,False,20242025
Sat.,2024-10-26,6:07 AT,Colorado College,2,@,Alaska Anchorage,0,,,nc,True,False,False,False,20242025
Sat.,2024-10-26,4:00 ET,New Hampshire,3,@,Quinnipiac,2,,,nc,True,False,False,False,20242025
Sat.,2024-10-26,7:00 ET,Western Michigan,2,@,Boston College,4,,,nc,True,False,False,False,20242025
Sat.,2024-10-26,6:00 MT,Wisconsin,1,@,Denver,6,,,nc,True,False,False,False,20242025
Sat.,2024-10-26,5:00 CT,Augustana,1,@,St. Cloud State,2,,,nc,True,False,False,False,20242025
Sat.,2024-10-26,7:05 ET,Lindenwood,1,@,Miami,4,,,nc,True,False,False,False,20242025
Sat.,2024-10-26,6:07 CT,Stonehill,1,@,Minnesota Duluth,2,,,nc,True,False,False,False,20242025
Sat.,2024-10-26,6:07 CT,Boston University,4,@,North Dakota,3,,,nc,True,False,False,False,20242025
Wed.,2024-10-30,7:00 ET,RIT,1,@,Niagara,4,,,ah,True,False,False,False,20242025
Thu.,2024-10-31,6:00 ET,Army,0,@,Canisius,4,,,ah,True,False,False,False,20242025
Fri.,2024-11-01,7:00 ET,Mercyhurst,3,@,Niagara,5,,,ah,True,False,False,False,20242025
Fri.,2024-11-01,7:00 ET,Sacred Heart,2,@,Bentley,4,,,ah,True,False,False,False,20242025
Fri.,2024-11-01,6:00 ET,Army,1,@,Canisius,6,,,ah,True,False,False,False,20242025
Fri.,2024-11-01,7:00 CT,Penn State,1,@,Minnesota,3,,,b10,True,False,False,False,20242025
Fri.,2024-11-01,7:00 ET,Wisconsin,2,@,Notre Dame,3,OT,,b10,True,False,False,True,20242025
Fri.,2024-11-01,7:07 CT,Augustana,0,@,St. Thomas,4,,,cc2,True,False,False,False,20242025
Fri.,2024-11-01,7:07 CT,Minnesota State,0,@,Bemidji State,1,,,cc2,True,False,False,False,20242025
Fri.,2024-11-01,7:07 ET,Michigan Tech,3,@,Northern Michigan,0,,,cc2,True,False,False,False,20242025
Fri.,2024-11-01,7:07 ET,Ferris State,0,@,Bowling Green,2,,,cc2,True,False,False,False,20242025
Fri.,2024-11-01,7:00 ET,Dartmouth,2,@,Harvard,1,,,ec,True,False,False,False,20242025
Fri.,2024-11-01,7:30 ET,Merrimack,0,@,Maine,5,,,he,True,False,False,False,20242025
Fri.,2024-11-01,7:00 ET,New Hampshire,3,@,Providence,6,,,he,True,False,False,False,20242025
Fri.,2024-11-01,7:00 ET,Lindenwood,0,@,Robert Morris,3,,,nc,True,False,False,False,20242025
Fri.,2024-11-01,7:00 ET,UMass Lowell,5,@,Holy Cross,4,OT,,nc,True,False,False,True,20242025
Fri.,2024-11-01,7:00 ET,Lake Superior,3,@,Ohio State,9,,,nc,True,False,False,False,20242025
Fri.,2024-11-01,7:00 ET,St. Lawrence,0,@,Stonehill,4,,,nc,True,False,False,False,20242025
Fri.,2024-11-01,7:00 ET,Alaska,3,@,Clarkson,1,,,nc,True,False,False,False,20242025
Fri.,2024-11-01,7:00 ET,North Dakota,1,@,Cornell,4,,,nc,True,False,False,False,20242025
Fri.,2024-11-01,7:00 ET,Denver,6,@,Yale,0,,,nc,True,False,False,False,20242025
Fri.,2024-11-01,7:00 ET,Michigan,5,@,Boston University,1,,,nc,True,False,False,False,20242025
Fri.,2024-11-01,7:00 MT,Air Force,2,@,Colorado College,3,OT,,nc,True,False,False,True,20242025
Fri.,2024-11-01,7:05 ET,RPI,3,@,Miami,2,OT,,nc,True,False,False,True,20242025
Fri.,2024-11-01,7:30 CT,Boston College,4,@,St. Cloud State,1,,,nc,True,False,False,False,20242025
Sat.,2024-11-02,7:00 ET,Bentley,6,@,Sacred Heart,4,,,ah,True,False,False,False,20242025
Sat.,2024-11-02,7:00 ET,Niagara,3,@,Mercyhurst,4,OT,,ah,True,False,False,True,20242025
Sat.,2024-11-02,6:00 ET,Wisconsin,2,@,Notre Dame,1,,,b10,True,False,False,False,20242025
Sat.,2024-11-02,7:00 CT,Penn State,0,@,Minnesota,1,,,b10,True,False,False,False,20242025
Sat.,2024-11-02,6:07 ET,Northern Michigan,3,@,Michigan Tech,6,,,cc2,True,False,False,False,20242025
Sat.,2024-11-02,6:07 CT,Minnesota State,2,@,Bemidji State,1,,,cc2,True,False,False,False,20242025
Sat.,2024-11-02,7:07 ET,Ferris State,4,@,Bowling Green,5,,,cc2,True,False,False,False,20242025
Sat.,2024-11-02,6:07 CT,Augustana,3,@,St. Thomas,2,,,cc2,True,False,False,False,20242025
Sat.,2024-11-02,3:30 ET,Vermont,1,@,Connecticut,0,OT,,he,True,False,False,True,20242025
Sat.,2024-11-02,4:30 ET,Providence,3,@,New Hampshire,0,,,he,True,False,False,False,20242025
Sat.,2024-11-02,7:30 ET,Merrimack,0,@,Maine,6,,,he,True,False,False,False,20242025
Sat.,2024-11-02,7:00 ET,Lindenwood,2,@,Robert Morris,2,OT,,nc,True,False,False,True,20242025
Sat.,2024-11-02,7:00 ET,Quinnipiac,3,@,Holy Cross,0,,,nc,True,False,False,False,20242025
Sat.,2024-11-02,1:00 ET,Massachusetts,4,@,aic,3,,,nc,True,False,False,False,20242025
Sat.,2024-11-02,7:05 MT,Colorado College,6,@,Air Force,1,,,nc,True,False,False,False,20242025
Sat.,2024-11-02,5:00 ET,Lake Superior,2,@,Ohio State,6,,,nc,True,False,False,False,20242025
Sat.,2024-11-02,7:00 ET,Alaska,3,@,Clarkson,3,OT,,nc,True,False,False,True,20242025
Sat.,2024-11-02,7:00 ET,North Dakota,3,@,Cornell,5,,,nc,True,False,False,False,20242025
Sat.,2024-11-02,7:00 ET,Denver,5,@,Yale,1,,,nc,True,False,False,False,20242025
Sat.,2024-11-02,7:00 ET,Michigan,5,@,Boston University,4,OT,,nc,True,False,False,True,20242025
Sat.,2024-11-02,7:05 ET,RPI,2,@,Miami,1,,,nc,True,False,False,False,20242025
Sat.,2024-11-02,6:00 CT,Boston College,2,@,St. Cloud State,1,,,nc,True,False,False,False,20242025
Sun.,2024-11-03,3:00 ET,Vermont,5,@,Connecticut,6,OT,,he,True,False,False,True,20242025
Sun.,2024-11-03,3:00 ET,Stonehill,2,@,Dartmouth,5,,,nc,True,False,False,False,20242025
Mon.,2024-11-04,7:00 ET,Robert Morris,5,@,Mercyhurst,2,,,ah,True,False,False,False,20242025
Thu.,2024-11-07,7:00 ET,aic,2,@,Holy Cross,5,,,ah,True,False,False,False,20242025
Fri.,2024-11-08,7:00 ET,aic,3,@,Holy Cross,2,,,ah,True,False,False,False,20242025
Fri.,2024-11-08,7:00 ET,Sacred Heart,4,@,Mercyhurst,3,,,ah,True,False,False,False,20242025
Fri.,2024-11-08,7:05 MT,Canisius,0,@,Air Force,2,,,ah,True,False,False,False,20242025
Fri.,2024-11-08,7:00 ET,RIT,0,@,Bentley,5,,,ah,True,False,False,False,20242025
Fri.,2024-11-08,7:00 ET,Niagara,0,@,Army,1,,,ah,True,False,False,False,20242025
Fri.,2024-11-08,7:00 CT,Minnesota,3,@,Wisconsin,2,,,b10,True,False,False,False,20242025
Fri.,2024-11-08,6:00 ET,Notre Dame,1,@,Michigan,2,OT,,b10,True,False,False,True,20242025
Fri.,2024-11-08,7:00 ET,Ohio State,2,@,Michigan State,4,,,b10,True,False,False,False,20242025
Fri.,2024-11-08,7:07 CT,Minnesota State,5,@,St. Thomas,3,,,cc2,True,False,False,False,20242025
Fri.,2024-11-08,7:07 ET,Lake Superior,5,@,Northern Michigan,0,,,cc2,True,False,False,False,20242025
Fri.,2024-11-08,7:07 ET,Michigan Tech,3,@,Ferris State,2,,,cc2,True,False,False,False,20242025
Fri.,2024-11-08,7:07 CT,Bemidji State,4,@,Augustana,3,OT,,cc2,True,False,False,True,20242025
Fri.,2024-11-08,7:00 ET,Brown,3,@,Colgate,5,,,ec,True,False,False,False,20242025
Fri.,2024-11-08,7:00 ET,Yale,2,@,Cornell,2,OT,,ec,True,False,False,True,20242025
Fri.,2024-11-08,7:00 ET,Dartmouth,4,@,Quinnipiac,2,,,ec,True,False,False,False,20242025
Fri.,2024-11-08,7:00 ET,Harvard,4,@,Princeton,3,OT,,ec,True,False,False,True,20242025
Fri.,2024-11-08,7:00 ET,Simon Fraser,0,@,St. Lawrence,4,,,ex,True,False,True,False,20242025
Fri.,2024-11-08,7:00 ET,Connecticut,1,@,Merrimack,4,,,he,True,False,False,False,20242025
Fri.,2024-11-08,7:00 ET,Northeastern,2,@,Providence,2,OT,,he,True,False,False,True,20242025
Fri.,2024-11-08,7:00 ET,Maine,2,@,Boston College,3,,,he,True,False,False,False,20242025
Fri.,2024-11-08,7:00 ET,UMass Lowell,5,@,Boston University,3,,,he,True,False,False,False,20242025
Fri.,2024-11-08,7:00 ET,Massachusetts,3,@,Vermont,3,OT,,he,True,False,False,True,20242025
Fri.,2024-11-08,7:30 CT,Miami,2,@,St. Cloud State,3,OT,,nt,True,False,False,True,20242025
Fri.,2024-11-08,7:00 MT,Arizona State,3,@,Colorado College,4,OT,,nt,True,False,False,True,20242025
Fri.,2024-11-08,7:07 CT,North Dakota,7,@,Minnesota Duluth,3,,,nt,True,False,False,False,20242025
Fri.,2024-11-08,7:07 CT,Western Michigan,2,@,Omaha,1,,,nt,True,False,False,False,20242025
Fri.,2024-11-08,7:00 ET,Alaska,3,@,Union,3,OT,,nc,True,False,False,True,20242025
Fri.,2024-11-08,7:00 MT,Lindenwood,1,@,Denver,4,,,nc,True,False,False,False,20242025
Sat.,2024-11-09,7:00 ET,Sacred Heart,4,@,Mercyhurst,1,,,ah,True,False,False,False,20242025
Sat.,2024-11-09,4:00 ET,Niagara,2,@,Army,0,,,ah,True,False,False,False,20242025
Sat.,2024-11-09,4:00 ET,RIT,6,@,Bentley,2,,,ah,True,False,False,False,20242025
Sat.,2024-11-09,6:00 CT,Minnesota,3,@,Wisconsin,2,OT,,b10,True,False,False,True,20242025
Sat.,2024-11-09,7:00 ET,Notre Dame,2,@,Michigan,4,,,b10,True,False,False,False,20242025
Sat.,2024-11-09,6:00 ET,Ohio State,1,@,Michigan State,4,,,b10,True,False,False,False,20242025
Sat.,2024-11-09,6:07 CT,Bemidji State,1,@,Augustana,5,,,cc2,True,False,False,False,20242025
Sat.,2024-11-09,6:07 CT,St. Thomas,1,@,Minnesota State,1,OT,,cc2,True,False,False,True,20242025
Sat.,2024-11-09,6:07 ET,Lake Superior,5,@,Northern Michigan,1,,,cc2,True,False,False,False,20242025
Sat.,2024-11-09,6:07 ET,Michigan Tech,3,@,Ferris State,1,,,cc2,True,False,False,False,20242025
Sat.,2024-11-09,7:00 ET,Harvard,3,@,Quinnipiac,0,,,ec,True,False,False,False,20242025
Sat.,2024-11-09,7:00 ET,Dartmouth,5,@,Princeton,1,,,ec,True,False,False,False,20242025
Sat.,2024-11-09,7:00 ET,Yale,4,@,Colgate,3,,,ec,True,False,False,False,20242025
Sat.,2024-11-09,7:00 ET,Brown,1,@,Cornell,3,,,ec,True,False,False,False,20242025
Sat.,2024-11-09,7:00 ET,Massachusetts,0,@,Vermont,4,,,he,True,False,False,False,20242025
Sat.,2024-11-09,3:30 ET,Merrimack,5,@,Connecticut,2,,,he,True,False,False,False,20242025
Sat.,2024-11-09,7:00 ET,Providence,6,@,Northeastern,5,OT,,he,True,False,False,True,20242025
Sat.,2024-11-09,6:05 ET,Boston University,5,@,UMass Lowell,2,,,he,True,False,False,False,20242025
Sat.,2024-11-09,7:07 CT,Western Michigan,4,@,Omaha,2,,,nt,True,False,False,False,20242025
Sat.,2024-11-09,6:00 MT,Arizona State,1,@,Colorado College,3,,,nt,True,False,False,False,20242025
Sat.,2024-11-09,6:00 CT,Miami,1,@,St. Cloud State,3,,,nt,True,False,False,False,20242025
Sat.,2024-11-09,6:07 CT,North Dakota,4,@,Minnesota Duluth,1,,,nt,True,False,False,False,20242025
Sat.,2024-11-09,7:00 ET,Stonehill,3,@,Clarkson,6,,,nc,True,False,False,False,20242025
Sat.,2024-11-09,4:00 ET,Alaska,6,@,Union,4,,,nc,True,False,False,False,20242025
Sat.,2024-11-09,7:00 ET,LIU,1,@,New Hampshire,6,,,nc,True,False,False,False,20242025
Sat.,2024-11-09,7:00 MT,Lindenwood,1,@,Denver,4,,,nc,True,False,False,False,20242025
Sun.,2024-11-10,1:05 MT,Canisius,1,@,Air Force,2,,,ah,True,False,False,False,20242025
Sun.,2024-11-10,1:00 ET,Maine,0,@,Boston College,3,,,he,True,False,False,False,20242025
Tue.,2024-11-12,7:00 ET,Merrimack,3,@,Stonehill,4,OT,,nc,True,False,False,True,20242025
Thu.,2024-11-14,7:00 ET,Providence,2,@,Massachusetts,1,,,he,True,False,False,False,20242025
Thu.,2024-11-14,7:07 CT,Bemidji State,3,@,Minnesota,5,,,nc,True,False,False,False,20242025
Fri.,2024-11-15,7:00 ET,Robert Morris,2,@,Sacred Heart,4,,,ah,True,False,False,False,20242025
Fri.,2024-11-15,7:00 ET,Holy Cross,3,@,Niagara,3,OT,,ah,True,False,False,True,20242025
Fri.,2024-11-15,7:00 ET,aic,2,@,Bentley,5,,,ah,True,False,False,False,20242025
Fri.,2024-11-15,8:05 MT,Mercyhurst,0,@,Air Force,1,,,ah,True,False,False,False,20242025
Fri.,2024-11-15,7:05 ET,Army,5,@,RIT,1,,,ah,True,False,False,False,20242025
Fri.,2024-11-15,7:00 ET,Notre Dame,3,@,Michigan State,8,,,b10,True,False,False,False,20242025
Fri.,2024-11-15,7:00 ET,Wisconsin,5,@,Penn State,4,OT,,b10,True,False,False,True,20242025
Fri.,2024-11-15,7:07 CT,Northern Michigan,0,@,Minnesota State,3,,,cc2,True,False,False,False,20242025
Fri.,2024-11-15,7:07 CT,Bowling Green,2,@,St. Thomas,2,OT,,cc2,True,False,False,True,20242025
Fri.,2024-11-15,7:07 ET,Ferris State,2,@,Lake Superior,4,,,cc2,True,False,False,False,20242025
Fri.,2024-11-15,7:00 ET,Quinnipiac,3,@,Brown,2,,,ec,True,False,False,False,20242025
Fri.,2024-11-15,7:00 ET,Princeton,4,@,Yale,1,,,ec,True,False,False,False,20242025
Fri.,2024-11-15,7:00 ET,Clarkson,3,@,RPI,1,,,ec,True,False,False,False,20242025
Fri.,2024-11-15,7:00 ET,Cornell,3,@,Dartmouth,4,,,ec,True,False,False,False,20242025
Fri.,2024-11-15,7:00 ET,St. Lawrence,0,@,Union,4,,,ec,True,False,False,False,20242025
Fri.,2024-11-15,7:00 ET,Colgate,4,@,Harvard,2,,,ec,True,False,False,False,20242025
Fri.,2024-11-15,7:00 ET,Augustana,4,@,USNTDP,1,,,ex,True,False,True,False,20242025
Fri.,2024-11-15,7:07 AT,Alaska,3,@,Alaska Anchorage,2,OT,,nc,True,False,False,True,20242025
Fri.,2024-11-15,7:00 ET,Boston University,2,@,Maine,5,,,he,True,False,False,False,20242025
Fri.,2024-11-15,7:00 ET,UMass Lowell,5,@,Vermont,2,,,he,True,False,False,False,20242025
Fri.,2024-11-15,7:00 ET,Boston College,4,@,Connecticut,5,,,he,True,False,False,False,20242025
Fri.,2024-11-15,7:00 ET,Northeastern,1,@,New Hampshire,4,,,he,True,False,False,False,20242025
Fri.,2024-11-15,7:00 MT,Omaha,4,@,Arizona State,2,,,nt,True,False,False,False,20242025
Fri.,2024-11-15,7:05 ET,Minnesota Duluth,5,@,Miami,0,,,nt,True,False,False,False,20242025
Fri.,2024-11-15,7:07 CT,Denver,5,@,North Dakota,2,,,nt,True,False,False,False,20242025
Fri.,2024-11-15,7:00 ET,Colorado College,2,@,Western Michigan,3,OT,,nt,True,False,False,True,20242025
Fri.,2024-11-15,7:10 CT,Ohio State,5,@,Lindenwood,2,,,nc,True,False,False,False,20242025
Fri.,2024-11-15,7:00 ET,LIU,5,@,Stonehill,1,,,nc,True,False,False,False,20242025
Sat.,2024-11-16,6:00 ET,aic,0,@,Bentley,3,,,ah,True,False,False,False,20242025
Sat.,2024-11-16,7:05 ET,Army,4,@,RIT,2,,,ah,True,False,False,False,20242025
Sat.,2024-11-16,5:00 ET,Holy Cross,2,@,Niagara,3,,,ah,True,False,False,False,20242025
Sat.,2024-11-16,4:00 ET,Robert Morris,3,@,Sacred Heart,6,,,ah,True,False,False,False,20242025
Sat.,2024-11-16,8:05 MT,Mercyhurst,1,@,Air Force,4,,,ah,True,False,False,False,20242025
Sat.,2024-11-16,8:00 ET,Notre Dame,3,@,Michigan State,4,,,b10,True,False,False,False,20242025
Sat.,2024-11-16,7:30 ET,Wisconsin,6,@,Penn State,3,,,b10,True,False,False,False,20242025
Sat.,2024-11-16,6:07 ET,Lake Superior,2,vs,Ferris State,3,,,cc2,True,True,False,False,20242025
Sat.,2024-11-16,6:07 CT,Northern Michigan,1,@,Minnesota State,1,OT,,cc2,True,False,False,True,20242025
Sat.,2024-11-16,6:07 CT,Bowling Green,3,@,St. Thomas,6,,,cc2,True,False,False,False,20242025
Sat.,2024-11-16,7:00 ET,Quinnipiac,4,@,Yale,1,,,ec,True,False,False,False,20242025
Sat.,2024-11-16,7:00 ET,Princeton,1,@,Brown,1,OT,,ec,True,False,False,True,20242025
Sat.,2024-11-16,7:00 ET,Colgate,4,@,Dartmouth,4,OT,,ec,True,False,False,True,20242025
Sat.,2024-11-16,4:00 ET,Clarkson,4,@,Union,1,,,ec,True,False,False,False,20242025
Sat.,2024-11-16,7:00 ET,Cornell,2,@,Harvard,2,OT,,ec,True,False,False,True,20242025
Sat.,2024-11-16,7:00 ET,St. Lawrence,2,@,RPI,3,,,ec,True,False,False,False,20242025
Sat.,2024-11-16,7:00 ET,Augustana,3,@,USNTDP,2,,,ex,True,False,True,False,20242025
Sat.,2024-11-16,5:07 AT,Alaska,1,@,Alaska Anchorage,6,,,nc,True,False,False,False,20242025
Sat.,2024-11-16,,Massachusetts,5,@,Providence,1,,,he,True,False,False,False,20242025
Sat.,2024-11-16,7:00 ET,Boston University,2,@,Maine,2,OT,,he,True,False,False,True,20242025
Sat.,2024-11-16,7:00 ET,New Hampshire,1,@,Northeastern,1,OT,,he,True,False,False,True,20242025
Sat.,2024-11-16,6:00 ET,UMass Lowell,3,@,Vermont,0,,,he,True,False,False,False,20242025
Sat.,2024-11-16,6:00 ET,Colorado College,1,@,Western Michigan,1,OT,,nt,True,False,False,True,20242025
Sat.,2024-11-16,6:07 CT,Denver,3,@,North Dakota,2,,,nt,True,False,False,False,20242025
Sat.,2024-11-16,5:00 MT,Omaha,2,@,Arizona State,3,,,nt,True,False,False,False,20242025
Sat.,2024-11-16,7:05 ET,Minnesota Duluth,7,@,Miami,2,,,nt,True,False,False,False,20242025
Sat.,2024-11-16,6:07 CT,Minnesota,1,@,Bemidji State,3,,,nc,True,False,False,False,20242025
Sat.,2024-11-16,2:10 CT,Ohio State,3,@,Lindenwood,2,,,nc,True,False,False,False,20242025
Sat.,2024-11-16,5:00 ET,LIU,4,@,Stonehill,2,,,nc,True,False,False,False,20242025
Tue.,2024-11-19,7:00 ET,Boston College,3,@,Providence,2,OT,,he,True,False,False,True,20242025
Tue.,2024-11-19,7:00 ET,Stonehill,0,@,aic,3,,,nc,True,False,False,False,20242025
Thu.,2024-11-21,7:00 ET,Michigan State,6,@,USNTDP,2,,,ex,True,False,True,False,20242025
Fri.,2024-11-22,7:00 ET,Holy Cross,5,@,Army,3,,,ah,True,False,False,False,20242025
Fri.,2024-11-22,7:00 ET,Air Force,0,@,Bentley,2,,,ah,True,False,False,False,20242025
Fri.,2024-11-22,7:00 ET,RIT,2,@,Sacred Heart,3,,,ah,True,False,False,False,20242025
Fri.,2024-11-22,7:00 ET,Canisius,3,@,Mercyhurst,2,,,ah,True,False,False,False,20242025
Fri.,2024-11-22,7:00 ET,Michigan,6,@,Penn State,5,,,b10,True,False,False,False,20242025
Fri.,2024-11-22,7:00 ET,Minnesota,6,@,Notre Dame,3,,,b10,True,False,False,False,20242025
Fri.,2024-11-22,7:07 CT,St. Thomas,2,@,Bemidji State,2,OT,,cc2,True,False,False,True,20242025
Fri.,2024-11-22,7:07 ET,Minnesota State,5,@,Michigan Tech,2,,,cc2,True,False,False,False,20242025
Fri.,2024-11-22,7:07 ET,Augustana,2,@,Ferris State,5,,,cc2,True,False,False,False,20242025
Fri.,2024-11-22,7:00 ET,Yale,5,@,St. Lawrence,1,,,ec,True,False,False,False,20242025
Fri.,2024-11-22,7:00 ET,Quinnipiac,3,@,Cornell,1,,,ec,True,False,False,False,20242025
Fri.,2024-11-22,7:00 ET,Princeton,1,@,Colgate,2,,,ec,True,False,False,False,20242025
Fri.,2024-11-22,7:00 ET,Brown,1,@,Clarkson,0,,,ec,True,False,False,False,20242025
Fri.,2024-11-22,7:00 ET,Maine,3,@,New Hampshire,1,,,he,True,False,False,False,20242025
Fri.,2024-11-22,7:15 ET,Connecticut,4,@,UMass Lowell,1,,,he,True,False,False,False,20242025
Fri.,2024-11-22,7:00 ET,Northeastern,0,@,Boston College,3,,,he,True,False,False,False,20242025
Fri.,2024-11-22,7:00 ET,Merrimack,3,@,Boston University,6,,,he,True,False,False,False,20242025
Fri.,2024-11-22,7:00 MT,St. Cloud State,3,@,Colorado College,2,,,nt,True,False,False,False,20242025
Fri.,2024-11-22,7:07 CT,Miami,0,@,Omaha,3,,,nt,True,False,False,False,20242025
Fri.,2024-11-22,7:00 MT,Arizona State,3,@,Denver,2,,,nt,True,False,False,False,20242025
Fri.,2024-11-22,7:07 CT,Western Michigan,5,@,Minnesota Duluth,2,,,nt,True,False,False,False,20242025
Fri.,2024-11-22,7:30 CT,Stonehill,0,@,Lindenwood,5,,,nc,True,False,False,False,20242025
Fri.,2024-11-22,7:00 ET,Harvard,3,@,Massachusetts,5,,,nc,True,False,False,False,20242025
Fri.,2024-11-22,7:07 CT,Robert Morris,3,@,North Dakota,4,OT,,nc,True,False,False,True,20242025
Sat.,2024-11-23,5:00 ET,Canisius,3,@,Mercyhurst,3,OT,,ah,True,False,False,True,20242025
Sat.,2024-11-23,7:00 ET,RIT,3,@,Sacred Heart,3,OT,,ah,True,False,False,True,20242025
Sat.,2024-11-23,6:00 ET,Niagara,2,@,aic,1,,,ah,True,False,False,False,20242025
Sat.,2024-11-23,4:00 ET,Air Force,0,@,Bentley,2,,,ah,True,False,False,False,20242025
Sat.,2024-11-23,6:00 ET,Minnesota,5,@,Notre Dame,3,,,b10,True,False,False,False,20242025
Sat.,2024-11-23,7:30 ET,Michigan,10,@,Penn State,6,,,b10,True,False,False,False,20242025
Sat.,2024-11-23,6:07 ET,Augustana,4,@,Ferris State,1,,,cc2,True,False,False,False,20242025
Sat.,2024-11-23,6:07 CT,St. Thomas,1,@,Bemidji State,2,,,cc2,True,False,False,False,20242025
Sat.,2024-11-23,6:07 ET,Minnesota State,3,@,Michigan Tech,1,,,cc2,True,False,False,False,20242025
Sat.,2024-11-23,7:00 ET,Princeton,0,@,Cornell,5,,,ec,True,False,False,False,20242025
Sat.,2024-11-23,7:00 ET,Quinnipiac,2,@,Colgate,3,OT,,ec,True,False,False,True,20242025
Sat.,2024-11-23,7:00 ET,Brown,2,@,St. Lawrence,1,OT,,ec,True,False,False,True,20242025
Sat.,2024-11-23,4:00 ET,Yale,0,@,Clarkson,4,,,ec,True,False,False,False,20242025
Sat.,2024-11-23,6:05 ET,Connecticut,0,@,UMass Lowell,1,,,he,True,False,False,False,20242025
Sat.,2024-11-23,7:00 ET,Boston College,2,@,Northeastern,4,,,he,True,False,False,False,20242025
Sat.,2024-11-23,6:00 MT,St. Cloud State,0,@,Colorado College,1,OT,,nt,True,False,False,True,20242025
Sat.,2024-11-23,7:07 CT,Miami,1,@,Omaha,8,,,nt,True,False,False,False,20242025
Sat.,2024-11-23,6:00 MT,Arizona State,5,@,Denver,2,,,nt,True,False,False,False,20242025
Sat.,2024-11-23,5:07 CT,Western Michigan,4,@,Minnesota Duluth,1,,,nt,True,False,False,False,20242025
Sat.,2024-11-23,5:07 AT,Lake Superior,4,@,Alaska Anchorage,4,OT,,nc,True,False,False,True,20242025
Sat.,2024-11-23,4:30 CT,Stonehill,3,@,Lindenwood,1,,,nc,True,False,False,False,20242025
Sat.,2024-11-23,6:00 ET,LIU,3,@,Providence,4,OT,,nc,True,False,False,True,20242025
Sat.,2024-11-23,6:07 CT,Robert Morris,0,@,North Dakota,1,,,nc,True,False,False,False,20242025
Sun.,2024-11-24,3:00 ET,Niagara,2,@,aic,5,,,ah,True,False,False,False,20242025
Sun.,2024-11-24,3:00 ET,Vermont,3,@,Massachusetts,2,,,he,True,False,False,False,20242025
Sun.,2024-11-24,6:07 AT,Lake Superior,4,@,Alaska Anchorage,2,,,nc,True,False,False,False,20242025
Tue.,2024-11-26,6:00 ET,Colgate,2,@,Penn State,3,,,nc,True,False,False,False,20242025
Tue.,2024-11-26,7:00 ET,Army,1,@,Stonehill,3,,,nc,True,False,False,False,20242025
Wed.,2024-11-27,4:30 ET,Colgate,1,@,Penn State,7,,,nc,True,False,False,False,20242025
Fri.,2024-11-29,7:30 ET,Providence,3,vs,Clarkson,2,OT,,nc,True,True,False,True,20242025
Fri.,2024-11-29,4:00 ET,St. Lawrence,0,vs,UMass Lowell,2,,,nc,True,True,False,False,20242025
Fri.,2024-11-29,7:00 ET,Sacred Heart,1,@,Holy Cross,6,,,ah,True,False,False,False,20242025
Fri.,2024-11-29,5:00 ET,aic,1,@,Robert Morris,4,,,ah,True,False,False,False,20242025
Fri.,2024-11-29,7:07 CT,Lake Superior,4,@,St. Thomas,2,,,cc2,True,False,False,False,20242025
Fri.,2024-11-29,7:07 ET,Michigan Tech,3,@,Bowling Green,0,,,cc2,True,False,False,False,20242025
Fri.,2024-11-29,7:07 CT,Northern Michigan,1,@,Augustana,4,,,cc2,True,False,False,False,20242025
Fri.,2024-11-29,7:00 GMT,Notre Dame,5,vs,Harvard,2,,,nc,True,True,False,False,20242025
Fri.,2024-11-29,2:00 GMT,Boston University,6,vs,Merrimack,2,,,he,True,True,False,False,20242025
Fri.,2024-11-29,6:00 ET,Union,4,@,Niagara,2,,,nc,True,False,False,False,20242025
Fri.,2024-11-29,7:00 ET,Lindenwood,0,@,Michigan State,4,,,nc,True,False,False,False,20242025
Fri.,2024-11-29,7:00 CT,Alaska Anchorage,1,@,Wisconsin,7,,,nc,True,False,False,False,20242025
Fri.,2024-11-29,7:00 CT,Alaska,1,@,Minnesota,1,OT,,nc,True,False,False,True,20242025
Fri.,2024-11-29,7:07 CT,North Dakota,1,@,Bemidji State,2,,,nc,True,False,False,False,20242025
Fri.,2024-11-29,7:30 ET,Yale,2,@,LIU,3,,,nc,True,False,False,False,20242025
Fri.,2024-11-29,7:00 ET,Air Force,1,@,Brown,1,OT,,nc,True,False,False,True,20242025
Fri.,2024-11-29,7:00 ET,Ohio State,1,@,Princeton,3,,,nc,True,False,False,False,20242025
Fri.,2024-11-29,7:00 ET,RIT,1,@,New Hampshire,5,,,nc,True,False,False,False,20242025
Fri.,2024-11-29,4:00 ET,Army,1,@,Massachusetts,3,,,nc,True,False,False,False,20242025
Fri.,2024-11-29,7:00 ET,Dartmouth,3,@,Boston College,5,,,nc,True,False,False,False,20242025
Fri.,2024-11-29,7:00 ET,Michigan,1,@,Western Michigan,4,,,nc,True,False,False,False,20242025
Sat.,2024-11-30,7:30 ET,UMass Lowell,4,vs,Clarkson,4,OT,,nc,True,True,False,True,20242025
Sat.,2024-11-30,4:00 ET,St. Lawrence,1,vs,Providence,2,,,nc,True,True,False,False,20242025
Sat.,2024-11-30,5:00 ET,aic,4,@,Robert Morris,2,,,ah,True,False,False,False,20242025
Sat.,2024-11-30,7:00 ET,Sacred Heart,1,@,Holy Cross,4,,,ah,True,False,False,False,20242025
Sat.,2024-11-30,7:07 ET,Michigan Tech,2,@,Bowling Green,2,OT,,cc2,True,False,False,True,20242025
Sat.,2024-11-30,6:07 CT,Northern Michigan,1,@,Augustana,4,,,cc2,True,False,False,False,20242025
Sat.,2024-11-30,6:07 CT,Lake Superior,5,@,St. Thomas,3,,,cc2,True,False,False,False,20242025
Sat.,2024-11-30,3 :00 GMT,Merrimack,2,vs,Harvard,4,,,nc,True,True,False,False,20242025
Sat.,2024-11-30,7:00 GMT,Notre Dame,3,vs,Boston University,4,,,nc,True,True,False,False,20242025
Sat.,2024-11-30,5:00 ET,Union,5,@,Niagara,3,,,nc,True,False,False,False,20242025
Sat.,2024-11-30,8:00 CT,Alaska Anchorage,1,@,Wisconsin,1,OT,,nc,True,False,False,True,20242025
Sat.,2024-11-30,5:00 CT,Alaska,2,@,Minnesota,5,,,nc,True,False,False,False,20242025
Sat.,2024-11-30,7:00 ET,Western Michigan,1,@,Michigan,2,,,nc,True,False,False,False,20242025
Sat.,2024-11-30,7:30 ET,Yale,0,@,LIU,3,,,nc,True,False,False,False,20242025
Sat.,2024-11-30,4:00 ET,Air Force,2,@,Brown,5,,,nc,True,False,False,False,20242025
Sat.,2024-11-30,4:00 ET,Ohio State,1,@,Princeton,3,,,nc,True,False,False,False,20242025
Sat.,2024-11-30,8:00 ET,Quinnipiac,3,vs,Cornell,3,OT,,nc,True,True,False,True,20242025
Sat.,2024-11-30,3:00 ET,Maine,6,@,RPI,0,,,nc,True,False,False,False,20242025
Sat.,2024-11-30,4:00 ET,RIT,1,@,New Hampshire,6,,,nc,True,False,False,False,20242025
Sat.,2024-11-30,6:07 CT,Bemidji State,3,@,North Dakota,3,OT,,nc,True,False,False,True,20242025
Sun.,2024-12-01,4:00 ET,Lindenwood,0,@,Michigan State,2,,,nc,True,False,False,False,20242025
Sun.,2024-12-01,3:00 ET,Maine,6,@,RPI,2,,,nc,True,False,False,False,20242025
Sun.,2024-12-01,3:00 ET,Bentley,1,@,Northeastern,3,,,nc,True,False,False,False,20242025
Sun.,2024-12-01,4:00 ET,Dartmouth,3,@,Vermont,1,,,nc,True,False,False,False,20242025
Tue.,2024-12-03,7:05 ET,Canisius,6,@,RIT,4,,,ah,True,False,False,False,20242025
Tue.,2024-12-03,7:00 ET,Army,0,@,Sacred Heart,4,,,ah,True,False,False,False,20242025
Wed.,2024-12-04,7:00 ET,Connecticut,1,@,Boston College,2,OT,,he,True,False,False,True,20242025
Wed.,2024-12-04,7:00 ET,Alaska Anchorage,4,@,Stonehill,1,,,nc,True,False,False,False,20242025
Thu.,2024-12-05,7:30 ET,Penn State,0,@,Ohio State,4,,,b10,True,False,False,False,20242025
Fri.,2024-12-06,1:00 ET,Holy Cross,1,@,aic,0,OT,,ah,True,False,False,True,20242025
Fri.,2024-12-06,7:05 MT,Niagara,3,@,Air Force,2,OT,,ah,True,False,False,True,20242025
Fri.,2024-12-06,7:00 ET,Bentley,4,@,Mercyhurst,2,,,ah,True,False,False,False,20242025
Fri.,2024-12-06,7:00 ET,Sacred Heart,4,@,Canisius,2,,,ah,True,False,False,False,20242025
Fri.,2024-12-06,7:05 ET,Robert Morris,7,@,RIT,3,,,ah,True,False,False,False,20242025
Fri.,2024-12-06,7:00 CT,Michigan,0,@,Minnesota,6,,,b10,True,False,False,False,20242025
Fri.,2024-12-06,7:00 ET,Penn State,2,@,Ohio State,4,,,b10,True,False,False,False,20242025
Fri.,2024-12-06,7:00 CT,Michigan State,0,@,Wisconsin,4,,,b10,True,False,False,False,20242025
Fri.,2024-12-06,7:07 ET,Ferris State,3,@,Northern Michigan,1,,,cc2,True,False,False,False,20242025
Fri.,2024-12-06,7:07 CT,Bowling Green,1,@,Minnesota State,4,,,cc2,True,False,False,False,20242025
Fri.,2024-12-06,7:07 ET,Bemidji State,4,@,Lake Superior,2,,,cc2,True,False,False,False,20242025
Fri.,2024-12-06,7:07 ET,St. Thomas,1,@,Michigan Tech,2,,,cc2,True,False,False,False,20242025
Fri.,2024-12-06,7:00 ET,Colgate,2,@,Cornell,3,OT,,ec,True,False,False,True,20242025
Fri.,2024-12-06,7:00 ET,Clarkson,4,@,Harvard,3,,,ec,True,False,False,False,20242025
Fri.,2024-12-06,7:00 ET,Union,1,@,Princeton,2,,,ec,True,False,False,False,20242025
Fri.,2024-12-06,7:00 ET,RPI,1,@,Quinnipiac,3,,,ec,True,False,False,False,20242025
Fri.,2024-12-06,7:00 ET,St. Lawrence,3,@,Dartmouth,2,,,ec,True,False,False,False,20242025
Fri.,2024-12-06,7:15 ET,Boston College,3,@,UMass Lowell,3,OT,,he,True,False,False,True,20242025
Fri.,2024-12-06,7:00 ET,New Hampshire,5,@,Northeastern,3,,,he,True,False,False,False,20242025
Fri.,2024-12-06,7:00 ET,Denver,2,@,Western Michigan,3,,,nt,True,False,False,False,20242025
Fri.,2024-12-06,7:30 CT,Omaha,4,@,St. Cloud State,3,OT,,nt,True,False,False,True,20242025
Fri.,2024-12-06,7:00 MT,Minnesota Duluth,3,@,Arizona State,5,,,nt,True,False,False,False,20242025
Fri.,2024-12-06,7:05 ET,North Dakota,5,@,Miami,4,,,nt,True,False,False,False,20242025
Fri.,2024-12-06,7:07 AT,Augustana,3,@,Alaska,1,,,nc,True,False,False,False,20242025
Fri.,2024-12-06,7:00 ET,Alaska Anchorage,2,@,Merrimack,4,,,nc,True,False,False,False,20242025
Fri.,2024-12-06,7:00 ET,LIU,3,@,Vermont,2,,,nc,True,False,False,False,20242025
Fri.,2024-12-06,7:00 ET,Colorado College,3,@,Providence,4,,,nc,True,False,False,False,20242025
Sat.,2024-12-07,5:00 ET,Bentley,2,@,Mercyhurst,2,OT,,ah,True,False,False,True,20242025
Sat.,2024-12-07,5:05 ET,Robert Morris,3,@,RIT,4,OT,,ah,True,False,False,True,20242025
Sat.,2024-12-07,7:00 ET,Sacred Heart,3,@,Canisius,3,OT,,ah,True,False,False,True,20242025
Sat.,2024-12-07,5:05 MT,Niagara,2,@,Air Force,4,,,ah,True,False,False,False,20242025
Sat.,2024-12-07,7:00 CT,Michigan State,3,@,Wisconsin,2,OT,,b10,True,False,False,True,20242025
Sat.,2024-12-07,5:00 CT,Michigan,0,@,Minnesota,2,,,b10,True,False,False,False,20242025
Sat.,2024-12-07,6:07 ET,Ferris State,2,@,Northern Michigan,1,,,cc2,True,False,False,False,20242025
Sat.,2024-12-07,6:07 CT,Bowling Green,2,@,Minnesota State,3,OT,,cc2,True,False,False,True,20242025
Sat.,2024-12-07,6:07 ET,Bemidji State,3,@,Lake Superior,4,,,cc2,True,False,False,False,20242025
Sat.,2024-12-07,6:07 ET,St. Thomas,4,@,Michigan Tech,1,,,cc2,True,False,False,False,20242025
Sat.,2024-12-07,4:00 ET,Union,1,@,Quinnipiac,3,,,ec,True,False,False,False,20242025
Sat.,2024-12-07,7:00 ET,Clarkson,3,@,Dartmouth,2,,,ec,True,False,False,False,20242025
Sat.,2024-12-07,7:00 ET,RPI,2,@,Princeton,6,,,ec,True,False,False,False,20242025
Sat.,2024-12-07,7:00 ET,St. Lawrence,0,@,Harvard,0,OT,,ec,True,False,False,True,20242025
Sat.,2024-12-07,7:00 ET,Cornell,3,@,Colgate,6,,,ec,True,False,False,False,20242025
Sat.,2024-12-07,6:00 ET,Massachusetts,4,@,Boston University,0,,,he,True,False,False,False,20242025
Sat.,2024-12-07,6:00 ET,Denver,3,@,Western Michigan,2,OT,,nt,True,False,False,True,20242025
Sat.,2024-12-07,6:00 CT,Omaha,2,@,St. Cloud State,5,,,nt,True,False,False,False,20242025
Sat.,2024-12-07,5:00 MT,Minnesota Duluth,2,@,Arizona State,3,OT,,nt,True,False,False,True,20242025
Sat.,2024-12-07,7:05 ET,North Dakota,4,@,Miami,2,,,nt,True,False,False,False,20242025
Sat.,2024-12-07,7:07 AT,Augustana,1,@,Alaska,2,,,nc,True,False,False,False,20242025
Sat.,2024-12-07,7:00 ET,Alaska Anchorage,3,@,Merrimack,1,,,nc,True,False,False,False,20242025
Sat.,2024-12-07,2:00 ET,Stonehill,2,@,Maine,5,,,nc,True,False,False,False,20242025
Sat.,2024-12-07,6:00 ET,LIU,4,@,Vermont,7,,,nc,True,False,False,False,20242025
Sat.,2024-12-07,7:00 ET,Brown,3,@,Northeastern,4,,,nc,True,False,False,False,20242025
Sat.,2024-12-07,6:00 ET,Colorado College,1,@,Providence,5,,,nc,True,False,False,False,20242025
Sun.,2024-12-08,3:00 ET,Stonehill,2,@,Maine,4,,,nc,True,False,False,False,20242025
Mon.,2024-12-09,7:00 ET,UMass Lowell,2,@,Boston College,3,,,he,True,False,False,False,20242025
Wed.,2024-12-11,7:00 ET,Boston University,4,@,Massachusetts,2,,,he,True,False,False,False,20242025
Thu.,2024-12-12,8:30 ET,Penn State,4,vs,Army,1,,,nc,True,True,False,False,20242025
Thu.,2024-12-12,7:07 AT,Augustana,2,@,Alaska Anchorage,2,OT,,nc,True,False,False,True,20242025
Fri.,2024-12-13,6:00 ET,Wisconsin,4,@,Michigan,0,,,b10,True,False,False,False,20242025
Fri.,2024-12-13,7:00 ET,Notre Dame,1,@,Ohio State,2,OT,,b10,True,False,False,True,20242025
Fri.,2024-12-13,7:30 CT,Michigan State,3,@,Minnesota,3,OT,,b10,True,False,False,True,20242025
Fri.,2024-12-13,7:07 CT,Lake Superior,1,@,Minnesota State,2,,,cc2,True,False,False,False,20242025
Fri.,2024-12-13,7:07 CT,Michigan Tech,2,@,Bemidji State,2,OT,,cc2,True,False,False,True,20242025
Fri.,2024-12-13,7:07 ET,Northern Michigan,0,@,Bowling Green,2,,,cc2,True,False,False,False,20242025
Fri.,2024-12-13,7:00 ET,USNTDP,5,@,Boston University,7,,,ex,True,False,True,False,20242025
Fri.,2024-12-13,7:00 MT,Denver,4,@,Colorado College,5,,,nt,True,False,False,False,20242025
Fri.,2024-12-13,7:07 CT,St. Cloud State,0,@,North Dakota,2,,,nt,True,False,False,False,20242025
Fri.,2024-12-13,7:07 AT,Augustana,3,@,Alaska Anchorage,2,OT,,nc,True,False,False,True,20242025
Fri.,2024-12-13,7:30 ET,Stonehill,1,@,LIU,3,,,nc,True,False,False,False,20242025
Fri.,2024-12-13,7:00 ET,New Hampshire,3,@,Dartmouth,3,OT,,nc,True,False,False,True,20242025
Fri.,2024-12-13,7:00 ET,Vermont,6,@,Union,2,,,nc,True,False,False,False,20242025
Fri.,2024-12-13,7:07 CT,Lindenwood,3,@,Omaha,2,,,nc,True,False,False,False,20242025
Sat.,2024-12-14,1:00 ET,Robert Morris,5,@,Canisius,2,,,ah,True,False,False,False,20242025
Sat.,2024-12-14,7:00 ET,Notre Dame,1,@,Ohio State,3,,,b10,True,False,False,False,20242025
Sat.,2024-12-14,7:00 ET,Wisconsin,2,@,Michigan,3,OT,,b10,True,False,False,True,20242025
Sat.,2024-12-14,5:00 CT,Michigan State,5,@,Minnesota,3,,,b10,True,False,False,False,20242025
Sat.,2024-12-14,6:07 CT,Lake Superior,2,@,Minnesota State,3,OT,,cc2,True,False,False,True,20242025
Sat.,2024-12-14,6:07 CT,Michigan Tech,9,@,Bemidji State,5,,,cc2,True,False,False,False,20242025
Sat.,2024-12-14,7:07 ET,Northern Michigan,3,@,Bowling Green,4,,,cc2,True,False,False,False,20242025
Sat.,2024-12-14,7:30 ET,USNTDP,2,@,New Hampshire,6,,,ex,True,False,True,False,20242025
Sat.,2024-12-14,6:00 ET,Northeastern,1,@,Merrimack,4,,,he,True,False,False,False,20242025
Sat.,2024-12-14,7:00 MT,Colorado College,1,@,Denver,2,,,nt,True,False,False,False,20242025
Sat.,2024-12-14,6:07 CT,St. Cloud State,3,@,North Dakota,4,OT,,nt,True,False,False,True,20242025
Sat.,2024-12-14,7:00 ET,RPI,3,@,Mercyhurst,3,OT,,nc,True,False,False,True,20242025
Sat.,2024-12-14,7:30 ET,Stonehill,1,@,LIU,6,,,nc,True,False,False,False,20242025
Sat.,2024-12-14,4:00 ET,Vermont,3,@,Union,2,,,nc,True,False,False,False,20242025
Sat.,2024-12-14,7:07 CT,Lindenwood,1,@,Omaha,2,,,nc,True,False,False,False,20242025
Sun.,2024-12-15,4:00 ET,Robert Morris,3,@,Canisius,1,,,ah,True,False,False,False,20242025
Sun.,2024-12-15,4:00 ET,RPI,5,@,Mercyhurst,2,,,nc,True,False,False,False,20242025
Sat.,2024-12-28,1:00 ET,Sacred Heart,4,@,aic,1,,,ah,True,False,False,False,20242025
Sat.,2024-12-28,6:00 ET,Simon Fraser,3,@,Massachusetts,4,,,ex,True,False,True,False,20242025
Sat.,2024-12-28,6:00 MT,USNTDP,3,@,Arizona State,4,,,ex,True,False,True,False,20242025
Sat.,2024-12-28,6:00 MT,UNLV,6,@,Denver,6,OT,,ex,True,False,True,True,20242025
Sat.,2024-12-28,5:00 CT,Ferris State,0,vs,Wisconsin,8,,,nc,True,True,False,False,20242025
Sat.,2024-12-28,1:30 CT,Alaska,1,vs,Connecticut,4,,,nc,True,True,False,False,20242025
Sat.,2024-12-28,7:30 ET,Alaska Anchorage,4,@,Dartmouth,5,,,nc,True,False,False,False,20242025
Sat.,2024-12-28,4:00 ET,Providence,3,vs,Northeastern,1,,,nc,True,True,False,False,20242025
Sat.,2024-12-28,7:00 ET,Princeton,1,@,Army,0,,,nc,True,False,False,False,20242025
Sat.,2024-12-28,3:00 ET,New Hampshire,7,@,RPI,4,,,nc,True,False,False,False,20242025
Sun.,2024-12-29,1:00 ET,Concordia,5,@,Clarkson,1,,,ex,True,False,True,False,20242025
Sun.,2024-12-29,3:30 ET,Simon Fraser,2,@,UMass Lowell,9,,,ex,True,False,True,False,20242025
Sun.,2024-12-29,6:00 MT,UNLV,0,@,Colorado College,8,,,ex,True,False,True,False,20242025
Sun.,2024-12-29,6:00 MT,USNTDP,0,@,Arizona State,1,,,ex,True,False,True,False,20242025
Sun.,2024-12-29,,Manitoba,0,@,Omaha,5,,,ex,True,False,True,False,20242025
Sun.,2024-12-29,7:00 ET,Northern Michigan,0,vs,Michigan State,2,,,nc,True,True,False,False,20242025
Sun.,2024-12-29,3:30 ET,Western Michigan,4,vs,Michigan Tech,3,OT,,nc,True,True,False,True,20242025
Sun.,2024-12-29,1:30 CT,Ferris State,1,vs,Alaska,4,,,nc,True,True,False,False,20242025
Sun.,2024-12-29,5:00 CT,Wisconsin,4,vs,Connecticut,3,,,nc,True,True,False,False,20242025
Sun.,2024-12-29,4:00 ET,Northeastern,4,vs,Alaska Anchorage,3,OT,,nc,True,True,False,True,20242025
Sun.,2024-12-29,7:30 ET,Providence,5,@,Dartmouth,3,,,nc,True,False,False,False,20242025
Sun.,2024-12-29,6:00 ET,Vermont,6,@,Army,0,,,nc,True,False,False,False,20242025
Sun.,2024-12-29,3:00 ET,RIT,1,@,Bowling Green,2,,,nc,True,False,False,False,20242025
Sun.,2024-12-29,4:00 ET,aic,5,@,Quinnipiac,6,,,nc,True,False,False,False,20242025
Sun.,2024-12-29,2:00 ET,LIU,0,@,Brown,3,,,nc,True,False,False,False,20242025
Sun.,2024-12-29,4:00 ET,Boston University,5,@,Yale,7,,,nc,True,False,False,False,20242025
Sun.,2024-12-29,4:00 ET,Bentley,4,@,Maine,2,,,nc,True,False,False,False,20242025
Sun.,2024-12-29,4:07 CT,St. Thomas,1,@,St. Cloud State,2,,,nc,True,False,False,False,20242025
Mon.,2024-12-30,2:00 ET,Guelph,2,@,Niagara,5,,,ex,True,False,True,False,20242025
Mon.,2024-12-30,3:00 CT,Manitoba,1,@,Minnesota State,6,,,ex,True,False,True,False,20242025
Mon.,2024-12-30,7:00 ET,Western Michigan,1,vs,Michigan State,3,,,nc,True,True,False,False,20242025
Mon.,2024-12-30,3:30 ET,Northern Michigan,3,vs,Michigan Tech,4,OT,,nc,True,True,False,True,20242025
Tue.,2024-12-31,7:07 CT,Minnesota Duluth,4,@,Bemidji State,2,,,nc,True,False,False,False,20242025
Tue.,2024-12-31,2:00 ET,Holy Cross,1,@,LIU,3,,,nc,True,False,False,False,20242025
Wed.,2025-01-01,7:00 ET,Quinnipiac,3,@,Harvard,2,OT,,ec,True,False,False,True,20242025
Thu.,2025-01-02,6:30 ET,Wisconsin,3,@,Michigan State,4,,,b10,True,False,False,False,20242025
Fri.,2025-01-03,7:00 ET,Air Force,0,@,Sacred Heart,3,,,ah,True,False,False,False,20242025
Fri.,2025-01-03,7:00 ET,Bentley,2,@,Niagara,3,OT,,ah,True,False,False,True,20242025
Fri.,2025-01-03,7:30 CT,Penn State,3,vs,Notre Dame,3,OT,,b10,True,True,False,True,20242025
Fri.,2025-01-03,4:00 CT,Ohio State,4,vs,Michigan,3,,,b10,True,True,False,False,20242025
Fri.,2025-01-03,7:07 ET,Bowling Green,3,@,Lake Superior,0,,,cc2,True,False,False,False,20242025
Fri.,2025-01-03,7:00 PT,Michigan Tech,2,vs,UMass Lowell,3,,,nc,True,True,False,False,20242025
Fri.,2025-01-03,3:30 PT,Holy Cross,3,vs,Omaha,4,OT,,nc,True,True,False,True,20242025
Fri.,2025-01-03,3:30 MT,Massachusetts,2,vs,Cornell,4,,,nc,True,True,False,False,20242025
Fri.,2025-01-03,7:00 MT,Robert Morris,3,@,Arizona State,7,,,nc,True,False,False,False,20242025
Fri.,2025-01-03,7:00 ET,Union,3,@,Brown,1,,,ec,True,False,False,False,20242025
Fri.,2025-01-03,7:00 ET,RPI,5,@,Yale,3,,,ec,True,False,False,False,20242025
Fri.,2025-01-03,7:07 CT,Manitoba,0,@,Bemidji State,5,,,ex,True,False,True,False,20242025
Fri.,2025-01-03,7:00 ET,Merrimack,5,@,Army,2,,,nc,True,False,False,False,20242025
Fri.,2025-01-03,7:00 CT,Mercyhurst,2,@,Minnesota,6,,,nc,True,False,False,False,20242025
Fri.,2025-01-03,7:00 ET,aic,3,@,Stonehill,1,,,nc,True,False,False,False,20242025
Fri.,2025-01-03,7:30 CT,St. Thomas,3,@,Lindenwood,2,OT,,nc,True,False,False,True,20242025
Fri.,2025-01-03,2:00 ET,Assumption,1,@,LIU,10,,,nc,True,False,False,False,20242025
Fri.,2025-01-03,7:00 ET,New Hampshire,3,@,Princeton,0,,,nc,True,False,False,False,20242025
Fri.,2025-01-03,7:00 ET,Denver,2,@,Maine,1,,,nc,True,False,False,False,20242025
Fri.,2025-01-03,7:00 MT,Augustana,5,@,Colorado College,1,,,nc,True,False,False,False,20242025
Fri.,2025-01-03,7:00 ET,Alaska Anchorage,1,@,Western Michigan,4,,,nc,True,False,False,False,20242025
Fri.,2025-01-03,7:07 CT,Alaska,2,@,Minnesota Duluth,2,OT,,nc,True,False,False,True,20242025
Sat.,2025-01-04,5:00 ET,Air Force,3,@,Sacred Heart,0,,,ah,True,False,False,False,20242025
Sat.,2025-01-04,5:00 ET,Bentley,2,@,Niagara,4,,,ah,True,False,False,False,20242025
Sat.,2025-01-04,8:00 CT,Wisconsin,3,vs,Michigan State,4,OT,,b10,True,True,False,True,20242025
Sat.,2025-01-04,6:07 ET,Bowling Green,3,@,Lake Superior,1,,,cc2,True,False,False,False,20242025
Sat.,2025-01-04,3:30 CT,Michigan Tech,4,vs,Holy Cross,3,OT,,nc,True,True,False,True,20242025
Sat.,2025-01-04,7:00 PT,Omaha,2,vs,UMass Lowell,3,,,nc,True,True,False,False,20242025
Sat.,2025-01-04,3:30 MT,Massachusetts,8,vs,Robert Morris,0,,,nc,True,True,False,False,20242025
Sat.,2025-01-04,7:00 MT,Cornell,0,@,Arizona State,4,,,nc,True,False,False,False,20242025
Sat.,2025-01-04,7:00 ET,Union,4,@,Yale,3,,,ec,True,False,False,False,20242025
Sat.,2025-01-04,7:00 ET,RPI,4,@,Brown,3,,,ec,True,False,False,False,20242025
Sat.,2025-01-04,5:05 ET,Guelph,3,@,RIT,5,,,ex,True,False,True,False,20242025
Sat.,2025-01-04,4:00 ET,Concordia,4,@,Colgate,7,,,ex,True,False,True,False,20242025
Sat.,2025-01-04,6:07 CT,Manitoba,0,@,North Dakota,5,,,ex,True,False,True,False,20242025
Sat.,2025-01-04,5:00 CT,Mercyhurst,2,@,Minnesota,5,,,nc,True,False,False,False,20242025
Sat.,2025-01-04,4:30 CT,St. Thomas,4,@,Lindenwood,2,,,nc,True,False,False,False,20242025
Sat.,2025-01-04,8:00 ET,Saint Anselm,1,@,LIU,14,,,nc,True,False,False,False,20242025
Sat.,2025-01-04,4:00 ET,Northeastern,5,@,Quinnipiac,1,,,nc,True,False,False,False,20242025
Sat.,2025-01-04,4:00 ET,New Hampshire,4,@,Princeton,3,,,nc,True,False,False,False,20242025
Sat.,2025-01-04,7:00 ET,Connecticut,7,@,Harvard,3,,,nc,True,False,False,False,20242025
Sat.,2025-01-04,7:00 ET,St. Lawrence,1,@,Vermont,8,,,nc,True,False,False,False,20242025
Sat.,2025-01-04,7:00 ET,Denver,1,@,Maine,2,,,nc,True,False,False,False,20242025
Sat.,2025-01-04,4:00 MT,Augustana,3,@,Colorado College,2,,,nc,True,False,False,False,20242025
Sat.,2025-01-04,6:00 ET,Alaska Anchorage,2,@,Western Michigan,5,,,nc,True,False,False,False,20242025
Sat.,2025-01-04,6:07 CT,Alaska,2,@,Minnesota Duluth,1,OT,,nc,True,False,False,True,20242025
Sun.,2025-01-05,5:00 ET,Ohio State,2,@,Michigan,3,OT,,b10,True,False,False,True,20242025
Sun.,2025-01-05,5:00 ET,Penn State,3,@,Notre Dame,0,,,b10,True,False,False,False,20242025
Sun.,2025-01-05,2:00 ET,Dartmouth,1,@,Merrimack,2,,,nc,True,False,False,False,20242025
Mon.,2025-01-06,7:00 ET,Stonehill,1,@,Quinnipiac,6,,,nc,True,False,False,False,20242025
Tue.,2025-01-07,7:00 ET,Army,2,@,aic,8,,,ah,True,False,False,False,20242025
Tue.,2025-01-07,7:00 ET,Providence,2,@,Brown,0,,,nc,True,False,False,False,20242025
Fri.,2025-01-10,7:00 ET,RIT,2,@,Canisius,5,,,ah,True,False,False,False,20242025
Fri.,2025-01-10,7:00 ET,Robert Morris,1,@,Holy Cross,4,,,ah,True,False,False,False,20242025
Fri.,2025-01-10,7:05 MT,Bentley,1,@,Air Force,0,,,ah,True,False,False,False,20242025
Fri.,2025-01-10,7:00 ET,Mercyhurst,1,@,Army,9,,,ah,True,False,False,False,20242025
Fri.,2025-01-10,7:00 ET,Michigan State,6,@,Penn State,4,,,b10,True,False,False,False,20242025
Fri.,2025-01-10,5:00 ET,Minnesota,1,@,Ohio State,5,,,b10,True,False,False,False,20242025
Fri.,2025-01-10,7:00 ET,Michigan,5,@,Notre Dame,3,,,b10,True,False,False,False,20242025
Fri.,2025-01-10,7:07 ET,Lake Superior,4,@,Michigan Tech,2,,,cc2,True,False,False,False,20242025
Fri.,2025-01-10,7:07 ET,Bemidji State,3,@,Bowling Green,4,OT,,cc2,True,False,False,True,20242025
Fri.,2025-01-10,7:07 ET,Minnesota State,2,@,Northern Michigan,3,,,cc2,True,False,False,False,20242025
Fri.,2025-01-10,7:07 CT,Ferris State,6,@,St. Thomas,9,,,cc2,True,False,False,False,20242025
Fri.,2025-01-10,7:00 ET,Yale,3,@,Dartmouth,2,,,ec,True,False,False,False,20242025
Fri.,2025-01-10,7:00 ET,Brown,1,@,Harvard,3,,,ec,True,False,False,False,20242025
Fri.,2025-01-10,7:00 ET,RPI,1,@,St. Lawrence,4,,,ec,True,False,False,False,20242025
Fri.,2025-01-10,7:00 ET,Union,3,@,Clarkson,5,,,ec,True,False,False,False,20242025
Fri.,2025-01-10,7:00 ET,Quinnipiac,4,@,Princeton,2,,,ec,True,False,False,False,20242025
Fri.,2025-01-10,7:07 AT,Simon Fraser,1,@,Alaska,2,OT,,ex,True,False,True,True,20242025
Fri.,2025-01-10,7:00 ET,Merrimack,5,@,Boston College,2,,,he,True,False,False,False,20242025
Fri.,2025-01-10,7:15 ET,Maine,3,@,UMass Lowell,1,,,he,True,False,False,False,20242025
Fri.,2025-01-10,7:00 ET,Vermont,1,@,Boston University,6,,,he,True,False,False,False,20242025
Fri.,2025-01-10,7:00 ET,Connecticut,4,@,New Hampshire,1,,,he,True,False,False,False,20242025
Fri.,2025-01-10,7:00 ET,Massachusetts,5,@,Northeastern,0,,,he,True,False,False,False,20242025
Fri.,2025-01-10,7:07 CT,St. Cloud State,0,@,Minnesota Duluth,2,,,nt,True,False,False,False,20242025
Fri.,2025-01-10,8:00 MT,North Dakota,1,@,Arizona State,4,,,nt,True,False,False,False,20242025
Fri.,2025-01-10,7:07 CT,Colorado College,2,@,Omaha,5,,,nt,True,False,False,False,20242025
Fri.,2025-01-10,7:00 MT,Miami,1,@,Denver,4,,,nt,True,False,False,False,20242025
Fri.,2025-01-10,6:00 ET,Alaska Anchorage,2,@,Niagara,6,,,nc,True,False,False,False,20242025
Fri.,2025-01-10,7:00 ET,Cornell,1,@,Sacred Heart,1,OT,,nc,True,False,False,True,20242025
Fri.,2025-01-10,7:00 ET,Lindenwood,3,@,Stonehill,0,,,nc,True,False,False,False,20242025
Fri.,2025-01-10,7:00 ET,LIU,1,@,Colgate,2,,,nc,True,False,False,False,20242025
Sat.,2025-01-11,7:00 ET,RIT,2,@,Canisius,5,,,ah,True,False,False,False,20242025
Sat.,2025-01-11,5:05 MT,Bentley,1,@,Air Force,4,,,ah,True,False,False,False,20242025
Sat.,2025-01-11,4:00 ET,Mercyhurst,1,@,Army,13,,,ah,True,False,False,False,20242025
Sat.,2025-01-11,6:00 ET,Robert Morris,2,@,Holy Cross,2,OT,,ah,True,False,False,True,20242025
Sat.,2025-01-11,6:00 ET,Michigan State,2,@,Penn State,2,OT,,b10,True,False,False,True,20242025
Sat.,2025-01-11,6:30 ET,Minnesota,6,@,Ohio State,1,,,b10,True,False,False,False,20242025
Sat.,2025-01-11,6:00 ET,Michigan,4,@,Notre Dame,7,,,b10,True,False,False,False,20242025
Sat.,2025-01-11,6:07 ET,Minnesota State,6,@,Northern Michigan,1,,,cc2,True,False,False,False,20242025
Sat.,2025-01-11,6:07 CT,Ferris State,3,@,St. Thomas,4,,,cc2,True,False,False,False,20242025
Sat.,2025-01-11,6:07 ET,Lake Superior,0,@,Michigan Tech,1,,,cc2,True,False,False,False,20242025
Sat.,2025-01-11,7:07 ET,Bemidji State,4,@,Bowling Green,4,OT,,cc2,True,False,False,True,20242025
Sat.,2025-01-11,7:00 ET,Princeton,0,@,Quinnipiac,3,,,ec,True,False,False,False,20242025
Sat.,2025-01-11,7:00 ET,RPI,4,@,Clarkson,1,,,ec,True,False,False,False,20242025
Sat.,2025-01-11,7:00 ET,Yale,1,@,Harvard,3,,,ec,True,False,False,False,20242025
Sat.,2025-01-11,7:00 ET,Union,8,@,St. Lawrence,5,,,ec,True,False,False,False,20242025
Sat.,2025-01-11,7:00 ET,Brown,2,@,Dartmouth,5,,,ec,True,False,False,False,20242025
Sat.,2025-01-11,7:07 AT,Simon Fraser,3,@,Alaska,6,,,ex,True,False,True,False,20242025
Sat.,2025-01-11,5:00 ET,Vermont,4,@,Boston University,7,,,he,True,False,False,False,20242025
Sat.,2025-01-11,3:30 ET,New Hampshire,2,@,Connecticut,3,,,he,True,False,False,False,20242025
Sat.,2025-01-11,7:00 ET,Boston College,4,@,Merrimack,1,,,he,True,False,False,False,20242025
Sat.,2025-01-11,6:00 ET,Northeastern,3,@,Massachusetts,0,,,he,True,False,False,False,20242025
Sat.,2025-01-11,6:05 ET,Maine,2,@,UMass Lowell,1,,,he,True,False,False,False,20242025
Sat.,2025-01-11,5:00 MT,North Dakota,4,@,Arizona State,3,OT,,nt,True,False,False,True,20242025
Sat.,2025-01-11,6:07 CT,St. Cloud State,2,@,Minnesota Duluth,5,,,nt,True,False,False,False,20242025
Sat.,2025-01-11,7:07 CT,Colorado College,1,@,Omaha,3,,,nt,True,False,False,False,20242025
Sat.,2025-01-11,6:00 MT,Miami,2,@,Denver,6,,,nt,True,False,False,False,20242025
Sat.,2025-01-11,7:00 ET,Alaska Anchorage,3,@,Niagara,1,,,nc,True,False,False,False,20242025
Sat.,2025-01-11,5:00 ET,Cornell,2,@,Sacred Heart,4,,,nc,True,False,False,False,20242025
Sat.,2025-01-11,5:00 ET,Lindenwood,2,@,Stonehill,3,,,nc,True,False,False,False,20242025
Sat.,2025-01-11,4:00 ET,LIU,1,@,Colgate,3,,,nc,True,False,False,False,20242025
Tue.,2025-01-14,7:00 ET,Harvard,1,@,Boston College,3,,,nc,True,False,False,False,20242025
Fri.,2025-01-17,7:00 ET,Air Force,2,@,Army,3,,,ah,True,False,False,False,20242025
Fri.,2025-01-17,7:00 ET,Holy Cross,3,@,Bentley,2,OT,,ah,True,False,False,True,20242025
Fri.,2025-01-17,7:00 ET,aic,2,@,Sacred Heart,5,,,ah,True,False,False,False,20242025
Fri.,2025-01-17,7:00 ET,Niagara,1,@,Mercyhurst,5,,,ah,True,False,False,False,20242025
Fri.,2025-01-17,7:00 ET,RIT,1,@,Robert Morris,6,,,ah,True,False,False,False,20242025
Fri.,2025-01-17,7:00 ET,Michigan State,2,@,Michigan,3,OT,,b10,True,False,False,True,20242025
Fri.,2025-01-17,7:00 CT,Notre Dame,2,@,Minnesota,5,,,b10,True,False,False,False,20242025
Fri.,2025-01-17,7:07 ET,St. Thomas,4,@,Lake Superior,3,OT,,cc2,True,False,False,True,20242025
Fri.,2025-01-17,7:07 CT,Northern Michigan,4,@,Bemidji State,1,,,cc2,True,False,False,False,20242025
Fri.,2025-01-17,7:07 CT,Michigan Tech,2,@,Minnesota State,5,,,cc2,True,False,False,False,20242025
Fri.,2025-01-17,7:07 ET,Bowling Green,4,@,Ferris State,3,,,cc2,True,False,False,False,20242025
Fri.,2025-01-17,7:00 ET,Harvard,5,@,RPI,2,,,ec,True,False,False,False,20242025
Fri.,2025-01-17,7:00 ET,Dartmouth,4,@,Union,0,,,ec,True,False,False,False,20242025
Fri.,2025-01-17,7:00 ET,Clarkson,7,@,Yale,4,,,ec,True,False,False,False,20242025
Fri.,2025-01-17,7:00 ET,Cornell,6,@,Princeton,2,,,ec,True,False,False,False,20242025
Fri.,2025-01-17,7:00 ET,St. Lawrence,2,@,Brown,3,,,ec,True,False,False,False,20242025
Fri.,2025-01-17,7:00 ET,Colgate,3,@,Quinnipiac,6,,,ec,True,False,False,False,20242025
Fri.,2025-01-17,7:00 ET,Northeastern,2,@,Vermont,1,OT,,he,True,False,False,True,20242025
Fri.,2025-01-17,7:00 ET,Massachusetts,2,@,Merrimack,3,,,he,True,False,False,False,20242025
Fri.,2025-01-17,7:00 ET,Providence,0,@,Boston College,3,,,he,True,False,False,False,20242025
Fri.,2025-01-17,7:00 ET,Boston University,6,@,New Hampshire,3,,,he,True,False,False,False,20242025
Fri.,2025-01-17,7:00 ET,Connecticut,4,@,Maine,2,,,he,True,False,False,False,20242025
Fri.,2025-01-17,7:07 CT,Western Michigan,3,@,North Dakota,2,OT,,nt,True,False,False,True,20242025
Fri.,2025-01-17,8:00 MT,Minnesota Duluth,2,@,Colorado College,7,,,nt,True,False,False,False,20242025
Fri.,2025-01-17,7:05 ET,Omaha,4,@,Miami,1,,,nt,True,False,False,False,20242025
Fri.,2025-01-17,7:30 CT,Arizona State,6,@,St. Cloud State,3,,,nt,True,False,False,False,20242025
Fri.,2025-01-17,7:00 ET,Canisius,0,@,Penn State,4,,,nc,True,False,False,False,20242025
Fri.,2025-01-17,7:00 CT,LIU,3,@,Wisconsin,6,,,nc,True,False,False,False,20242025
Fri.,2025-01-17,7:07 CT,Lindenwood,2,@,Augustana,3,,,nc,True,False,False,False,20242025
Sat.,2025-01-18,7:00 ET,RIT,3,@,Robert Morris,2,,,ah,True,False,False,False,20242025
Sat.,2025-01-18,7:00 ET,aic,3,@,Sacred Heart,6,,,ah,True,False,False,False,20242025
Sat.,2025-01-18,7:00 ET,Mercyhurst,3,@,Niagara,6,,,ah,True,False,False,False,20242025
Sat.,2025-01-18,6:00 ET,Holy Cross,5,@,Bentley,1,,,ah,True,False,False,False,20242025
Sat.,2025-01-18,4:00 ET,Air Force,3,@,Army,4,OT,,ah,True,False,False,True,20242025
Sat.,2025-01-18,5:00 CT,Notre Dame,4,@,Minnesota,3,OT,,b10,True,False,False,True,20242025
Sat.,2025-01-18,7:30 ET,Michigan,1,@,Michigan State,4,,,b10,True,False,False,False,20242025
Sat.,2025-01-18,6:07 ET,St. Thomas,3,@,Lake Superior,3,OT,,cc2,True,False,False,True,20242025
Sat.,2025-01-18,6:07 CT,Michigan Tech,1,@,Minnesota State,0,OT,,cc2,True,False,False,True,20242025
Sat.,2025-01-18,6:07 ET,Bowling Green,3,@,Ferris State,4,,,cc2,True,False,False,False,20242025
Sat.,2025-01-18,6:07 CT,Northern Michigan,3,@,Bemidji State,1,,,cc2,True,False,False,False,20242025
Sat.,2025-01-18,4:00 ET,Harvard,1,@,Union,4,,,ec,True,False,False,False,20242025
Sat.,2025-01-18,7:00 ET,Dartmouth,5,@,RPI,3,,,ec,True,False,False,False,20242025
Sat.,2025-01-18,7:00 ET,Cornell,2,@,Quinnipiac,2,OT,,ec,True,False,False,True,20242025
Sat.,2025-01-18,7:00 ET,Clarkson,2,@,Brown,4,,,ec,True,False,False,False,20242025
Sat.,2025-01-18,7:00 ET,St. Lawrence,2,@,Yale,3,,,ec,True,False,False,False,20242025
Sat.,2025-01-18,7:00 ET,Colgate,6,@,Princeton,4,,,ec,True,False,False,False,20242025
Sat.,2025-01-18,7:07 AT,Alaska,3,@,Alaska Anchorage,3,OT,,nc,True,False,False,True,20242025
Sat.,2025-01-18,7:00 ET,Boston College,4,@,Providence,1,,,he,True,False,False,False,20242025
Sat.,2025-01-18,6:00 ET,Merrimack,2,@,Massachusetts,5,,,he,True,False,False,False,20242025
Sat.,2025-01-18,6:00 ET,Northeastern,3,@,Vermont,2,,,he,True,False,False,False,20242025
Sat.,2025-01-18,7:00 ET,Connecticut,2,@,Maine,2,OT,,he,True,False,False,True,20242025
Sat.,2025-01-18,7:00 ET,New Hampshire,1,@,Boston University,2,OT,,he,True,False,False,True,20242025
Sat.,2025-01-18,6:00 MT,Minnesota Duluth,4,@,Colorado College,1,,,nt,True,False,False,False,20242025
Sat.,2025-01-18,7:05 ET,Omaha,3,@,Miami,1,,,nt,True,False,False,False,20242025
Sat.,2025-01-18,6:00 CT,Arizona State,5,@,St. Cloud State,3,,,nt,True,False,False,False,20242025
Sat.,2025-01-18,6:07 CT,Western Michigan,5,@,North Dakota,1,,,nt,True,False,False,False,20242025
Sat.,2025-01-18,5:00 ET,Canisius,2,@,Penn State,3,,,nc,True,False,False,False,20242025
Sat.,2025-01-18,6:00 CT,LIU,2,@,Wisconsin,2,OT,,nc,True,False,False,True,20242025
Sat.,2025-01-18,6:07 CT,Lindenwood,1,@,Augustana,1,OT,,nc,True,False,False,True,20242025
Sat.,2025-01-18,6:05 ET,Stonehill,3,@,UMass Lowell,2,OT,,nc,True,False,False,True,20242025
Tue.,2025-01-21,7:00 ET,Bentley,6,@,aic,1,,,ah,True,False,False,False,20242025
Tue.,2025-01-21,7:00 ET,Saint Anselm,0,@,Stonehill,7,,,nc,True,False,False,False,20242025
Tue.,2025-01-21,7:00 ET,Brown,5,@,Merrimack,1,,,nc,True,False,False,False,20242025
Fri.,2025-01-24,7:00 ET,Army,6,@,Robert Morris,3,,,ah,True,False,False,False,20242025
Fri.,2025-01-24,7:05 ET,Niagara,7,@,RIT,0,,,ah,True,False,False,False,20242025
Fri.,2025-01-24,1:00 ET,Canisius,4,@,aic,2,,,ah,True,False,False,False,20242025
Fri.,2025-01-24,7:05 MT,Holy Cross,3,@,Air Force,2,,,ah,True,False,False,False,20242025
Fri.,2025-01-24,7:00 ET,Ohio State,6,@,Penn State,6,OT,,b10,True,False,False,True,20242025
Fri.,2025-01-24,7:00 ET,Minnesota,3,@,Michigan State,9,,,b10,True,False,False,False,20242025
Fri.,2025-01-24,7:00 CT,Michigan,4,@,Wisconsin,5,,,b10,True,False,False,False,20242025
Fri.,2025-01-24,7:07 ET,Northern Michigan,2,@,Michigan Tech,3,,,cc2,True,False,False,False,20242025
Fri.,2025-01-24,7:07 ET,Minnesota State,0,@,Ferris State,2,,,cc2,True,False,False,False,20242025
Fri.,2025-01-24,7:07 ET,Augustana,1,@,Bowling Green,0,OT,,cc2,True,False,False,True,20242025
Fri.,2025-01-24,7:30 ET,Yale,2,@,Sacred Heart,8,,,nc,True,False,False,False,20242025
Fri.,2025-01-24,4:00 ET,Connecticut,2,vs,Quinnipiac,1,,,nc,True,True,False,False,20242025
Fri.,2025-01-24,7:00 ET,Clarkson,5,@,St. Lawrence,2,,,ec,True,False,False,False,20242025
Fri.,2025-01-24,7:00 ET,Dartmouth,2,@,Colgate,3,,,ec,True,False,False,False,20242025
Fri.,2025-01-24,7:00 ET,Harvard,1,@,Cornell,4,,,ec,True,False,False,False,20242025
Fri.,2025-01-24,7:15 ET,Providence,3,@,UMass Lowell,3,OT,,he,True,False,False,True,20242025
Fri.,2025-01-24,7:00 ET,Boston College,6,@,Boston University,2,,,he,True,False,False,False,20242025
Fri.,2025-01-24,7:00 ET,Vermont,3,@,New Hampshire,2,OT,,he,True,False,False,True,20242025
Fri.,2025-01-24,7:07 CT,St. Cloud State,3,@,Omaha,6,,,nt,True,False,False,False,20242025
Fri.,2025-01-24,7:00 MT,Colorado College,1,@,Arizona State,4,,,nt,True,False,False,False,20242025
Fri.,2025-01-24,7:07 CT,Denver,3,@,Minnesota Duluth,4,,,nt,True,False,False,False,20242025
Fri.,2025-01-24,7:00 ET,Miami,3,@,Western Michigan,8,,,nt,True,False,False,False,20242025
Fri.,2025-01-24,7:00 ET,Lindenwood,3,@,Notre Dame,2,,,nc,True,False,False,False,20242025
Fri.,2025-01-24,7:00 ET,Alaska,2,@,Massachusetts,4,,,nc,True,False,False,False,20242025
Sat.,2025-01-25,5:05 MT,Holy Cross,6,@,Air Force,3,,,ah,True,False,False,False,20242025
Sat.,2025-01-25,5:05 ET,Niagara,6,@,RIT,3,,,ah,True,False,False,False,20242025
Sat.,2025-01-25,5:00 ET,Canisius,2,@,aic,3,,,ah,True,False,False,False,20242025
Sat.,2025-01-25,5:00 ET,Army,2,@,Robert Morris,0,,,ah,True,False,False,False,20242025
Sat.,2025-01-25,5:00 ET,Ohio State,2,@,Penn State,3,OT,,b10,True,False,False,True,20242025
Sat.,2025-01-25,6:00 ET,Minnesota,3,@,Michigan State,3,OT,,b10,True,False,False,True,20242025
Sat.,2025-01-25,7:30 CT,Michigan,4,@,Wisconsin,4,OT,,b10,True,False,False,True,20242025
Sat.,2025-01-25,6:07 ET,Minnesota State,7,@,Ferris State,2,,,cc2,True,False,False,False,20242025
Sat.,2025-01-25,6:07 ET,Michigan Tech,4,@,Northern Michigan,0,,,cc2,True,False,False,False,20242025
Sat.,2025-01-25,7:07 ET,Augustana,1,@,Bowling Green,1,OT,,cc2,True,False,False,True,20242025
Sat.,2025-01-25,6:07 CT,Bemidji State,2,@,St. Thomas,3,,,cc2,True,False,False,False,20242025
Sat.,2025-01-25,7:30 ET,Connecticut,1,@,Sacred Heart,0,,,nc,True,False,False,False,20242025
Sat.,2025-01-25,4:00 ET,Yale,2,vs,Quinnipiac,6,,,nc,True,True,False,False,20242025
Sat.,2025-01-25,7:00 ET,St. Lawrence,2,@,Clarkson,1,,,ec,True,False,False,False,20242025
Sat.,2025-01-25,7:00 ET,Dartmouth,6,@,Cornell,1,,,ec,True,False,False,False,20242025
Sat.,2025-01-25,7:00 ET,Harvard,4,@,Colgate,1,,,ec,True,False,False,False,20242025
Sat.,2025-01-25,7:00 ET,Boston University,0,@,Boston College,2,,,he,True,False,False,False,20242025
Sat.,2025-01-25,7:00 ET,Merrimack,4,@,Northeastern,3,,,he,True,False,False,False,20242025
Sat.,2025-01-25,7:00 ET,Vermont,2,@,New Hampshire,5,,,he,True,False,False,False,20242025
Sat.,2025-01-25,4:30 ET,UMass Lowell,1,@,Providence,0,,,he,True,False,False,False,20242025
Sat.,2025-01-25,6:00 ET,Union,3,vs,RPI,2,OT,,nc,True,True,False,True,20242025
Sat.,2025-01-25,5:00 MT,Colorado College,5,@,Arizona State,4,,,nt,True,False,False,False,20242025
Sat.,2025-01-25,7:07 CT,St. Cloud State,1,@,Omaha,3,,,nt,True,False,False,False,20242025
Sat.,2025-01-25,6:07 CT,Denver,2,@,Minnesota Duluth,1,,,nt,True,False,False,False,20242025
Sat.,2025-01-25,6:00 ET,Miami,0,@,Western Michigan,2,,,nt,True,False,False,False,20242025
Sat.,2025-01-25,6:00 ET,Lindenwood,2,@,Notre Dame,4,,,nc,True,False,False,False,20242025
Sat.,2025-01-25,7:00 ET,Bentley,1,@,Princeton,3,,,nc,True,False,False,False,20242025
Sat.,2025-01-25,6:00 ET,Alaska,3,@,Massachusetts,7,,,nc,True,False,False,False,20242025
Sun.,2025-01-26,3:07 CT,Bemidji State,2,@,St. Thomas,1,,,cc2,True,False,False,False,20242025
Sun.,2025-01-26,4:00 ET,Bentley,0,@,Princeton,1,OT,,nc,True,False,False,True,20242025
Sun.,2025-01-26,2:00 ET,Stonehill,2,@,Brown,5,,,nc,True,False,False,False,20242025
Tue.,2025-01-28,7:00 ET,Canisius,4,@,Robert Morris,2,,,ah,True,False,False,False,20242025
Thu.,2025-01-30,8:00 ET,Michigan State,2,@,Ohio State,4,,,b10,True,False,False,False,20242025
Fri.,2025-01-31,7:00 ET,Sacred Heart,3,@,Niagara,2,,,ah,True,False,False,False,20242025
Fri.,2025-01-31,7:00 ET,Mercyhurst,4,@,Robert Morris,2,,,ah,True,False,False,False,20242025
Fri.,2025-01-31,7:05 MT,RIT,2,@,Air Force,1,,,ah,True,False,False,False,20242025
Fri.,2025-01-31,7:00 ET,Penn State,5,@,Michigan,4,,,b10,True,False,False,False,20242025
Fri.,2025-01-31,7:00 ET,Michigan State,4,@,Ohio State,1,,,b10,True,False,False,False,20242025
Fri.,2025-01-31,7:00 CT,Wisconsin,2,@,Minnesota,5,,,b10,True,False,False,False,20242025
Fri.,2025-01-31,7:07 CT,Lake Superior,3,@,Augustana,6,,,cc2,True,False,False,False,20242025
Fri.,2025-01-31,7:07 CT,St. Thomas,3,@,Minnesota State,2,,,cc2,True,False,False,False,20242025
Fri.,2025-01-31,7:07 CT,Ferris State,5,@,Bemidji State,1,,,cc2,True,False,False,False,20242025
Fri.,2025-01-31,7:07 ET,Bowling Green,3,@,Northern Michigan,2,OT,,cc2,True,False,False,True,20242025
Fri.,2025-01-31,7:00 ET,Cornell,1,@,St. Lawrence,2,,,ec,True,False,False,False,20242025
Fri.,2025-01-31,7:00 ET,Colgate,2,@,Clarkson,0,,,ec,True,False,False,False,20242025
Fri.,2025-01-31,7:00 ET,Quinnipiac,5,@,Dartmouth,4,OT,,ec,True,False,False,True,20242025
Fri.,2025-01-31,7:00 ET,Brown,6,@,RPI,5,OT,,ec,True,False,False,True,20242025
Fri.,2025-01-31,7:00 ET,Princeton,4,@,Harvard,3,OT,,ec,True,False,False,True,20242025
Fri.,2025-01-31,7:00 ET,Yale,3,@,Union,3,OT,,ec,True,False,False,True,20242025
Fri.,2025-01-31,7:10 CT,Simon Fraser,1,@,Lindenwood,5,,,ex,True,False,True,False,20242025
Fri.,2025-01-31,7:07 AT,Alaska Anchorage,1,@,Alaska,3,,,nc,True,False,False,False,20242025
Fri.,2025-01-31,7:00 ET,Connecticut,3,@,Providence,3,OT,,he,True,False,False,True,20242025
Fri.,2025-01-31,7:00 ET,UMass Lowell,0,@,Boston College,4,,,he,True,False,False,False,20242025
Fri.,2025-01-31,7:00 ET,New Hampshire,2,@,Boston University,7,,,he,True,False,False,False,20242025
Fri.,2025-01-31,7:00 ET,Northeastern,1,@,Maine,3,,,he,True,False,False,False,20242025
Fri.,2025-01-31,7:00 ET,Merrimack,2,@,Massachusetts,4,,,he,True,False,False,False,20242025
Fri.,2025-01-31,7:00 MT,Omaha,3,@,Denver,3,OT,,nt,True,False,False,True,20242025
Fri.,2025-01-31,7:05 ET,Arizona State,7,@,Miami,1,,,nt,True,False,False,False,20242025
Fri.,2025-01-31,7:30 CT,North Dakota,3,@,St. Cloud State,3,OT,,nt,True,False,False,True,20242025
Fri.,2025-01-31,7:00 MT,Western Michigan,4,@,Colorado College,1,,,nt,True,False,False,False,20242025
Fri.,2025-01-31,2:00 ET,Stonehill,2,@,LIU,4,,,nc,True,False,False,False,20242025
Sat.,2025-02-01,5:00 ET,Sacred Heart,3,@,Niagara,2,OT,,ah,True,False,False,True,20242025
Sat.,2025-02-01,7:00 ET,Mercyhurst,3,@,Robert Morris,3,OT,,ah,True,False,False,True,20242025
Sat.,2025-02-01,4:00 ET,Canisius,2,@,Holy Cross,3,OT,,ah,True,False,False,True,20242025
Sat.,2025-02-01,5:05 MT,RIT,3,@,Air Force,2,OT,,ah,True,False,False,True,20242025
Sat.,2025-02-01,6:00 ET,Penn State,3,@,Michigan,7,,,b10,True,False,False,False,20242025
Sat.,2025-02-01,5:00 CT,Wisconsin,1,@,Minnesota,4,,,b10,True,False,False,False,20242025
Sat.,2025-02-01,6:07 ET,Bowling Green,5,@,Northern Michigan,2,,,cc2,True,False,False,False,20242025
Sat.,2025-02-01,6:07 CT,Minnesota State,3,@,St. Thomas,2,OT,,cc2,True,False,False,True,20242025
Sat.,2025-02-01,6:07 CT,Ferris State,3,@,Bemidji State,1,,,cc2,True,False,False,False,20242025
Sat.,2025-02-01,6:07 CT,Lake Superior,3,@,Augustana,4,,,cc2,True,False,False,False,20242025
Sat.,2025-02-01,7:00 ET,Cornell,3,@,Clarkson,3,OT,,ec,True,False,False,True,20242025
Sat.,2025-02-01,7:00 ET,Colgate,6,@,St. Lawrence,1,,,ec,True,False,False,False,20242025
Sat.,2025-02-01,7:00 ET,Yale,2,@,RPI,5,,,ec,True,False,False,False,20242025
Sat.,2025-02-01,7:00 ET,Princeton,3,@,Dartmouth,1,,,ec,True,False,False,False,20242025
Sat.,2025-02-01,4:00 ET,Brown,1,@,Union,2,,,ec,True,False,False,False,20242025
Sat.,2025-02-01,2:00 ET,Army,3,@,Royal Military,2,,,ex,True,False,True,False,20242025
Sat.,2025-02-01,2:10 CT,Simon Fraser,4,@,Lindenwood,7,,,ex,True,False,True,False,20242025
Sat.,2025-02-01,7:07 AT,Alaska Anchorage,1,@,Alaska,5,,,nc,True,False,False,False,20242025
Sat.,2025-02-01,6:00 ET,Merrimack,2,@,UMass Lowell,3,,,he,True,False,False,False,20242025
Sat.,2025-02-01,3:30 ET,Providence,6,@,Connecticut,3,,,he,True,False,False,False,20242025
Sat.,2025-02-01,6:00 MT,Omaha,2,@,Denver,11,,,nt,True,False,False,False,20242025
Sat.,2025-02-01,7:05 ET,Arizona State,4,@,Miami,1,,,nt,True,False,False,False,20242025
Sat.,2025-02-01,6:00 CT,North Dakota,6,@,St. Cloud State,2,,,nt,True,False,False,False,20242025
Sat.,2025-02-01,6:00 MT,Western Michigan,2,@,Colorado College,3,OT,,nt,True,False,False,True,20242025
Sat.,2025-02-01,2:00 ET,Stonehill,2,@,LIU,0,,,nc,True,False,False,False,20242025
Sun.,2025-02-02,3:00 ET,Canisius,1,@,Holy Cross,4,,,ah,True,False,False,False,20242025
Sun.,2025-02-02,4:00 ET,Massachusetts,2,@,Maine,3,,,he,True,False,False,False,20242025
Mon.,2025-02-03,5:00 ET,Boston University,1,vs,Harvard,1,,,nc,True,True,False,False,20242025
Mon.,2025-02-03,8:00 ET,Northeastern,2,vs,Boston College,8,,,nc,True,True,False,False,20242025
Tue.,2025-02-04,7:00 ET,Army,2,@,Bentley,5,,,ah,True,False,False,False,20242025
Thu.,2025-02-06,7:00 ET,Brown,2,@,Yale,1,,,ec,True,False,False,False,20242025
Thu.,2025-02-06,7:45 ET,Lindenwood,2,@,LIU,4,,,nc,True,False,False,False,20242025
Fri.,2025-02-07,7:00 ET,Robert Morris,0,@,Bentley,1,,,ah,True,False,False,False,20242025
Fri.,2025-02-07,7:00 ET,aic,5,@,Mercyhurst,0,,,ah,True,False,False,False,20242025
Fri.,2025-02-07,7:00 ET,Air Force,5,@,Canisius,3,,,ah,True,False,False,False,20242025
Fri.,2025-02-07,7:05 ET,Holy Cross,9,@,RIT,2,,,ah,True,False,False,False,20242025
Fri.,2025-02-07,7:00 ET,Sacred Heart,2,@,Army,2,OT,,ah,True,False,False,True,20242025
Fri.,2025-02-07,7:00 CT,Penn State,2,@,Wisconsin,0,,,b10,True,False,False,False,20242025
Fri.,2025-02-07,7:00 ET,Ohio State,5,@,Notre Dame,1,,,b10,True,False,False,False,20242025
Fri.,2025-02-07,7:00 ET,Michigan,2,@,Michigan State,1,,,b10,True,False,False,False,20242025
Fri.,2025-02-07,7:07 ET,St. Thomas,1,@,Bowling Green,4,,,cc2,True,False,False,False,20242025
Fri.,2025-02-07,7:07 ET,Bemidji State,5,@,Michigan Tech,3,,,cc2,True,False,False,False,20242025
Fri.,2025-02-07,7:07 ET,Northern Michigan,2,@,Lake Superior,3,,,cc2,True,False,False,False,20242025
Fri.,2025-02-07,7:07 CT,Augustana,1,@,Minnesota State,4,,,cc2,True,False,False,False,20242025
Fri.,2025-02-07,7:00 ET,St. Lawrence,1,@,Quinnipiac,6,,,ec,True,False,False,False,20242025
Fri.,2025-02-07,7:00 ET,Clarkson,4,@,Princeton,1,,,ec,True,False,False,False,20242025
Fri.,2025-02-07,7:00 ET,Union,2,@,Colgate,2,OT,,ec,True,False,False,True,20242025
Fri.,2025-02-07,7:00 ET,RPI,2,@,Cornell,4,,,ec,True,False,False,False,20242025
Fri.,2025-02-07,7:00 ET,Harvard,2,@,Dartmouth,3,,,ec,True,False,False,False,20242025
Fri.,2025-02-07,7:00 ET,Boston University,1,@,Merrimack,2,OT,,he,True,False,False,True,20242025
Fri.,2025-02-07,7:15 ET,Vermont,5,@,UMass Lowell,3,,,he,True,False,False,False,20242025
Fri.,2025-02-07,7:00 ET,Boston College,4,@,New Hampshire,2,,,he,True,False,False,False,20242025
Fri.,2025-02-07,4:00 ET,Massachusetts,5,@,Connecticut,4,,,he,True,False,False,False,20242025
Fri.,2025-02-07,7:00 ET,Maine,3,@,Providence,3,OT,,he,True,False,False,True,20242025
Fri.,2025-02-07,7:07 CT,Colorado College,6,@,North Dakota,4,,,nt,True,False,False,False,20242025
Fri.,2025-02-07,7:07 CT,Minnesota Duluth,1,@,Omaha,4,,,nt,True,False,False,False,20242025
Fri.,2025-02-07,7:00 MT,Denver,5,@,Arizona State,4,OT,,nt,True,False,False,True,20242025
Fri.,2025-02-07,7:00 ET,St. Cloud State,0,@,Western Michigan,4,,,nt,True,False,False,False,20242025
Fri.,2025-02-07,7:30 ET,Lindenwood,2,@,LIU,3,,,nc,True,False,False,False,20242025
Sat.,2025-02-08,4:00 ET,Air Force,3,@,Canisius,2,OT,,ah,True,False,False,True,20242025
Sat.,2025-02-08,6:00 ET,Robert Morris,0,@,Bentley,6,,,ah,True,False,False,False,20242025
Sat.,2025-02-08,4:00 ET,Sacred Heart,3,@,Army,5,,,ah,True,False,False,False,20242025
Sat.,2025-02-08,5:05 ET,Holy Cross,3,@,RIT,0,,,ah,True,False,False,False,20242025
Sat.,2025-02-08,4:00 ET,aic,4,@,Mercyhurst,1,,,ah,True,False,False,False,20242025
Sat.,2025-02-08,6:00 CT,Penn State,6,@,Wisconsin,2,,,b10,True,False,False,False,20242025
Sat.,2025-02-08,6:00 ET,Ohio State,5,@,Notre Dame,1,,,b10,True,False,False,False,20242025
Sat.,2025-02-08,8:00 ET,Michigan State,6,vs,Michigan,1,,,b10,True,True,False,False,20242025
Sat.,2025-02-08,5:07 ET,Bemidji State,6,@,Michigan Tech,5,OT,,cc2,True,False,False,True,20242025
Sat.,2025-02-08,6:07 ET,Northern Michigan,3,@,Lake Superior,2,OT,,cc2,True,False,False,True,20242025
Sat.,2025-02-08,6:07 CT,Augustana,1,@,Minnesota State,2,,,cc2,True,False,False,False,20242025
Sat.,2025-02-08,7:07 ET,St. Thomas,2,@,Bowling Green,1,,,cc2,True,False,False,False,20242025
Sat.,2025-02-08,7:00 ET,Union,4,@,Cornell,1,,,ec,True,False,False,False,20242025
Sat.,2025-02-08,7:00 ET,RPI,0,@,Colgate,4,,,ec,True,False,False,False,20242025
Sat.,2025-02-08,7:00 ET,Clarkson,3,@,Quinnipiac,2,OT,,ec,True,False,False,True,20242025
Sat.,2025-02-08,7:00 ET,St. Lawrence,4,@,Princeton,4,OT,,ec,True,False,False,True,20242025
Sat.,2025-02-08,5:07 AT,Alaska Anchorage,3,@,Alaska,3,OT,,nc,True,False,False,True,20242025
Sat.,2025-02-08,3:30 ET,UMass Lowell,4,@,Connecticut,5,OT,,he,True,False,False,True,20242025
Sat.,2025-02-08,6:00 ET,Maine,1,@,Providence,0,OT,,he,True,False,False,True,20242025
Sat.,2025-02-08,7:00 ET,Merrimack,5,@,New Hampshire,4,,,he,True,False,False,False,20242025
Sat.,2025-02-08,6:00 ET,St. Cloud State,1,@,Western Michigan,6,,,nt,True,False,False,False,20242025
Sat.,2025-02-08,6:07 CT,Colorado College,1,@,North Dakota,3,,,nt,True,False,False,False,20242025
Sat.,2025-02-08,7:07 CT,Minnesota Duluth,2,@,Omaha,5,,,nt,True,False,False,False,20242025
Sat.,2025-02-08,5:00 MT,Denver,5,@,Arizona State,6,OT,,nt,True,False,False,True,20242025
Sun.,2025-02-09,2:00 ET,Yale,1,@,Brown,5,,,ec,True,False,False,False,20242025
Mon.,2025-02-10,4:30 ET,Northeastern,3,vs,Harvard,4,,,nc,True,True,False,False,20242025
Mon.,2025-02-10,7:30 ET,Boston University,4,vs,Boston College,1,,,nc,True,True,False,False,20242025
Tue.,2025-02-11,7:00 ET,Canisius,2,@,Niagara,6,,,ah,True,False,False,False,20242025
Wed.,2025-02-12,7:00 ET,Alaska Anchorage,2,@,Connecticut,5,,,nc,True,False,False,False,20242025
Thu.,2025-02-13,7:00 ET,Mercyhurst,1,@,Holy Cross,4,,,ah,True,False,False,False,20242025
Fri.,2025-02-14,6:00 ET,Robert Morris,4,@,Niagara,3,OT,,ah,True,False,False,True,20242025
Fri.,2025-02-14,7:05 ET,aic,0,@,RIT,3,,,ah,True,False,False,False,20242025
Fri.,2025-02-14,7:00 ET,Canisius,3,@,Bentley,4,OT,,ah,True,False,False,True,20242025
Fri.,2025-02-14,6:00 ET,Mercyhurst,3,@,Holy Cross,7,,,ah,True,False,False,False,20242025
Fri.,2025-02-14,7:05 MT,Army,2,@,Air Force,1,,,ah,True,False,False,False,20242025
Fri.,2025-02-14,7:00 ET,Notre Dame,3,@,Penn State,5,,,b10,True,False,False,False,20242025
Fri.,2025-02-14,7:00 ET,Minnesota,2,@,Michigan,3,OT,,b10,True,False,False,True,20242025
Fri.,2025-02-14,7:00 ET,Wisconsin,1,@,Ohio State,4,,,b10,True,False,False,False,20242025
Fri.,2025-02-14,7:07 ET,Lake Superior,2,@,Ferris State,3,OT,,cc2,True,False,False,True,20242025
Fri.,2025-02-14,7:07 CT,Michigan Tech,1,@,Augustana,5,,,cc2,True,False,False,False,20242025
Fri.,2025-02-14,7:00 ET,Colgate,4,@,Yale,5,OT,,ec,True,False,False,True,20242025
Fri.,2025-02-14,7:00 ET,Cornell,6,@,Brown,1,,,ec,True,False,False,False,20242025
Fri.,2025-02-14,7:00 ET,Princeton,1,@,RPI,4,,,ec,True,False,False,False,20242025
Fri.,2025-02-14,7:00 ET,Harvard,6,@,St. Lawrence,2,,,ec,True,False,False,False,20242025
Fri.,2025-02-14,7:00 ET,Dartmouth,1,@,Clarkson,4,,,ec,True,False,False,False,20242025
Fri.,2025-02-14,7:00 ET,Quinnipiac,7,@,Union,2,,,ec,True,False,False,False,20242025
Fri.,2025-02-14,7:00 ET,Plymouth State,0,@,Stonehill,11,,,ex,True,False,True,False,20242025
Fri.,2025-02-14,7:00 ET,Vermont,4,@,Merrimack,2,,,he,True,False,False,False,20242025
Fri.,2025-02-14,7:00 ET,New Hampshire,1,@,Maine,1,OT,,he,True,False,False,True,20242025
Fri.,2025-02-14,7:00 ET,Massachusetts,3,@,Boston College,2,,,he,True,False,False,False,20242025
Fri.,2025-02-14,7:00 ET,Boston University,3,@,Providence,6,,,he,True,False,False,False,20242025
Fri.,2025-02-14,7:00 ET,UMass Lowell,0,@,Northeastern,2,,,he,True,False,False,False,20242025
Fri.,2025-02-14,7:00 ET,Omaha,4,@,Western Michigan,5,OT,,nt,True,False,False,True,20242025
Fri.,2025-02-14,7:00 MT,Miami,1,@,Colorado College,6,,,nt,True,False,False,False,20242025
Fri.,2025-02-14,7:07 CT,Arizona State,2,@,Minnesota Duluth,3,OT,,nt,True,False,False,True,20242025
Fri.,2025-02-14,7:00 MT,North Dakota,0,@,Denver,4,,,nt,True,False,False,False,20242025
Fri.,2025-02-14,2:00 ET,Alaska Anchorage,1,@,LIU,6,,,nc,True,False,False,False,20242025
Fri.,2025-02-14,7:10 CT,Alaska,2,@,Lindenwood,1,OT,,nc,True,False,False,True,20242025
Sat.,2025-02-15,5:05 MT,Army,4,@,Air Force,4,OT,,ah,True,False,False,True,20242025
Sat.,2025-02-15,7:00 ET,Niagara,2,@,Robert Morris,1,OT,,ah,True,False,False,True,20242025
Sat.,2025-02-15,4:00 ET,Canisius,5,@,Bentley,3,,,ah,True,False,False,False,20242025
Sat.,2025-02-15,6:05 ET,aic,3,@,RIT,3,OT,,ah,True,False,False,True,20242025
Sat.,2025-02-15,8:30 ET,Wisconsin,2,@,Ohio State,4,,,b10,True,False,False,False,20242025
Sat.,2025-02-15,5:00 ET,Notre Dame,2,@,Penn State,3,,,b10,True,False,False,False,20242025
Sat.,2025-02-15,6:00 ET,Minnesota,2,@,Michigan,2,OT,,b10,True,False,False,True,20242025
Sat.,2025-02-15,6:07 ET,Lake Superior,5,@,Ferris State,3,,,cc2,True,False,False,False,20242025
Sat.,2025-02-15,6:07 CT,Michigan Tech,4,@,Augustana,4,OT,,cc2,True,False,False,True,20242025
Sat.,2025-02-15,7:00 ET,Colgate,3,@,Brown,6,,,ec,True,False,False,False,20242025
Sat.,2025-02-15,7:00 ET,Cornell,5,@,Yale,3,,,ec,True,False,False,False,20242025
Sat.,2025-02-15,7:00 ET,Quinnipiac,6,@,RPI,2,,,ec,True,False,False,False,20242025
Sat.,2025-02-15,4:00 ET,Harvard,0,@,Clarkson,6,,,ec,True,False,False,False,20242025
Sat.,2025-02-15,7:00 ET,Dartmouth,2,@,St. Lawrence,3,OT,,ec,True,False,False,True,20242025
Sat.,2025-02-15,4:00 ET,Princeton,4,@,Union,7,,,ec,True,False,False,False,20242025
Sat.,2025-02-15,7:00 ET,Providence,0,@,Boston University,3,,,he,True,False,False,False,20242025
Sat.,2025-02-15,6:05 ET,Northeastern,1,@,UMass Lowell,3,,,he,True,False,False,False,20242025
Sat.,2025-02-15,6:00 ET,Boston College,4,@,Massachusetts,1,,,he,True,False,False,False,20242025
Sat.,2025-02-15,7:00 ET,New Hampshire,2,@,Maine,5,,,he,True,False,False,False,20242025
Sat.,2025-02-15,7:00 ET,Vermont,3,@,Merrimack,4,,,he,True,False,False,False,20242025
Sat.,2025-02-15,6:00 MT,North Dakota,3,@,Denver,1,,,nt,True,False,False,False,20242025
Sat.,2025-02-15,6:07 CT,Arizona State,3,@,Minnesota Duluth,3,OT,,nt,True,False,False,True,20242025
Sat.,2025-02-15,6:00 MT,Miami,4,@,Colorado College,5,OT,,nt,True,False,False,True,20242025
Sat.,2025-02-15,6:00 ET,Omaha,1,@,Western Michigan,6,,,nt,True,False,False,False,20242025
Sat.,2025-02-15,2:10 CT,Alaska,2,@,Lindenwood,5,,,nc,True,False,False,False,20242025
Sat.,2025-02-15,2:00 ET,Alaska Anchorage,2,@,LIU,4,,,nc,True,False,False,False,20242025
Tue.,2025-02-18,7:00 ET,Sacred Heart,3,@,aic,2,,,ah,True,False,False,False,20242025
Thu.,2025-02-20,7:00 ET,Bentley,3,@,Holy Cross,0,,,ah,True,False,False,False,20242025
Fri.,2025-02-21,7:00 ET,Army,2,@,aic,3,,,ah,True,False,False,False,20242025
Fri.,2025-02-21,7:00 ET,Air Force,4,@,Robert Morris,2,,,ah,True,False,False,False,20242025
Fri.,2025-02-21,7:05 ET,Mercyhurst,2,@,RIT,3,,,ah,True,False,False,False,20242025
Fri.,2025-02-21,7:00 ET,Niagara,6,@,Canisius,3,,,ah,True,False,False,False,20242025
Fri.,2025-02-21,6:00 ET,Penn State,2,@,Michigan State,2,OT,,b10,True,False,False,True,20242025
Fri.,2025-02-21,7:30 CT,Notre Dame,3,@,Wisconsin,7,,,b10,True,False,False,False,20242025
Fri.,2025-02-21,7:00 CT,Ohio State,1,@,Minnesota,4,,,b10,True,False,False,False,20242025
Fri.,2025-02-21,7:07 ET,St. Thomas,3,@,Northern Michigan,0,,,cc2,True,False,False,False,20242025
Fri.,2025-02-21,7:07 ET,Ferris State,1,@,Michigan Tech,6,,,cc2,True,False,False,False,20242025
Fri.,2025-02-21,7:05 ET,Minnesota State,4,@,Lake Superior,0,,,cc2,True,False,False,False,20242025
Fri.,2025-02-21,7:07 CT,Bowling Green,2,@,Bemidji State,3,,,cc2,True,False,False,False,20242025
Fri.,2025-02-21,7:00 ET,Yale,1,@,Quinnipiac,4,,,ec,True,False,False,False,20242025
Fri.,2025-02-21,7:00 ET,Clarkson,3,@,Cornell,1,,,ec,True,False,False,False,20242025
Fri.,2025-02-21,7:00 ET,St. Lawrence,4,@,Colgate,5,,,ec,True,False,False,False,20242025
Fri.,2025-02-21,7:00 ET,Brown,3,@,Princeton,2,OT,,ec,True,False,False,True,20242025
Fri.,2025-02-21,7:00 ET,RPI,2,@,Dartmouth,1,,,ec,True,False,False,False,20242025
Fri.,2025-02-21,7:00 ET,Union,2,@,Harvard,1,,,ec,True,False,False,False,20242025
Fri.,2025-02-21,7:00 ET,Boston College,6,@,Vermont,3,,,he,True,False,False,False,20242025
Fri.,2025-02-21,7:00 ET,Northeastern,5,@,Boston University,1,,,he,True,False,False,False,20242025
Fri.,2025-02-21,7:00 ET,Maine,2,@,Connecticut,3,OT,,he,True,False,False,True,20242025
Fri.,2025-02-21,7:00 ET,Massachusetts,3,@,New Hampshire,3,OT,,he,True,False,False,True,20242025
Fri.,2025-02-21,5:30 ET,Denver,5,@,Miami,1,,,nt,True,False,False,False,20242025
Fri.,2025-02-21,7:30 CT,Colorado College,4,@,St. Cloud State,3,,,nt,True,False,False,False,20242025
Fri.,2025-02-21,7:07 CT,Minnesota Duluth,2,@,North Dakota,4,,,nt,True,False,False,False,20242025
Fri.,2025-02-21,7:00 MT,Western Michigan,3,@,Arizona State,5,,,nt,True,False,False,False,20242025
Fri.,2025-02-21,7:07 CT,Alaska,2,@,Augustana,1,,,nc,True,False,False,False,20242025
Fri.,2025-02-21,7:07 AT,Lindenwood,6,@,Alaska Anchorage,4,,,nc,True,False,False,False,20242025
Fri.,2025-02-21,7:00 ET,LIU,3,@,Stonehill,1,,,nc,True,False,False,False,20242025
Sat.,2025-02-22,7:00 ET,Canisius,6,@,Niagara,2,,,ah,True,False,False,False,20242025
Sat.,2025-02-22,7:05 ET,Mercyhurst,3,@,RIT,6,,,ah,True,False,False,False,20242025
Sat.,2025-02-22,7:00 ET,Air Force,3,@,Robert Morris,3,OT,,ah,True,False,False,True,20242025
Sat.,2025-02-22,6:00 ET,Bentley,0,@,Sacred Heart,2,,,ah,True,False,False,False,20242025
Sat.,2025-02-22,4:00 ET,aic,2,@,Army,3,OT,,ah,True,False,False,True,20242025
Sat.,2025-02-22,5:00 CT,Ohio State,3,@,Minnesota,6,,,b10,True,False,False,False,20242025
Sat.,2025-02-22,7:30 CT,Notre Dame,6,@,Wisconsin,1,,,b10,True,False,False,False,20242025
Sat.,2025-02-22,6:00 ET,Penn State,3,@,Michigan State,2,,,b10,True,False,False,False,20242025
Sat.,2025-02-22,6:07 ET,Minnesota State,4,@,Lake Superior,1,,,cc2,True,False,False,False,20242025
Sat.,2025-02-22,6:07 ET,St. Thomas,4,@,Northern Michigan,3,,,cc2,True,False,False,False,20242025
Sat.,2025-02-22,6:07 ET,Ferris State,3,@,Michigan Tech,2,,,cc2,True,False,False,False,20242025
Sat.,2025-02-22,6:07 CT,Bowling Green,1,@,Bemidji State,2,OT,,cc2,True,False,False,True,20242025
Sat.,2025-02-22,7:00 ET,RPI,2,@,Harvard,3,,,ec,True,False,False,False,20242025
Sat.,2025-02-22,7:00 ET,Union,1,@,Dartmouth,2,,,ec,True,False,False,False,20242025
Sat.,2025-02-22,7:00 ET,St. Lawrence,0,@,Cornell,6,,,ec,True,False,False,False,20242025
Sat.,2025-02-22,7:00 ET,Brown,0,@,Quinnipiac,4,,,ec,True,False,False,False,20242025
Sat.,2025-02-22,7:00 ET,Clarkson,5,@,Colgate,3,,,ec,True,False,False,False,20242025
Sat.,2025-02-22,7:00 ET,Yale,2,@,Princeton,2,OT,,ec,True,False,False,True,20242025
Sat.,2025-02-22,7:30 ET,Boston College,4,@,Vermont,1,,,he,True,False,False,False,20242025
Sat.,2025-02-22,7:00 ET,Boston University,3,@,Northeastern,1,,,he,True,False,False,False,20242025
Sat.,2025-02-22,6:00 ET,UMass Lowell,2,@,Providence,4,,,he,True,False,False,False,20242025
Sat.,2025-02-22,6:00 ET,New Hampshire,1,@,Massachusetts,3,,,he,True,False,False,False,20242025
Sat.,2025-02-22,5:00 MT,Western Michigan,4,@,Arizona State,3,OT,,nt,True,False,False,True,20242025
Sat.,2025-02-22,6:07 CT,Minnesota Duluth,1,@,North Dakota,6,,,nt,True,False,False,False,20242025
Sat.,2025-02-22,6:00 CT,Colorado College,2,@,St. Cloud State,4,,,nt,True,False,False,False,20242025
Sat.,2025-02-22,6:05 ET,Denver,5,@,Miami,2,,,nt,True,False,False,False,20242025
Sat.,2025-02-22,6:07 CT,Alaska,5,@,Augustana,3,,,nc,True,False,False,False,20242025
Sat.,2025-02-22,7:07 AT,Lindenwood,0,@,Alaska Anchorage,1,,,nc,True,False,False,False,20242025
Sat.,2025-02-22,5:00 ET,LIU,1,@,Stonehill,2,OT,,nc,True,False,False,True,20242025
Mon.,2025-02-24,7:00 ET,aic,1,@,Holy Cross,3,,,ah,True,False,False,False,20242025
Tue.,2025-02-25,7:00 ET,Boston University,2,@,Connecticut,2,OT,,he,True,False,False,True,20242025
Thu.,2025-02-27,8:00 ET,Michigan,1,@,Ohio State,2,OT,,b10,True,False,False,True,20242025
Thu.,2025-02-27,6:00 ET,UMass Lowell,2,@,Massachusetts,2,OT,,he,True,False,False,True,20242025
Fri.,2025-02-28,6:05 ET,RIT,1,@,aic,2,OT,,nc,True,False,False,True,20242025
Fri.,2025-02-28,7:00 ET,Michigan State,5,@,Notre Dame,2,,,b10,True,False,False,False,20242025
Fri.,2025-02-28,8:30 ET,Minnesota,3,@,Penn State,4,OT,,b10,True,False,False,True,20242025
Fri.,2025-02-28,6:00 ET,Michigan,4,@,Ohio State,3,,,b10,True,False,False,False,20242025
Fri.,2025-02-28,7:07 ET,Northern Michigan,1,@,Ferris State,5,,,cc2,True,False,False,False,20242025
Fri.,2025-02-28,7:07 CT,Bemidji State,1,@,Minnesota State,1,OT,,cc2,True,False,False,True,20242025
Fri.,2025-02-28,7:07 CT,Michigan Tech,3,@,St. Thomas,4,,,cc2,True,False,False,False,20242025
Fri.,2025-02-28,7:07 ET,Lake Superior,4,@,Bowling Green,3,,,cc2,True,False,False,False,20242025
Fri.,2025-02-28,7:00 ET,Quinnipiac,3,@,Clarkson,4,OT,,ec,True,False,False,True,20242025
Fri.,2025-02-28,7:00 ET,Princeton,4,@,St. Lawrence,2,,,ec,True,False,False,False,20242025
Fri.,2025-02-28,7:00 ET,Colgate,4,@,RPI,3,OT,,ec,True,False,False,True,20242025
Fri.,2025-02-28,7:00 ET,Harvard,4,@,Yale,3,OT,,ec,True,False,False,True,20242025
Fri.,2025-02-28,7:00 ET,Dartmouth,4,@,Brown,2,,,ec,True,False,False,False,20242025
Fri.,2025-02-28,7:00 ET,Cornell,1,@,Union,4,,,ec,True,False,False,False,20242025
Fri.,2025-02-28,7:00 ET,Northeastern,2,@,Connecticut,5,,,he,True,False,False,False,20242025
Fri.,2025-02-28,7:00 ET,New Hampshire,1,@,Boston College,4,,,he,True,False,False,False,20242025
Fri.,2025-02-28,7:00 ET,Vermont,1,@,Maine,4,,,he,True,False,False,False,20242025
Fri.,2025-02-28,7:00 ET,Merrimack,2,@,Providence,3,,,he,True,False,False,False,20242025
Fri.,2025-02-28,7:07 CT,Miami,2,@,Minnesota Duluth,3,OT,,nt,True,False,False,True,20242025
Fri.,2025-02-28,7:00 MT,St. Cloud State,1,@,Denver,3,,,nt,True,False,False,False,20242025
Fri.,2025-02-28,7:07 CT,Arizona State,4,@,Omaha,1,,,nt,True,False,False,False,20242025
Fri.,2025-02-28,7:00 ET,North Dakota,4,@,Western Michigan,6,,,nt,True,False,False,False,20242025
Fri.,2025-02-28,7:30 ET,Alaska,2,@,LIU,4,,,nc,True,False,False,False,20242025
Sat.,2025-03-01,5:05 MT,Robert Morris,3,@,Air Force,4,2OT,,nc,True,False,False,True,20242025
Sat.,2025-03-01,5:00 ET,Mercyhurst,0,@,Canisius,2,,,nc,True,False,False,False,20242025
Sat.,2025-03-01,8:00 ET,Minnesota,5,@,Penn State,3,,,b10,True,False,False,False,20242025
Sat.,2025-03-01,6:00 ET,Michigan State,5,@,Notre Dame,2,,,b10,True,False,False,False,20242025
Sat.,2025-03-01,6:07 ET,Lake Superior,3,@,Bowling Green,5,,,cc2,True,False,False,False,20242025
Sat.,2025-03-01,6:07 CT,Michigan Tech,1,@,St. Thomas,2,,,cc2,True,False,False,False,20242025
Sat.,2025-03-01,6:07 CT,Bemidji State,1,@,Minnesota State,5,,,cc2,True,False,False,False,20242025
Sat.,2025-03-01,6:07 ET,Northern Michigan,4,@,Ferris State,4,OT,,cc2,True,False,False,True,20242025
Sat.,2025-03-01,4:00 ET,Colgate,5,@,Union,1,,,ec,True,False,False,False,20242025
Sat.,2025-03-01,7:00 ET,Harvard,3,@,Brown,3,OT,,ec,True,False,False,True,20242025
Sat.,2025-03-01,7:00 ET,Cornell,6,@,RPI,0,,,ec,True,False,False,False,20242025
Sat.,2025-03-01,7:00 ET,Dartmouth,5,@,Yale,1,,,ec,True,False,False,False,20242025
Sat.,2025-03-01,7:00 ET,Princeton,4,@,Clarkson,3,OT,,ec,True,False,False,True,20242025
Sat.,2025-03-01,7:00 ET,Quinnipiac,4,@,St. Lawrence,0,,,ec,True,False,False,False,20242025
Sat.,2025-03-01,6:05 ET,Massachusetts,5,@,UMass Lowell,3,,,he,True,False,False,False,20242025
Sat.,2025-03-01,7:00 ET,Providence,2,@,Merrimack,1,,,he,True,False,False,False,20242025
Sat.,2025-03-01,7:30 ET,Connecticut,7,@,Northeastern,1,,,he,True,False,False,False,20242025
Sat.,2025-03-01,7:00 ET,Boston College,1,@,New Hampshire,1,OT,,he,True,False,False,True,20242025
Sat.,2025-03-01,7:00 ET,Vermont,3,@,Maine,4,,,he,True,False,False,False,20242025
Sat.,2025-03-01,6:00 ET,North Dakota,4,@,Western Michigan,3,OT,,nt,True,False,False,True,20242025
Sat.,2025-03-01,6:00 MT,St. Cloud State,2,@,Denver,1,,,nt,True,False,False,False,20242025
Sat.,2025-03-01,7:07 CT,Arizona State,2,@,Omaha,4,,,nt,True,False,False,False,20242025
Sat.,2025-03-01,6:07 CT,Miami,1,@,Minnesota Duluth,1,OT,,nt,True,False,False,True,20242025
Sat.,2025-03-01,7:30 ET,Alaska,0,@,LIU,2,,,nc,True,False,False,False,20242025
Sun.,2025-03-02,6:00 CT,U.S. Under-18 Team,6,@,Wisconsin,5,,,ex,True,False,True,False,20242025
Thu.,2025-03-06,7:00 ET,Providence,2,@,Boston University,8,,,he,True,False,False,False,20242025
Thu.,2025-03-06,7:00 ET,Connecticut,4,@,Vermont,1,,,he,True,False,False,False,20242025
Thu.,2025-03-06,7:00 ET,Northeastern,2,@,Merrimack,1,,,he,True,False,False,False,20242025
Fri.,2025-03-07,7:00 ET,Army,3,@,Niagara,2,2OT,,nc,True,False,False,True,20242025
Fri.,2025-03-07,7:00 ET,Canisius,0,@,Bentley,4,,,nc,True,False,False,False,20242025
Fri.,2025-03-07,7:00 ET,Air Force,1,@,Sacred Heart,4,,,nc,True,False,False,False,20242025
Fri.,2025-03-07,7:00 ET,aic,3,@,Holy Cross,2,,,nc,True,False,False,False,20242025
Fri.,2025-03-07,7:00 ET,Penn State,6,@,Michigan,5,OT,,nc,True,False,False,True,20242025
Fri.,2025-03-07,7:00 CT,Notre Dame,3,@,Minnesota,2,,,nc,True,False,False,False,20242025
Fri.,2025-03-07,7:00 ET,Wisconsin,4,@,Ohio State,1,,,nc,True,False,False,False,20242025
Fri.,2025-03-07,7:07 CT,Lake Superior,1,@,Minnesota State,4,,,nc,True,False,False,False,20242025
Fri.,2025-03-07,7:07 CT,Bemidji State,1,@,Augustana,3,,,nc,True,False,False,False,20242025
Fri.,2025-03-07,7:07 ET,Michigan Tech,1,@,Bowling Green,2,OT,,nc,True,False,False,True,20242025
Fri.,2025-03-07,7:00 CT,Ferris State,3,@,St. Thomas,7,,,nc,True,False,False,False,20242025
Fri.,2025-03-07,7:00 ET,RPI,2,@,Harvard,5,,,nc,True,False,False,False,20242025
Fri.,2025-03-07,7:00 ET,Princeton,2,@,Brown,3,,,nc,True,False,False,False,20242025
Fri.,2025-03-07,7:00 ET,Maine,1,@,Massachusetts,5,,,he,True,False,False,False,20242025
Fri.,2025-03-07,7:00 ET,New Hampshire,4,@,UMass Lowell,1,,,he,True,False,False,False,20242025
Fri.,2025-03-07,6:30 CT,Omaha,1,@,North Dakota,3,,,nt,True,False,False,False,20242025
Fri.,2025-03-07,7:00 MT,Colorado College,1,@,Denver,4,,,nt,True,False,False,False,20242025
Fri.,2025-03-07,7:30 CT,Minnesota Duluth,2,@,St. Cloud State,3,OT,,nt,True,False,False,True,20242025
Fri.,2025-03-07,7:05 ET,Western Michigan,8,@,Miami,3,,,nt,True,False,False,False,20242025
Sat.,2025-03-08,7:00 ET,aic,2,@,Holy Cross,3,,,nc,True,False,False,False,20242025
Sat.,2025-03-08,7:00 ET,Army,3,@,Niagara,4,,,nc,True,False,False,False,20242025
Sat.,2025-03-08,7:00 ET,Canisius,0,@,Bentley,2,,,nc,True,False,False,False,20242025
Sat.,2025-03-08,5:00 ET,Air Force,3,@,Sacred Heart,2,2OT,,nc,True,False,False,True,20242025
Sat.,2025-03-08,7:00 CT,Notre Dame,2,@,Minnesota,4,,,nc,True,False,False,False,20242025
Sat.,2025-03-08,7:00 ET,Wisconsin,2,@,Ohio State,3,OT,,nc,True,False,False,True,20242025
Sat.,2025-03-08,7:00 ET,Penn State,5,@,Michigan,2,,,nc,True,False,False,False,20242025
Sat.,2025-03-08,6:00 CT,Ferris State,1,@,St. Thomas,4,,,nc,True,False,False,False,20242025
Sat.,2025-03-08,6:07 CT,Lake Superior,2,@,Minnesota State,3,,,nc,True,False,False,False,20242025
Sat.,2025-03-08,7:07 ET,Michigan Tech,0,@,Bowling Green,4,,,nc,True,False,False,False,20242025
Sat.,2025-03-08,6:07 CT,Bemidji State,4,@,Augustana,3,,,nc,True,False,False,False,20242025
Sat.,2025-03-08,7:30 ET,Yale,1,@,Cornell,5,,,nc,True,False,False,False,20242025
Sat.,2025-03-08,7:00 ET,St. Lawrence,2,@,Dartmouth,6,,,nc,True,False,False,False,20242025
Sat.,2025-03-08,6:00 ET,Maine,2,@,Massachusetts,2,OT,,he,True,False,False,True,20242025
Sat.,2025-03-08,7:00 ET,Boston University,6,@,Vermont,1,,,he,True,False,False,False,20242025
Sat.,2025-03-08,7:00 ET,Merrimack,0,@,Boston College,6,,,he,True,False,False,False,20242025
Sat.,2025-03-08,7:00 ET,UMass Lowell,2,@,New Hampshire,4,,,he,True,False,False,False,20242025
Sat.,2025-03-08,7:00 ET,Providence,3,@,Northeastern,2,,,he,True,False,False,False,20242025
Sat.,2025-03-08,7:05 ET,Western Michigan,5,@,Miami,2,,,nt,True,False,False,False,20242025
Sat.,2025-03-08,6:00 MT,Denver,4,@,Colorado College,3,,,nt,True,False,False,False,20242025
Sat.,2025-03-08,6:07 CT,Omaha,7,@,North Dakota,3,,,nt,True,False,False,False,20242025
Sat.,2025-03-08,6:00 CT,Minnesota Duluth,3,@,St. Cloud State,2,,,nt,True,False,False,False,20242025
Sun.,2025-03-09,5:00 ET,aic,3,@,Holy Cross,4,OT,,nc,True,False,False,True,20242025
Sun.,2025-03-09,5:00 ET,Army,4,@,Niagara,3,OT,,nc,True,False,False,True,20242025
Sun.,2025-03-09,5:00 ET,Air Force,1,@,Sacred Heart,4,,,nc,True,False,False,False,20242025
Sun.,2025-03-09,7:00 ET,Wisconsin,2,@,Ohio State,3,,,nc,True,False,False,False,20242025
Sun.,2025-03-09,6:00 CT,Notre Dame,4,@,Minnesota,1,,,nc,True,False,False,False,20242025
Sun.,2025-03-09,5:07 CT,Bemidji State,3,@,Augustana,2,OT,,nc,True,False,False,True,20242025
Wed.,2025-03-12,7:05 ET,New Hampshire,2,@,UMass Lowell,3,OT,,nc,True,False,False,True,20242025
Wed.,2025-03-12,7:00 ET,Vermont,1,@,Massachusetts,2,,,nc,True,False,False,False,20242025
Wed.,2025-03-12,7:00 ET,Northeastern,3,@,Merrimack,2,2OT,,nc,True,False,False,True,20242025
Fri.,2025-03-14,7:00 ET,Army,2,@,Holy Cross,3,OT,,nc,True,False,False,True,20242025
Fri.,2025-03-14,7:00 ET,Bentley,5,@,Sacred Heart,2,,,nc,True,False,False,False,20242025
Fri.,2025-03-14,7:00 ET,Dartmouth,3,@,Union,2,,,nc,True,False,False,False,20242025
Fri.,2025-03-14,7:00 ET,Harvard,2,@,Clarkson,3,,,nc,True,False,False,False,20242025
Fri.,2025-03-14,7:00 ET,Cornell,4,@,Colgate,1,,,nc,True,False,False,False,20242025
Fri.,2025-03-14,7:00 ET,Brown,1,@,Quinnipiac,4,,,nc,True,False,False,False,20242025
Fri.,2025-03-14,7:00 ET,Providence,1,@,Connecticut,3,,,nc,True,False,False,False,20242025
Fri.,2025-03-14,7:00 CT,North Dakota,3,@,Omaha,2,,,nc,True,False,False,False,20242025
Fri.,2025-03-14,7:00 MT,Colorado College,3,@,Denver,1,,,nc,True,False,False,False,20242025
Fri.,2025-03-14,7:00 MT,Minnesota Duluth,3,@,Arizona State,4,,,nc,True,False,False,False,20242025
Fri.,2025-03-14,7:00 ET,St. Cloud State,2,@,Western Michigan,6,,,nc,True,False,False,False,20242025
Sat.,2025-03-15,5:00 ET,Bentley,3,@,Sacred Heart,0,,,nc,True,False,False,False,20242025
Sat.,2025-03-15,7:00 ET,Army,1,@,Holy Cross,5,,,nc,True,False,False,False,20242025
Sat.,2025-03-15,8:30 ET,Penn State,3,@,Ohio State,4,OT,,nc,True,False,False,True,20242025
Sat.,2025-03-15,6:00 ET,Notre Dame,0,@,Michigan State,1,,,nc,True,False,False,False,20242025
Sat.,2025-03-15,4:07 CT,Bowling Green,1,@,St. Thomas,3,,,nc,True,False,False,False,20242025
Sat.,2025-03-15,7:07 CT,Bemidji State,0,@,Minnesota State,4,,,nc,True,False,False,False,20242025
Sat.,2025-03-15,4:00 ET,Brown,0,@,Quinnipiac,4,,,nc,True,False,False,False,20242025
Sat.,2025-03-15,7:00 ET,Cornell,3,@,Colgate,0,,,nc,True,False,False,False,20242025
Sat.,2025-03-15,4:00 ET,Harvard,3,@,Clarkson,2,OT,,nc,True,False,False,True,20242025
Sat.,2025-03-15,4:00 ET,Dartmouth,7,@,Union,2,,,nc,True,False,False,False,20242025
Sat.,2025-03-15,4:30 ET,Massachusetts,2,@,Boston University,3,OT,,nc,True,False,False,True,20242025
Sat.,2025-03-15,7:30 ET,Northeastern,3,@,Boston College,1,,,nc,True,False,False,False,20242025
Sat.,2025-03-15,6:00 ET,UMass Lowell,1,@,Maine,7,,,nc,True,False,False,False,20242025
Sat.,2025-03-15,7:00 CT,North Dakota,3,@,Omaha,2,,,nc,True,False,False,False,20242025
Sat.,2025-03-15,6:00 ET,St. Cloud State,2,@,Western Michigan,6,,,nc,True,False,False,False,20242025
Sat.,2025-03-15,6:00 MT,Colorado College,3,@,Denver,6,,,nc,True,False,False,False,20242025
Sat.,2025-03-15,6:00 MT,Minnesota Duluth,5,@,Arizona State,6,OT,,nc,True,False,False,True,20242025
Sun.,2025-03-16,4:00 ET,Harvard,1,@,Clarkson,2,OT,,nc,True,False,False,True,20242025
Sun.,2025-03-16,6:00 MT,Colorado College,2,@,Denver,9,,,nc,True,False,False,False,20242025
Thu.,2025-03-20,4:00 ET,Connecticut,5,vs,Boston University,2,,,nc,True,True,False,False,20242025
Thu.,2025-03-20,7:30 ET,Northeastern,3,vs,Maine,4,2OT,,nc,True,True,False,True,20242025
Fri.,2025-03-21,7:07 CT,St. Thomas,2,@,Minnesota State,4,,,nc,True,False,False,False,20242025
Fri.,2025-03-21,4:00 ET,Cornell,3,vs,Quinnipiac,2,OT,,nc,True,True,False,True,20242025
Fri.,2025-03-21,7:00 ET,Dartmouth,1,vs,Clarkson,4,,,nc,True,True,False,False,20242025
Fri.,2025-03-21,7:30 ET,Connecticut,2,vs,Maine,5,,,nc,True,True,False,False,20242025
Fri.,2025-03-21,7:30 CT,North Dakota,2,vs,Western Michigan,4,,,nc,True,True,False,False,20242025
Fri.,2025-03-21,4:00 CT,Denver,4,vs,Arizona State,2,,,nc,True,True,False,False,20242025
Sat.,2025-03-22,7:00 ET,Bentley,6,@,Holy Cross,3,,,nc,True,False,False,False,20242025
Sat.,2025-03-22,7:30 ET,Ohio State,3,@,Michigan State,4,2OT,,nc,True,False,False,True,20242025
Sat.,2025-03-22,5:00 ET,Cornell,3,vs,Clarkson,1,,,nc,True,True,False,False,20242025
Sat.,2025-03-22,7:30 CT,Denver,3,vs,Western Michigan,4,2OT,,nc,True,True,False,True,20242025
Thu.,2025-03-27,5:30 ET,Cornell,4,vs,Michigan State,3,,,nc,True,True,False,False,20242025
Thu.,2025-03-27,2:00 ET,Ohio State,3,vs,Boston University,8,,,nc,True,True,False,False,20242025
Thu.,2025-03-27,7:30 CT,Massachusetts,5,vs,Minnesota,4,OT,,nc,True,True,False,True,20242025
Thu.,2025-03-27,4:00 CT,Minnesota State,1,vs,Western Michigan,2,2OT,,nc,True,True,False,True,20242025
Fri.,2025-03-28,2:00 ET,Bentley,1,vs,Boston College,3,,,nc,True,True,False,False,20242025
Fri.,2025-03-28,5:30 ET,Denver,5,vs,Providence,1,,,nc,True,True,False,False,20242025
Fri.,2025-03-28,8:30 ET,Penn State,5,vs,Maine,1,,,nc,True,True,False,False,20242025
Fri.,2025-03-28,5:00 ET,Quinnipiac,1,vs,Connecticut,4,,,nc,True,True,False,False,20242025
Sat.,2025-03-29,4:00 ET,Cornell,2,vs,Boston University,3,OT,,nc,True,True,False,True,20242025
Sat.,2025-03-29,5:30 CT,Massachusetts,1,vs,Western Michigan,2,,,nc,True,True,False,False,20242025
Sun.,2025-03-30,7:00 ET,Denver,3,vs,Boston College,1,,,nc,True,True,False,False,20242025
Sun.,2025-03-30,4:30 ET,Penn State,3,vs,Connecticut,2,OT,,nc,True,True,False,True,20242025
Thu.,2025-04-10,7:30 CT,Penn State,1,vs,Boston University,3,,,nc,True,True,False,False,20242025
Thu.,2025-04-10,4:00 CT,Denver,2,vs,Western Michigan,3,2OT,,nc,True,True,False,True,20242025
Sat.,2025-04-12,6:30 CT,Boston University,2,vs,Western Michigan,6,,,nc,True,True,False,False,20242025
