Day,Date,Time,Visitor_Team,Visitor_Score,Location_Indicator,Home_Team,Home_Score,OT_Info,Notes,Type,Is_Final,Is_Neutral,Is_Exhibition,Is_OT,Season
Fri.,2017-09-29,7:07 AT,Simon Fraser,0,@,Alaska,6,,,ex,True,False,True,False,20172018
Sat.,2017-09-30,7:05 ET,Carleton,4,@,Holy Cross,4,,,ex,True,False,True,False,20172018
Sat.,2017-09-30,7:05 ET,Ottawa,1,@,Robert Morris,5,,,ex,True,False,True,False,20172018
Sat.,2017-09-30,7:00 ET,Western Ontario,1,@,Michigan,10,,,ex,True,False,True,False,20172018
Sat.,2017-09-30,4:00 ET,Ryerson,7,@,Ohio State,4,,,ex,True,False,True,False,20172018
Sat.,2017-09-30,7:05 MT,No. Alberta IT,1,@,Arizona State,4,,,ex,True,False,True,False,20172018
Sat.,2017-09-30,5:00 ET,St. Mary's,2,@,RPI,1,,,ex,True,False,True,False,20172018
Sat.,2017-09-30,7:00 ET,McGill,3,@,St. Lawrence,2,,,ex,True,False,True,False,20172018
Sat.,2017-09-30,7:00 ET,Guelph,3,@,Clarkson,3,OT,,ex,True,False,True,True,20172018
Sat.,2017-09-30,7:30 ET,PEI,1,@,Northeastern,9,,,ex,True,False,True,False,20172018
Sat.,2017-09-30,7:00 ET,New Brunswick,2,@,Boston College,4,,,ex,True,False,True,False,20172018
Sat.,2017-09-30,7:00 ET,Acadia,2,@,UMass Lowell,4,,,ex,True,False,True,False,20172018
Sat.,2017-09-30,8:00 ET,Queens,0,@,Massachusetts,1,,,ex,True,False,True,False,20172018
Sat.,2017-09-30,3:05 ET,St. Francis Xavier,1,@,Connecticut,2,,,ex,True,False,True,False,20172018
Sat.,2017-09-30,7:07 CT,Manitoba,2,@,North Dakota,6,,,ex,True,False,True,False,20172018
Sat.,2017-09-30,7:07 CT,Regina,0,@,St. Cloud State,8,,,ex,True,False,True,False,20172018
Sat.,2017-09-30,7:07 CT,Alberta,4,@,Minnesota Duluth,3,,,ex,True,False,True,False,20172018
Sat.,2017-09-30,7:05 ET,Wilfrid Laurier,2,@,Western Michigan,8,,,ex,True,False,True,False,20172018
Sat.,2017-09-30,5:00 MT,Lethbridge,1,@,Colorado College,4,,,ex,True,False,True,False,20172018
Sat.,2017-09-30,7:07 AT,Simon Fraser,1,@,Alaska Anchorage,6,,,ex,True,False,True,False,20172018
Sat.,2017-09-30,4:00 ET,Niagara,1,@,Colgate,5,,,nc,True,False,False,False,20172018
Sat.,2017-09-30,7:30 ET,Union,1,@,Boston University,4,,,nc,True,False,False,False,20172018
Sun.,2017-10-01,2:05 ET,Carleton,5,@,Sacred Heart,2,,,ex,True,False,True,False,20172018
Sun.,2017-10-01,5:00 CT,Alberta,2,@,Minnesota,6,,,ex,True,False,True,False,20172018
Sun.,2017-10-01,3:00 ET,Ottawa,4,@,Penn State,3,OT,,ex,True,False,True,True,20172018
Sun.,2017-10-01,5:05 ET,US Under-18 Team,3,@,Notre Dame,4,,,ex,True,False,True,False,20172018
Sun.,2017-10-01,4:00 ET,St. Mary's,2,@,Quinnipiac,3,,,ex,True,False,True,False,20172018
Sun.,2017-10-01,5:00 ET,PEI,5,@,Boston University,5,OT,,ex,True,False,True,True,20172018
Sun.,2017-10-01,4:00 ET,Acadia,1,@,Maine,3,,,ex,True,False,True,False,20172018
Sun.,2017-10-01,4:00 ET,Waterloo,1,@,Vermont,6,,,ex,True,False,True,False,20172018
Sun.,2017-10-01,4:00 ET,St. Francis Xavier,3,@,New Hampshire,3,OT,,ex,True,False,True,True,20172018
Sun.,2017-10-01,5:05 MT,Lethbridge,1,@,Denver,3,,,ex,True,False,True,False,20172018
Sun.,2017-10-01,,Regina,0,@,Minnesota State,8,,,ex,True,False,True,False,20172018
Sun.,2017-10-01,3:07 ET,Laurentian,2,@,Lake Superior,3,,,ex,True,False,True,False,20172018
Sun.,2017-10-01,3:07 ET,Wilfrid Laurier,1,@,Bowling Green,3,,,ex,True,False,True,False,20172018
Sun.,2017-10-01,2:00 CT,Michigan Tech,2,@,Wisconsin,3,,,nc,True,False,False,False,20172018
Mon.,2017-10-02,6:05 MT,Lethbridge,0,@,Air Force,3,,,ex,True,False,True,False,20172018
Fri.,2017-10-06,7:05 ET,Robert Morris,3,@,Niagara,4,OT,,ah,True,False,False,True,20172018
Fri.,2017-10-06,7:05 ET,Army,5,@,aic,1,,,ah,True,False,False,False,20172018
Fri.,2017-10-06,7:07 CT,Ohio State,3,@,Wisconsin,2,,,b10,True,False,False,False,20172018
Fri.,2017-10-06,7:35 ET,Ryerson,3,@,Canisius,2,,,ex,True,False,True,False,20172018
Fri.,2017-10-06,7:07 CT,Nipissing,2,@,Omaha,5,,,ex,True,False,True,False,20172018
Fri.,2017-10-06,7:37 ET,US Under-18 Team,1,@,Bowling Green,4,,,ex,True,False,True,False,20172018
Fri.,2017-10-06,7:15 ET,New Hampshire,4,@,UMass Lowell,3,,,he,True,False,False,False,20172018
Fri.,2017-10-06,7:30 ET,Connecticut,3,@,Maine,4,OT,,he,True,False,False,True,20172018
Fri.,2017-10-06,7:37 CT,Minnesota,3,@,Minnesota Duluth,4,OT,,nc,True,False,False,True,20172018
Fri.,2017-10-06,4:07 CT,Union,3,vs,Michigan Tech,6,,,nc,True,True,False,False,20172018
Fri.,2017-10-06,7:35 ET,uah,3,@,Notre Dame,5,,,nc,True,False,False,False,20172018
Fri.,2017-10-06,7:05 MT,Massachusetts,3,@,Arizona State,5,,,nc,True,False,False,False,20172018
Fri.,2017-10-06,7:00 ET,Michigan,3,@,St. Lawrence,1,,,nc,True,False,False,False,20172018
Fri.,2017-10-06,7:00 ET,Penn State,1,@,Clarkson,2,,,nc,True,False,False,False,20172018
Fri.,2017-10-06,7:30 ET,Merrimack,1,@,Colgate,2,,,nc,True,False,False,False,20172018
Fri.,2017-10-06,7:30 ET,Merrimack,1,@,Colgate,2,,,nc,True,False,False,False,20172018
Fri.,2017-10-06,7:00 ET,Sacred Heart,3,@,Northeastern,7,,,nc,True,False,False,False,20172018
Fri.,2017-10-06,7:00 ET,Quinnipiac,1,@,Boston College,1,OT,,nc,True,False,False,True,20172018
Fri.,2017-10-06,7:05 ET,Colorado College,0,@,Vermont,3,,,nc,True,False,False,False,20172018
Fri.,2017-10-06,7:35 ET,Providence,3,@,Miami,1,,,nc,True,False,False,False,20172018
Fri.,2017-10-06,7:05 ET,Ferris State,1,@,Western Michigan,6,,,nc,True,False,False,False,20172018
Fri.,2017-10-06,7:07 AT,Air Force,3,@,Alaska,2,,,nc,True,False,False,False,20172018
Fri.,2017-10-06,7:07 AT,North Dakota,1,@,Alaska Anchorage,1,OT,,nc,True,False,False,True,20172018
Fri.,2017-10-06,7:37 ET,Northern Michigan,3,@,Lake Superior,5,,,nc,True,False,False,False,20172018
Sat.,2017-10-07,7:05 ET,Army,2,@,aic,1,,,ah,True,False,False,False,20172018
Sat.,2017-10-07,5:07 CT,Ohio State,2,@,Wisconsin,3,,,b10,True,False,False,False,20172018
Sat.,2017-10-07,7:05 ET,Brock,1,@,RIT,3,,,ex,True,False,True,False,20172018
Sat.,2017-10-07,7:05 ET,Ryerson,7,@,Mercyhurst,6,OT,,ex,True,False,True,True,20172018
Sat.,2017-10-07,2:00 ET,Toronto,0,@,Michigan State,3,,,ex,True,False,True,False,20172018
Sat.,2017-10-07,4:00 ET,Connecticut,5,@,Maine,1,,,he,True,False,False,False,20172018
Sat.,2017-10-07,7:00 ET,UMass Lowell,1,@,New Hampshire,3,,,he,True,False,False,False,20172018
Sat.,2017-10-07,4:07 CT,Union,0,vs,Minnesota,2,,,nc,True,True,False,False,20172018
Sat.,2017-10-07,7:37 CT,Michigan Tech,4,@,Minnesota Duluth,3,,,nc,True,False,False,False,20172018
Sat.,2017-10-07,7:05 ET,uah,0,@,Notre Dame,4,,,nc,True,False,False,False,20172018
Sat.,2017-10-07,7:05 MT,Massachusetts,4,@,Arizona State,2,,,nc,True,False,False,False,20172018
Sat.,2017-10-07,7:00 ET,Penn State,4,@,St. Lawrence,1,,,nc,True,False,False,False,20172018
Sat.,2017-10-07,7:00 ET,Michigan,0,@,Clarkson,3,,,nc,True,False,False,False,20172018
Sat.,2017-10-07,7:30 ET,Merrimack,2,@,Colgate,2,OT,,nc,True,False,False,True,20172018
Sat.,2017-10-07,7:30 ET,Merrimack,2,@,Colgate,2,OT,,nc,True,False,False,True,20172018
Sat.,2017-10-07,7:00 ET,Sacred Heart,0,@,Northeastern,7,,,nc,True,False,False,False,20172018
Sat.,2017-10-07,7:05 ET,Colorado College,4,@,Vermont,3,,,nc,True,False,False,False,20172018
Sat.,2017-10-07,8:00 ET,Providence,3,@,Miami,2,,,nc,True,False,False,False,20172018
Sat.,2017-10-07,7:07 AT,Air Force,1,@,Alaska,1,OT,,nc,True,False,False,True,20172018
Sat.,2017-10-07,7:07 CT,St. Cloud State,4,@,Minnesota State,0,,,nc,True,False,False,False,20172018
Sat.,2017-10-07,7:07 ET,Western Michigan,2,@,Ferris State,3,,,nc,True,False,False,False,20172018
Sat.,2017-10-07,7:07 AT,North Dakota,3,@,Alaska Anchorage,2,OT,,nc,True,False,False,True,20172018
Sat.,2017-10-07,7:07 ET,Lake Superior,1,@,Northern Michigan,4,,,nc,True,False,False,False,20172018
Sun.,2017-10-08,1:00 ET,Windsor,1,@,Dartmouth,2,,,ex,True,False,True,False,20172018
Sun.,2017-10-08,2:00 ET,Boston University,3,@,Quinnipiac,2,OT,,nc,True,False,False,True,20172018
Tue.,2017-10-10,7:05 ET,aic,3,@,Bentley,3,OT,,ah,True,False,False,True,20172018
Tue.,2017-10-10,7:05 ET,Bowling Green,1,@,Western Michigan,3,,,nc,True,False,False,False,20172018
Fri.,2017-10-13,7:05 ET,Mercyhurst,1,@,Holy Cross,1,OT,,ah,True,False,False,True,20172018
Fri.,2017-10-13,7:35 ET,Robert Morris,4,@,Canisius,3,,,ah,True,False,False,False,20172018
Fri.,2017-10-13,7:07 CT,Penn State,3,@,Minnesota,1,,,b10,True,False,False,False,20172018
Fri.,2017-10-13,7:05 ET,Miami,7,@,US Under-18 Team,5,,,ex,True,False,True,False,20172018
Fri.,2017-10-13,7:00 ET,Western Ontario,4,@,Yale,6,,,ex,True,False,True,False,20172018
Fri.,2017-10-13,7:05 MT,Arizona State,3,@,Air Force,4,,,nc,True,False,False,False,20172018
Fri.,2017-10-13,7:05 ET,Connecticut,6,@,aic,4,,,nc,True,False,False,False,20172018
Fri.,2017-10-13,7:05 ET,RPI,1,@,Ohio State,1,OT,,nc,True,False,False,True,20172018
Fri.,2017-10-13,7:35 ET,Denver,2,@,Notre Dame,2,OT,,nc,True,False,False,True,20172018
Fri.,2017-10-13,7:00 ET,Massachusetts,5,@,Union,4,,,nc,True,False,False,False,20172018
Fri.,2017-10-13,7:00 ET,Wisconsin,5,@,Boston College,2,,,nc,True,False,False,False,20172018
Fri.,2017-10-13,7:00 ET,Colgate,0,@,New Hampshire,5,,,nc,True,False,False,False,20172018
Fri.,2017-10-13,7:15 ET,Omaha,4,@,UMass Lowell,2,,,nc,True,False,False,False,20172018
Fri.,2017-10-13,7:30 ET,Minnesota State,6,@,Boston University,3,,,nc,True,False,False,False,20172018
Fri.,2017-10-13,7:05 ET,Clarkson,2,@,Western Michigan,2,OT,,nc,True,False,False,True,20172018
Fri.,2017-10-13,7:37 CT,St. Lawrence,1,@,North Dakota,2,,,nc,True,False,False,False,20172018
Fri.,2017-10-13,7:37 MT,Alaska Anchorage,1,@,Colorado College,6,,,nc,True,False,False,False,20172018
Fri.,2017-10-13,7:37 CT,Alaska,3,@,St. Cloud State,6,,,nc,True,False,False,False,20172018
Fri.,2017-10-13,7:37 ET,Michigan State,1,@,Bowling Green,4,,,nc,True,False,False,False,20172018
Fri.,2017-10-13,7:07 CT,Minnesota Duluth,2,@,Bemidji State,5,,,nc,True,False,False,False,20172018
Fri.,2017-10-13,7:37 ET,Michigan Tech,4,@,Lake Superior,3,,,wc,True,False,False,False,20172018
Fri.,2017-10-13,7:07 ET,Northern Michigan,3,@,Ferris State,2,,,wc,True,False,False,False,20172018
Sat.,2017-10-14,7:05 ET,Mercyhurst,4,@,Holy Cross,4,OT,,ah,True,False,False,True,20172018
Sat.,2017-10-14,7:35 ET,Robert Morris,1,@,Canisius,4,,,ah,True,False,False,False,20172018
Sat.,2017-10-14,7:00 ET,Western Ontario,4,@,Princeton,6,,,ex,True,False,True,False,20172018
Sat.,2017-10-14,7:00 ET,Guelph,1,@,Cornell,7,,,ex,True,False,True,False,20172018
Sat.,2017-10-14,7:05 MT,Arizona State,2,@,Air Force,3,,,nc,True,False,False,False,20172018
Sat.,2017-10-14,7:05 ET,Northeastern,3,@,RIT,3,OT,,nc,True,False,False,True,20172018
Sat.,2017-10-14,7:00 ET,Connecticut,1,@,Sacred Heart,3,,,nc,True,False,False,False,20172018
Sat.,2017-10-14,4:05 ET,RPI,1,@,Ohio State,1,OT,,nc,True,False,False,True,20172018
Sat.,2017-10-14,6:05 ET,Denver,4,@,Notre Dame,2,,,nc,True,False,False,False,20172018
Sat.,2017-10-14,7:05 ET,Bowling Green,2,@,Michigan State,3,,,nc,True,False,False,False,20172018
Sat.,2017-10-14,7:00 ET,Wisconsin,4,@,Merrimack,1,,,nc,True,False,False,False,20172018
Sat.,2017-10-14,4:00 ET,Vermont,2,@,Quinnipiac,3,OT,,nc,True,False,False,True,20172018
Sat.,2017-10-14,7:00 ET,aic,1,@,Massachusetts,3,,,nc,True,False,False,False,20172018
Sat.,2017-10-14,7:00 ET,Wisconsin,4,@,Merrimack,1,,,nc,True,False,False,False,20172018
Sat.,2017-10-14,7:00 ET,Colgate,3,@,New Hampshire,5,,,nc,True,False,False,False,20172018
Sat.,2017-10-14,7:00 ET,Omaha,2,@,UMass Lowell,5,,,nc,True,False,False,False,20172018
Sat.,2017-10-14,7:00 ET,Minnesota State,3,@,Boston University,0,,,nc,True,False,False,False,20172018
Sat.,2017-10-14,7:07 CT,St. Lawrence,1,@,North Dakota,6,,,nc,True,False,False,False,20172018
Sat.,2017-10-14,7:05 ET,Clarkson,4,@,Western Michigan,2,,,nc,True,False,False,False,20172018
Sat.,2017-10-14,7:07 CT,Alaska,4,@,St. Cloud State,5,OT,,nc,True,False,False,True,20172018
Sat.,2017-10-14,7:07 MT,Alaska Anchorage,2,@,Colorado College,3,,,nc,True,False,False,False,20172018
Sat.,2017-10-14,7:07 CT,Bemidji State,0,@,Minnesota Duluth,0,OT,,nc,True,False,False,True,20172018
Sat.,2017-10-14,7:07 ET,Northern Michigan,1,@,Ferris State,0,,,wc,True,False,False,False,20172018
Sat.,2017-10-14,7:07 ET,Michigan Tech,2,@,Lake Superior,2,OT,,wc,True,False,False,True,20172018
Sun.,2017-10-15,3:07 CT,Penn State,3,@,Minnesota,6,,,b10,True,False,False,False,20172018
Sun.,2017-10-15,5:00 ET,Ottawa,2,@,Cornell,2,OT,,ex,True,False,True,True,20172018
Sun.,2017-10-15,5:00 ET,Boston College,4,@,Providence,3,OT,,he,True,False,False,True,20172018
Sun.,2017-10-15,4:00 ET,Vermont,3,@,Union,2,,,nc,True,False,False,False,20172018
Thu.,2017-10-19,7:35 ET,Sacred Heart,6,@,Notre Dame,4,,,nc,True,False,False,False,20172018
Thu.,2017-10-19,7:05 ET,aic,5,@,Penn State,7,,,nc,True,False,False,False,20172018
Fri.,2017-10-20,7:05 ET,Army,2,@,Robert Morris,4,,,ah,True,False,False,False,20172018
Fri.,2017-10-20,7:05 ET,Bentley,3,@,Holy Cross,4,OT,,ah,True,False,False,True,20172018
Fri.,2017-10-20,7:00 ET,US Under-18 Team,3,@,Dartmouth,0,,,ex,True,False,True,False,20172018
Fri.,2017-10-20,7:07 AT,Alaska,6,@,Alaska Anchorage,2,,,nc,True,False,False,False,20172018
Fri.,2017-10-20,7:30 ET,Connecticut,2,@,Boston University,2,OT,,he,True,False,False,True,20172018
Fri.,2017-10-20,7:05 ET,RPI,3,@,Niagara,4,OT,,nc,True,False,False,True,20172018
Fri.,2017-10-20,7:05 ET,Union,6,@,RIT,1,,,nc,True,False,False,False,20172018
Fri.,2017-10-20,7:05 ET,Ferris State,3,@,Mercyhurst,2,,,nc,True,False,False,False,20172018
Fri.,2017-10-20,7:35 ET,Sacred Heart,1,@,Notre Dame,3,,,nc,True,False,False,False,20172018
Fri.,2017-10-20,7:05 ET,aic,3,@,Penn State,2,OT,,nc,True,False,False,True,20172018
Fri.,2017-10-20,7:35 ET,Vermont,1,@,Michigan,4,,,nc,True,False,False,False,20172018
Fri.,2017-10-20,7:05 ET,Western Michigan,4,@,Michigan State,6,,,nc,True,False,False,False,20172018
Fri.,2017-10-20,7:00 ET,Providence,6,@,St. Lawrence,5,OT,,nc,True,False,False,True,20172018
Fri.,2017-10-20,7:00 ET,UMass Lowell,3,@,Clarkson,1,,,nc,True,False,False,False,20172018
Fri.,2017-10-20,7:00 ET,Ohio State,3,@,Massachusetts,1,,,nc,True,False,False,False,20172018
Fri.,2017-10-20,7:00 ET,Quinnipiac,6,@,Northeastern,4,,,nc,True,False,False,False,20172018
Fri.,2017-10-20,7:00 ET,Colorado College,3,@,New Hampshire,6,,,nc,True,False,False,False,20172018
Fri.,2017-10-20,7:00 ET,Miami,7,@,Maine,5,,,nc,True,False,False,False,20172018
Fri.,2017-10-20,7:37 CT,Minnesota,2,@,North Dakota,1,,,nc,True,False,False,False,20172018
Fri.,2017-10-20,7:37 CT,Merrimack,5,@,Minnesota Duluth,5,OT,,nc,True,False,False,True,20172018
Fri.,2017-10-20,7:07 CT,Arizona State,1,@,Omaha,5,,,nc,True,False,False,False,20172018
Fri.,2017-10-20,7:37 CT,Merrimack,5,@,Minnesota Duluth,5,OT,,nc,True,False,False,True,20172018
Fri.,2017-10-20,7:37 CT,Boston College,2,@,St. Cloud State,5,,,nc,True,False,False,False,20172018
Fri.,2017-10-20,7:05 MT,Lake Superior,3,@,Denver,3,OT,,nc,True,False,False,True,20172018
Fri.,2017-10-20,7:07 CT,Air Force,1,@,Bemidji State,4,,,nc,True,False,False,False,20172018
Fri.,2017-10-20,7:07 CT,Wisconsin,4,vs,Northern Michigan,5,OT,,nc,True,True,False,True,20172018
Fri.,2017-10-20,7:07 ET,uah,4,@,Michigan Tech,5,,,wc,True,False,False,False,20172018
Fri.,2017-10-20,7:37 ET,Minnesota State,4,@,Bowling Green,1,,,wc,True,False,False,False,20172018
Sat.,2017-10-21,7:05 ET,Army,3,@,Robert Morris,1,,,ah,True,False,False,False,20172018
Sat.,2017-10-21,7:05 ET,Bentley,0,@,Holy Cross,5,,,ah,True,False,False,False,20172018
Sat.,2017-10-21,7:00 ET,US Under-18 Team,2,@,Harvard,7,,,ex,True,False,True,False,20172018
Sat.,2017-10-21,7:07 AT,Alaska Anchorage,2,@,Alaska,3,,,nc,True,False,False,False,20172018
Sat.,2017-10-21,7:00 ET,Boston University,6,@,Connecticut,3,,,he,True,False,False,False,20172018
Sat.,2017-10-21,7:05 ET,RPI,8,@,RIT,3,,,nc,True,False,False,False,20172018
Sat.,2017-10-21,7:05 ET,Union,5,@,Niagara,1,,,nc,True,False,False,False,20172018
Sat.,2017-10-21,7:35 ET,Colgate,3,@,Canisius,3,OT,,nc,True,False,False,True,20172018
Sat.,2017-10-21,2:35 ET,Ferris State,1,@,Mercyhurst,4,,,nc,True,False,False,False,20172018
Sat.,2017-10-21,5:05 ET,Vermont,2,@,Michigan,3,,,nc,True,False,False,False,20172018
Sat.,2017-10-21,7:30 ET,Providence,0,@,Clarkson,4,,,nc,True,False,False,False,20172018
Sat.,2017-10-21,7:00 ET,UMass Lowell,5,@,St. Lawrence,0,,,nc,True,False,False,False,20172018
Sat.,2017-10-21,8:00 ET,Ohio State,3,@,Massachusetts,0,,,nc,True,False,False,False,20172018
Sat.,2017-10-21,7:00 ET,Quinnipiac,3,@,Northeastern,2,OT,,nc,True,False,False,True,20172018
Sat.,2017-10-21,7:00 ET,Miami,3,@,Maine,6,,,nc,True,False,False,False,20172018
Sat.,2017-10-21,7:00 ET,Colorado College,2,@,New Hampshire,1,OT,,nc,True,False,False,True,20172018
Sat.,2017-10-21,7:07 CT,Minnesota,0,@,North Dakota,4,,,nc,True,False,False,False,20172018
Sat.,2017-10-21,7:05 ET,Michigan State,1,@,Western Michigan,3,,,nc,True,False,False,False,20172018
Sat.,2017-10-21,7:37 CT,Merrimack,2,@,Minnesota Duluth,7,,,nc,True,False,False,False,20172018
Sat.,2017-10-21,7:07 CT,Arizona State,4,@,Omaha,4,OT,,nc,True,False,False,True,20172018
Sat.,2017-10-21,7:37 CT,Merrimack,2,@,Minnesota Duluth,7,,,nc,True,False,False,False,20172018
Sat.,2017-10-21,7:07 CT,Boston College,1,@,St. Cloud State,3,,,nc,True,False,False,False,20172018
Sat.,2017-10-21,7:05 MT,Lake Superior,1,@,Denver,5,,,nc,True,False,False,False,20172018
Sat.,2017-10-21,7:07 CT,Air Force,5,@,Bemidji State,1,,,nc,True,False,False,False,20172018
Sat.,2017-10-21,5:07 CT,Wisconsin,4,vs,Northern Michigan,0,,,nc,True,True,False,False,20172018
Sat.,2017-10-21,7:07 ET,uah,4,@,Michigan Tech,2,,,wc,True,False,False,False,20172018
Sat.,2017-10-21,7:07 ET,Minnesota State,2,@,Bowling Green,5,,,wc,True,False,False,False,20172018
Tue.,2017-10-24,7:05 ET,Bentley,2,@,aic,2,OT,,ah,True,False,False,True,20172018
Thu.,2017-10-26,7:35 ET,Omaha,6,@,Notre Dame,4,,,nc,True,False,False,False,20172018
Fri.,2017-10-27,7:35 ET,Air Force,3,@,Canisius,1,,,ah,True,False,False,False,20172018
Fri.,2017-10-27,7:05 ET,Niagara,3,@,Sacred Heart,2,,,ah,True,False,False,False,20172018
Fri.,2017-10-27,7:05 ET,Mercyhurst,3,@,Bentley,4,,,ah,True,False,False,False,20172018
Fri.,2017-10-27,7:05 ET,RIT,5,@,Army,4,,,ah,True,False,False,False,20172018
Fri.,2017-10-27,7:05 ET,Michigan,4,@,Penn State,5,OT,,b10,True,False,False,True,20172018
Fri.,2017-10-27,7:00 ET,RPI,3,@,Union,4,,,ec,True,False,False,False,20172018
Fri.,2017-10-27,7:00 ET,Brown,4,@,Yale,1,,,ec,True,False,False,False,20172018
Fri.,2017-10-27,7:00 ET,Merrimack,0,@,Massachusetts,4,,,he,True,False,False,False,20172018
Fri.,2017-10-27,7:15 ET,Northeastern,3,@,UMass Lowell,1,,,he,True,False,False,False,20172018
Fri.,2017-10-27,7:00 ET,Merrimack,0,@,Massachusetts,4,,,he,True,False,False,False,20172018
Fri.,2017-10-27,7:15 ET,Boston College,1,@,Providence,2,,,he,True,False,False,False,20172018
Fri.,2017-10-27,7:37 MT,North Dakota,1,@,Colorado College,2,,,nt,True,False,False,False,20172018
Fri.,2017-10-27,7:05 ET,Dartmouth,3,@,Holy Cross,5,,,nc,True,False,False,False,20172018
Fri.,2017-10-27,7:05 ET,Robert Morris,3,@,Ohio State,5,,,nc,True,False,False,False,20172018
Fri.,2017-10-27,7:07 CT,St. Lawrence,2,@,Wisconsin,4,,,nc,True,False,False,False,20172018
Fri.,2017-10-27,7:07 CT,Clarkson,1,@,Minnesota,3,,,nc,True,False,False,False,20172018
Fri.,2017-10-27,7:35 ET,Omaha,4,@,Notre Dame,5,,,nc,True,False,False,False,20172018
Fri.,2017-10-27,7:05 ET,Lake Superior,3,@,Michigan State,4,,,nc,True,False,False,False,20172018
Fri.,2017-10-27,7:00 ET,Arizona State,0,@,Colgate,3,,,nc,True,False,False,False,20172018
Fri.,2017-10-27,7:00 ET,uah,1,@,Cornell,5,,,nc,True,False,False,False,20172018
Fri.,2017-10-27,7:30 ET,Denver,4,@,Boston University,3,,,nc,True,False,False,False,20172018
Fri.,2017-10-27,7:00 ET,Minnesota Duluth,2,@,Maine,1,,,nc,True,False,False,False,20172018
Fri.,2017-10-27,7:35 ET,Connecticut,0,@,Miami,3,,,nc,True,False,False,False,20172018
Fri.,2017-10-27,7:37 ET,Alaska,1,@,Bowling Green,2,,,wc,True,False,False,False,20172018
Fri.,2017-10-27,7:07 CT,Ferris State,2,@,Bemidji State,2,OT,,wc,True,False,False,True,20172018
Fri.,2017-10-27,7:07 CT,Michigan Tech,1,@,Minnesota State,3,,,wc,True,False,False,False,20172018
Sat.,2017-10-28,7:05 ET,RIT,3,@,Army,1,,,ah,True,False,False,False,20172018
Sat.,2017-10-28,7:35 ET,Air Force,2,@,Canisius,3,,,ah,True,False,False,False,20172018
Sat.,2017-10-28,7:05 ET,Mercyhurst,2,@,Bentley,0,,,ah,True,False,False,False,20172018
Sat.,2017-10-28,2:05 ET,Niagara,6,@,Sacred Heart,2,,,ah,True,False,False,False,20172018
Sat.,2017-10-28,8:05 ET,Michigan,5,@,Penn State,2,,,b10,True,False,False,False,20172018
Sat.,2017-10-28,7:00 ET,Yale,5,@,Brown,2,,,ec,True,False,False,False,20172018
Sat.,2017-10-28,7:00 ET,Union,4,@,RPI,2,,,ec,True,False,False,False,20172018
Sat.,2017-10-28,7:00 ET,Massachusetts,3,@,Merrimack,5,,,he,True,False,False,False,20172018
Sat.,2017-10-28,7:00 ET,Boston University,0,@,Providence,3,,,he,True,False,False,False,20172018
Sat.,2017-10-28,7:00 ET,Massachusetts,3,@,Merrimack,5,,,he,True,False,False,False,20172018
Sat.,2017-10-28,7:00 ET,UMass Lowell,4,@,Northeastern,5,OT,,he,True,False,False,True,20172018
Sat.,2017-10-28,7:05 ET,New Hampshire,4,@,Vermont,4,OT,,he,True,False,False,True,20172018
Sat.,2017-10-28,6:07 MT,North Dakota,6,@,Colorado College,4,,,nt,True,False,False,False,20172018
Sat.,2017-10-28,7:05 ET,Ohio State,3,@,Robert Morris,1,,,nc,True,False,False,False,20172018
Sat.,2017-10-28,7:07 CT,Clarkson,1,@,Minnesota,2,,,nc,True,False,False,False,20172018
Sat.,2017-10-28,7:07 CT,St. Lawrence,6,@,Wisconsin,3,,,nc,True,False,False,False,20172018
Sat.,2017-10-28,7:05 ET,Lake Superior,0,@,Michigan State,6,,,nc,True,False,False,False,20172018
Sat.,2017-10-28,4:00 ET,Arizona State,1,@,Colgate,1,OT,,nc,True,False,False,True,20172018
Sat.,2017-10-28,7:00 ET,uah,0,@,Cornell,3,,,nc,True,False,False,False,20172018
Sat.,2017-10-28,7:00 ET,Denver,6,@,Boston College,1,,,nc,True,False,False,False,20172018
Sat.,2017-10-28,7:30 ET,Minnesota Duluth,2,@,Maine,0,,,nc,True,False,False,False,20172018
Sat.,2017-10-28,7:05 ET,Connecticut,1,@,Miami,7,,,nc,True,False,False,False,20172018
Sat.,2017-10-28,7:07 ET,Alaska,2,@,Bowling Green,2,OT,,wc,True,False,False,True,20172018
Sat.,2017-10-28,7:07 CT,Michigan Tech,3,@,Minnesota State,5,,,wc,True,False,False,False,20172018
Sat.,2017-10-28,7:07 CT,Ferris State,0,@,Bemidji State,3,,,wc,True,False,False,False,20172018
Sun.,2017-10-29,7:00 ET,Dartmouth,0,@,Harvard,5,,,ec,True,False,False,False,20172018
Sun.,2017-10-29,4:00 ET,Holy Cross,2,@,Princeton,4,,,nc,True,False,False,False,20172018
Thu.,2017-11-02,7:35 ET,Ferris State,2,@,Michigan,7,,,nc,True,False,False,False,20172018
Fri.,2017-11-03,7:05 ET,Bentley,3,@,Niagara,3,OT,,ah,True,False,False,True,20172018
Fri.,2017-11-03,7:05 MT,Army,3,@,Air Force,2,,,ah,True,False,False,False,20172018
Fri.,2017-11-03,7:05 ET,Holy Cross,5,@,Robert Morris,5,OT,,ah,True,False,False,True,20172018
Fri.,2017-11-03,7:05 ET,aic,3,@,RIT,5,,,ah,True,False,False,False,20172018
Fri.,2017-11-03,7:05 ET,Notre Dame,4,@,Ohio State,1,,,b10,True,False,False,False,20172018
Fri.,2017-11-03,7:07 CT,Michigan State,1,@,Minnesota,3,,,b10,True,False,False,False,20172018
Fri.,2017-11-03,7:00 ET,Colgate,0,@,Princeton,0,OT,,ec,True,False,False,True,20172018
Fri.,2017-11-03,7:00 ET,Cornell,2,@,Quinnipiac,1,,,ec,True,False,False,False,20172018
Fri.,2017-11-03,7:00 ET,RPI,0,@,Clarkson,6,,,ec,True,False,False,False,20172018
Fri.,2017-11-03,7:00 ET,Yale,5,@,Harvard,2,,,ec,True,False,False,False,20172018
Fri.,2017-11-03,7:00 ET,Union,3,@,St. Lawrence,1,,,ec,True,False,False,False,20172018
Fri.,2017-11-03,7:00 ET,Brown,3,@,Dartmouth,4,,,ec,True,False,False,False,20172018
Fri.,2017-11-03,7:00 ET,Merrimack,1,@,Boston College,3,,,he,True,False,False,False,20172018
Fri.,2017-11-03,7:30 ET,Providence,0,@,Boston University,2,,,he,True,False,False,False,20172018
Fri.,2017-11-03,7:05 ET,Vermont,1,@,Connecticut,5,,,he,True,False,False,False,20172018
Fri.,2017-11-03,7:15 ET,Maine,2,@,UMass Lowell,3,,,he,True,False,False,False,20172018
Fri.,2017-11-03,7:00 ET,Merrimack,1,@,Boston College,3,,,he,True,False,False,False,20172018
Fri.,2017-11-03,7:05 ET,Denver,5,@,Western Michigan,6,,,nt,True,False,False,False,20172018
Fri.,2017-11-03,7:35 ET,Colorado College,2,@,Miami,3,OT,,nt,True,False,False,True,20172018
Fri.,2017-11-03,7:37 CT,Minnesota Duluth,3,@,St. Cloud State,5,,,nt,True,False,False,False,20172018
Fri.,2017-11-03,7:05 ET,Mercyhurst,7,@,Penn State,4,,,nc,True,False,False,False,20172018
Fri.,2017-11-03,7:07 CT,North Dakota,3,@,Wisconsin,2,,,nc,True,False,False,False,20172018
Fri.,2017-11-03,7:35 ET,Ferris State,3,@,Michigan,2,OT,,nc,True,False,False,True,20172018
Fri.,2017-11-03,7:05 MT,uah,2,@,Arizona State,3,,,nc,True,False,False,False,20172018
Fri.,2017-11-03,7:07 AT,Bemidji State,3,@,Alaska,4,OT,,wc,True,False,False,True,20172018
Fri.,2017-11-03,7:07 ET,Bowling Green,2,@,Michigan Tech,1,,,wc,True,False,False,False,20172018
Fri.,2017-11-03,7:07 ET,Minnesota State,3,@,Northern Michigan,0,,,wc,True,False,False,False,20172018
Fri.,2017-11-03,7:37 ET,Alaska Anchorage,2,@,Lake Superior,3,OT,,wc,True,False,False,True,20172018
Sat.,2017-11-04,7:05 ET,Bentley,3,@,Niagara,4,,,ah,True,False,False,False,20172018
Sat.,2017-11-04,7:05 ET,Holy Cross,0,@,Robert Morris,3,,,ah,True,False,False,False,20172018
Sat.,2017-11-04,2:05 ET,Canisius,2,@,Sacred Heart,6,,,ah,True,False,False,False,20172018
Sat.,2017-11-04,7:05 ET,aic,3,@,RIT,2,OT,,ah,True,False,False,True,20172018
Sat.,2017-11-04,7:35 MT,Army,2,@,Air Force,0,,,ah,True,False,False,False,20172018
Sat.,2017-11-04,7:05 ET,Notre Dame,3,@,Ohio State,2,,,b10,True,False,False,False,20172018
Sat.,2017-11-04,4:07 CT,Michigan State,0,@,Minnesota,4,,,b10,True,False,False,False,20172018
Sat.,2017-11-04,7:00 ET,Colgate,4,@,Quinnipiac,1,,,ec,True,False,False,False,20172018
Sat.,2017-11-04,7:00 ET,Cornell,5,@,Princeton,4,,,ec,True,False,False,False,20172018
Sat.,2017-11-04,7:00 ET,RPI,4,@,St. Lawrence,4,OT,,ec,True,False,False,True,20172018
Sat.,2017-11-04,7:00 ET,Yale,1,@,Dartmouth,3,,,ec,True,False,False,False,20172018
Sat.,2017-11-04,7:00 ET,Union,2,@,Clarkson,3,,,ec,True,False,False,False,20172018
Sat.,2017-11-04,7:00 ET,Brown,0,@,Harvard,3,,,ec,True,False,False,False,20172018
Sat.,2017-11-04,7:00 ET,Boston College,2,@,Merrimack,1,,,he,True,False,False,False,20172018
Sat.,2017-11-04,4:00 ET,Maine,6,@,UMass Lowell,2,,,he,True,False,False,False,20172018
Sat.,2017-11-04,7:00 ET,Boston College,2,@,Merrimack,1,,,he,True,False,False,False,20172018
Sat.,2017-11-04,7:00 ET,New Hampshire,3,@,Massachusetts,0,,,he,True,False,False,False,20172018
Sat.,2017-11-04,3:35 ET,Vermont,4,@,Connecticut,2,,,he,True,False,False,False,20172018
Sat.,2017-11-04,7:00 ET,Northeastern,4,@,Boston University,1,,,he,True,False,False,False,20172018
Sat.,2017-11-04,7:05 ET,Denver,4,@,Western Michigan,7,,,nt,True,False,False,False,20172018
Sat.,2017-11-04,7:05 ET,Colorado College,2,@,Miami,1,,,nt,True,False,False,False,20172018
Sat.,2017-11-04,4:07 CT,Minnesota Duluth,0,@,St. Cloud State,5,,,nt,True,False,False,False,20172018
Sat.,2017-11-04,7:05 ET,Mercyhurst,5,@,Penn State,7,,,nc,True,False,False,False,20172018
Sat.,2017-11-04,7:07 CT,North Dakota,2,@,Wisconsin,2,OT,,nc,True,False,False,True,20172018
Sat.,2017-11-04,7:05 MT,uah,3,@,Arizona State,1,,,nc,True,False,False,False,20172018
Sat.,2017-11-04,7:07 ET,Minnesota State,1,@,Northern Michigan,4,,,wc,True,False,False,False,20172018
Sat.,2017-11-04,7:07 AT,Bemidji State,3,@,Alaska,2,,,wc,True,False,False,False,20172018
Sat.,2017-11-04,7:07 ET,Alaska Anchorage,4,@,Lake Superior,1,,,wc,True,False,False,False,20172018
Sat.,2017-11-04,7:07 ET,Bowling Green,2,@,Michigan Tech,2,OT,,wc,True,False,False,True,20172018
Sun.,2017-11-05,2:05 ET,Canisius,3,@,Sacred Heart,2,,,ah,True,False,False,False,20172018
Tue.,2017-11-07,7:00 ET,Connecticut,1,@,Boston College,2,,,he,True,False,False,False,20172018
Thu.,2017-11-09,7:00 ET,Providence,2,@,Massachusetts,5,,,he,True,False,False,False,20172018
Fri.,2017-11-10,7:05 ET,Robert Morris,3,@,RIT,5,,,ah,True,False,False,False,20172018
Fri.,2017-11-10,7:05 ET,Canisius,3,@,Mercyhurst,4,OT,,ah,True,False,False,True,20172018
Fri.,2017-11-10,7:05 ET,Army,3,@,Niagara,1,,,ah,True,False,False,False,20172018
Fri.,2017-11-10,7:05 ET,Sacred Heart,2,@,aic,6,,,ah,True,False,False,False,20172018
Fri.,2017-11-10,7:05 ET,Air Force,0,@,Holy Cross,3,,,ah,True,False,False,False,20172018
Fri.,2017-11-10,7:35 ET,Minnesota,4,@,Michigan,5,OT,,b10,True,False,False,True,20172018
Fri.,2017-11-10,7:35 ET,Penn State,3,@,Notre Dame,5,,,b10,True,False,False,False,20172018
Fri.,2017-11-10,7:05 ET,Wisconsin,6,@,Michigan State,3,,,b10,True,False,False,False,20172018
Fri.,2017-11-10,7:00 ET,Quinnipiac,3,@,RPI,5,,,ec,True,False,False,False,20172018
Fri.,2017-11-10,7:00 ET,Princeton,3,@,Union,4,OT,,ec,True,False,False,True,20172018
Fri.,2017-11-10,7:00 ET,Dartmouth,0,@,Cornell,3,,,ec,True,False,False,False,20172018
Fri.,2017-11-10,7:00 ET,St. Lawrence,1,@,Yale,6,,,ec,True,False,False,False,20172018
Fri.,2017-11-10,7:00 ET,Harvard,1,@,Colgate,2,,,ec,True,False,False,False,20172018
Fri.,2017-11-10,7:00 ET,Clarkson,5,@,Brown,3,,,ec,True,False,False,False,20172018
Fri.,2017-11-10,7:00 ET,UMass Lowell,2,@,New Hampshire,1,,,he,True,False,False,False,20172018
Fri.,2017-11-10,7:05 ET,Boston College,4,@,Vermont,3,,,he,True,False,False,False,20172018
Fri.,2017-11-10,7:00 ET,Boston University,1,@,Northeastern,6,,,he,True,False,False,False,20172018
Fri.,2017-11-10,7:07 CT,Western Michigan,0,@,Minnesota Duluth,3,,,nt,True,False,False,False,20172018
Fri.,2017-11-10,7:37 CT,Miami,1,@,North Dakota,4,,,nt,True,False,False,False,20172018
Fri.,2017-11-10,7:37 MT,Omaha,5,@,Colorado College,3,,,nt,True,False,False,False,20172018
Fri.,2017-11-10,7:05 MT,St. Cloud State,2,@,Denver,4,,,nt,True,False,False,False,20172018
Fri.,2017-11-10,7:00 ET,Bentley,2,@,Merrimack,5,,,nc,True,False,False,False,20172018
Fri.,2017-11-10,7:00 ET,Bentley,2,@,Merrimack,5,,,nc,True,False,False,False,20172018
Fri.,2017-11-10,7:05 ET,Ohio State,5,@,Connecticut,4,,,nc,True,False,False,False,20172018
Fri.,2017-11-10,7:07 CT,Minnesota State,5,@,Bemidji State,2,,,wc,True,False,False,False,20172018
Fri.,2017-11-10,7:07 ET,Northern Michigan,1,@,Michigan Tech,4,,,wc,True,False,False,False,20172018
Fri.,2017-11-10,7:07 CT,Alaska Anchorage,1,@,uah,5,,,wc,True,False,False,False,20172018
Fri.,2017-11-10,7:07 ET,Alaska,1,@,Ferris State,3,,,wc,True,False,False,False,20172018
Fri.,2017-11-10,7:37 ET,Lake Superior,2,@,Bowling Green,2,OT,,wc,True,False,False,True,20172018
Sat.,2017-11-11,7:05 ET,Robert Morris,2,@,RIT,5,,,ah,True,False,False,False,20172018
Sat.,2017-11-11,7:05 ET,Canisius,7,@,Mercyhurst,3,,,ah,True,False,False,False,20172018
Sat.,2017-11-11,2:05 ET,Sacred Heart,1,@,aic,4,,,ah,True,False,False,False,20172018
Sat.,2017-11-11,7:05 ET,Army,2,@,Niagara,3,,,ah,True,False,False,False,20172018
Sat.,2017-11-11,7:05 ET,Air Force,3,@,Holy Cross,3,OT,,ah,True,False,False,True,20172018
Sat.,2017-11-11,5:30 ET,Penn State,0,@,Notre Dame,1,,,b10,True,False,False,False,20172018
Sat.,2017-11-11,7:35 ET,Minnesota,6,@,Michigan,6,OT,,b10,True,False,False,True,20172018
Sat.,2017-11-11,7:05 ET,Wisconsin,0,@,Michigan State,2,,,b10,True,False,False,False,20172018
Sat.,2017-11-11,7:00 ET,Princeton,6,@,RPI,2,,,ec,True,False,False,False,20172018
Sat.,2017-11-11,7:30 ET,Quinnipiac,1,@,Union,4,,,ec,True,False,False,False,20172018
Sat.,2017-11-11,7:00 ET,Harvard,2,@,Cornell,3,,,ec,True,False,False,False,20172018
Sat.,2017-11-11,7:00 ET,St. Lawrence,1,@,Brown,3,,,ec,True,False,False,False,20172018
Sat.,2017-11-11,4:00 ET,Dartmouth,2,@,Colgate,3,,,ec,True,False,False,False,20172018
Sat.,2017-11-11,7:00 ET,Clarkson,4,@,Yale,1,,,ec,True,False,False,False,20172018
Sat.,2017-11-11,7:00 ET,New Hampshire,0,@,Boston University,4,,,he,True,False,False,False,20172018
Sat.,2017-11-11,7:00 ET,Northeastern,2,@,UMass Lowell,4,,,he,True,False,False,False,20172018
Sat.,2017-11-11,7:00 ET,Massachusetts,2,@,Providence,7,,,he,True,False,False,False,20172018
Sat.,2017-11-11,7:05 ET,Boston College,5,@,Vermont,1,,,he,True,False,False,False,20172018
Sat.,2017-11-11,7:07 CT,Western Michigan,5,@,Minnesota Duluth,0,,,nt,True,False,False,False,20172018
Sat.,2017-11-11,7:07 CT,Miami,3,@,North Dakota,3,OT,,nt,True,False,False,True,20172018
Sat.,2017-11-11,6:07 MT,Omaha,0,@,Colorado College,4,,,nt,True,False,False,False,20172018
Sat.,2017-11-11,7:05 MT,St. Cloud State,1,@,Denver,5,,,nt,True,False,False,False,20172018
Sat.,2017-11-11,3:35 ET,Ohio State,1,@,Connecticut,1,OT,,nc,True,False,False,True,20172018
Sat.,2017-11-11,7:07 CT,Alaska Anchorage,3,@,uah,3,OT,,wc,True,False,False,True,20172018
Sat.,2017-11-11,7:07 ET,Alaska,3,@,Ferris State,5,,,wc,True,False,False,False,20172018
Sat.,2017-11-11,7:07 ET,Lake Superior,2,@,Bowling Green,5,,,wc,True,False,False,False,20172018
Sat.,2017-11-11,7:07 ET,Michigan Tech,0,@,Northern Michigan,4,,,wc,True,False,False,False,20172018
Sat.,2017-11-11,7:07 CT,Minnesota State,8,@,Bemidji State,6,,,wc,True,False,False,False,20172018
Fri.,2017-11-17,7:05 ET,aic,1,@,Robert Morris,3,,,ah,True,False,False,False,20172018
Fri.,2017-11-17,7:35 ET,Bentley,1,@,Canisius,5,,,ah,True,False,False,False,20172018
Fri.,2017-11-17,7:05 ET,Holy Cross,2,@,Army,2,OT,,ah,True,False,False,True,20172018
Fri.,2017-11-17,7:05 MT,RIT,3,@,Air Force,4,,,ah,True,False,False,False,20172018
Fri.,2017-11-17,7:07 CT,Michigan,3,@,Wisconsin,7,,,b10,True,False,False,False,20172018
Fri.,2017-11-17,7:00 ET,Yale,4,@,Princeton,5,,,ec,True,False,False,False,20172018
Fri.,2017-11-17,7:00 ET,Brown,0,@,Quinnipiac,5,,,ec,True,False,False,False,20172018
Fri.,2017-11-17,7:00 ET,Clarkson,5,@,Colgate,2,,,ec,True,False,False,False,20172018
Fri.,2017-11-17,7:00 ET,St. Lawrence,1,@,Cornell,6,,,ec,True,False,False,False,20172018
Fri.,2017-11-17,7:15 ET,Merrimack,1,@,Providence,2,,,he,True,False,False,False,20172018
Fri.,2017-11-17,7:15 ET,Connecticut,2,@,UMass Lowell,5,,,he,True,False,False,False,20172018
Fri.,2017-11-17,7:15 ET,Merrimack,1,@,Providence,2,,,he,True,False,False,False,20172018
Fri.,2017-11-17,7:00 ET,Vermont,1,@,Northeastern,2,,,he,True,False,False,False,20172018
Fri.,2017-11-17,7:30 ET,Boston University,2,@,Maine,5,,,he,True,False,False,False,20172018
Fri.,2017-11-17,7:00 ET,Boston College,3,@,New Hampshire,2,,,he,True,False,False,False,20172018
Fri.,2017-11-17,7:05 MT,North Dakota,5,@,Denver,4,,,nt,True,False,False,False,20172018
Fri.,2017-11-17,7:37 CT,Colorado College,1,@,St. Cloud State,6,,,nt,True,False,False,False,20172018
Fri.,2017-11-17,7:35 ET,Minnesota Duluth,3,@,Miami,1,,,nt,True,False,False,False,20172018
Fri.,2017-11-17,7:05 ET,Omaha,1,@,Western Michigan,4,,,nt,True,False,False,False,20172018
Fri.,2017-11-17,7:07 CT,Harvard,2,@,Minnesota,4,,,nc,True,False,False,False,20172018
Fri.,2017-11-17,7:05 ET,Ferris State,2,@,Michigan State,3,OT,,nc,True,False,False,True,20172018
Fri.,2017-11-17,7:05 MT,Penn State,7,@,Arizona State,0,,,nc,True,False,False,False,20172018
Fri.,2017-11-17,7:00 ET,Notre Dame,4,@,RPI,1,,,nc,True,False,False,False,20172018
Fri.,2017-11-17,7:07 AT,Northern Michigan,5,@,Alaska,3,,,wc,True,False,False,False,20172018
Fri.,2017-11-17,7:07 AT,Michigan Tech,1,@,Alaska Anchorage,1,OT,,wc,True,False,False,True,20172018
Fri.,2017-11-17,7:07 CT,Bowling Green,1,@,Minnesota State,6,,,wc,True,False,False,False,20172018
Fri.,2017-11-17,7:07 CT,Lake Superior,3,@,uah,1,,,wc,True,False,False,False,20172018
Sat.,2017-11-18,4:05 ET,aic,0,@,Robert Morris,4,,,ah,True,False,False,False,20172018
Sat.,2017-11-18,7:05 ET,Holy Cross,4,@,Army,0,,,ah,True,False,False,False,20172018
Sat.,2017-11-18,7:05 MT,RIT,3,@,Air Force,2,,,ah,True,False,False,False,20172018
Sat.,2017-11-18,4:35 ET,Bentley,2,@,Canisius,5,,,ah,True,False,False,False,20172018
Sat.,2017-11-18,7:07 CT,Michigan,4,@,Wisconsin,4,OT,,b10,True,False,False,True,20172018
Sat.,2017-11-18,7:00 ET,Clarkson,4,@,Cornell,0,,,ec,True,False,False,False,20172018
Sat.,2017-11-18,7:00 ET,St. Lawrence,1,@,Colgate,3,,,ec,True,False,False,False,20172018
Sat.,2017-11-18,7:00 ET,Brown,3,@,Princeton,0,,,ec,True,False,False,False,20172018
Sat.,2017-11-18,7:00 ET,Yale,0,@,Quinnipiac,3,,,ec,True,False,False,False,20172018
Sat.,2017-11-18,7:00 ET,Providence,6,@,Merrimack,6,OT,,he,True,False,False,True,20172018
Sat.,2017-11-18,7:00 ET,Providence,6,@,Merrimack,6,OT,,he,True,False,False,True,20172018
Sat.,2017-11-18,3:35 ET,UMass Lowell,1,@,Connecticut,0,,,he,True,False,False,False,20172018
Sat.,2017-11-18,7:00 ET,Boston University,7,@,Maine,0,,,he,True,False,False,False,20172018
Sat.,2017-11-18,7:00 ET,Boston College,4,@,Northeastern,1,,,he,True,False,False,False,20172018
Sat.,2017-11-18,7:05 MT,North Dakota,1,@,Denver,4,,,nt,True,False,False,False,20172018
Sat.,2017-11-18,7:05 ET,Minnesota Duluth,2,@,Miami,3,,,nt,True,False,False,False,20172018
Sat.,2017-11-18,7:05 ET,Omaha,2,@,Western Michigan,5,,,nt,True,False,False,False,20172018
Sat.,2017-11-18,7:07 CT,Colorado College,1,@,St. Cloud State,5,,,nt,True,False,False,False,20172018
Sat.,2017-11-18,7:07 CT,Harvard,1,@,Minnesota,2,OT,,nc,True,False,False,True,20172018
Sat.,2017-11-18,7:05 MT,Penn State,4,@,Arizona State,2,,,nc,True,False,False,False,20172018
Sat.,2017-11-18,7:00 ET,Notre Dame,1,@,RPI,0,OT,,nc,True,False,False,True,20172018
Sat.,2017-11-18,7:07 ET,Michigan State,3,@,Ferris State,1,,,nc,True,False,False,False,20172018
Sat.,2017-11-18,7:07 CT,Bowling Green,4,@,Minnesota State,1,,,wc,True,False,False,False,20172018
Sat.,2017-11-18,7:07 AT,Michigan Tech,3,@,Alaska Anchorage,3,OT,,wc,True,False,False,True,20172018
Sat.,2017-11-18,7:07 CT,Lake Superior,3,@,uah,5,,,wc,True,False,False,False,20172018
Sat.,2017-11-18,7:07 AT,Northern Michigan,1,@,Alaska,4,,,wc,True,False,False,False,20172018
Tue.,2017-11-21,7:05 ET,Army,5,@,Sacred Heart,5,OT,,ah,True,False,False,True,20172018
Tue.,2017-11-21,7:05 ET,Connecticut,4,@,Vermont,1,,,he,True,False,False,False,20172018
Tue.,2017-11-21,7:00 ET,Holy Cross,2,@,Brown,4,,,nc,True,False,False,False,20172018
Tue.,2017-11-21,7:00 ET,Niagara,4,@,Cornell,5,,,nc,True,False,False,False,20172018
Wed.,2017-11-22,7:00 ET,Bemidji State,5,@,Princeton,3,,,nc,True,False,False,False,20172018
Fri.,2017-11-24,7:05 ET,Robert Morris,1,@,Bentley,3,,,ah,True,False,False,False,20172018
Fri.,2017-11-24,7:05 ET,Canisius,4,@,Army,3,OT,,ah,True,False,False,True,20172018
Fri.,2017-11-24,2:05 ET,Niagara,3,@,aic,1,,,ah,True,False,False,False,20172018
Fri.,2017-11-24,7:05 ET,Michigan State,2,@,Penn State,7,,,b10,True,False,False,False,20172018
Fri.,2017-11-24,6:35 ET,Ohio State,3,@,Michigan,2,,,b10,True,False,False,False,20172018
Fri.,2017-11-24,7:35 ET,Minnesota,0,@,Notre Dame,1,,,b10,True,False,False,False,20172018
Fri.,2017-11-24,4:00,RPI,0,vs,Clarkson,2,,,nc,True,True,False,False,20172018
Fri.,2017-11-24,7:00,Maine,0,vs,Providence,3,,,he,True,True,False,False,20172018
Fri.,2017-11-24,7:05 ET,Arizona State,3,@,Holy Cross,1,,,nc,True,False,False,False,20172018
Fri.,2017-11-24,7:00 ET,Massachusetts,2,@,Quinnipiac,1,,,nc,True,False,False,False,20172018
Fri.,2017-11-24,7:00 ET,Bemidji State,1,@,Princeton,4,,,nc,True,False,False,False,20172018
Fri.,2017-11-24,4:00 ET,Harvard,4,@,Boston College,4,OT,,nc,True,False,False,True,20172018
Fri.,2017-11-24,7:05 ET,Colgate,3,@,Western Michigan,5,,,nc,True,False,False,False,20172018
Fri.,2017-11-24,7:37 CT,Union,4,@,North Dakota,1,,,nc,True,False,False,False,20172018
Fri.,2017-11-24,7:07 CT,Northern Michigan,3,@,Omaha,4,,,nc,True,False,False,False,20172018
Fri.,2017-11-24,7:37 ET,Miami,6,@,Bowling Green,3,,,nc,True,False,False,False,20172018
Fri.,2017-11-24,7:07 AT,Michigan Tech,5,@,Alaska,4,OT,,wc,True,False,False,True,20172018
Fri.,2017-11-24,7:07 CT,Ferris State,6,@,uah,2,,,wc,True,False,False,False,20172018
Sat.,2017-11-25,5:05 ET,Air Force,3,@,Sacred Heart,3,OT,,ah,True,False,False,True,20172018
Sat.,2017-11-25,4:05 ET,Canisius,3,@,Army,2,,,ah,True,False,False,False,20172018
Sat.,2017-11-25,4:05 ET,Robert Morris,3,@,Bentley,6,,,ah,True,False,False,False,20172018
Sat.,2017-11-25,7:05 ET,Niagara,1,@,aic,4,,,ah,True,False,False,False,20172018
Sat.,2017-11-25,7:35 ET,Ohio State,5,@,Michigan,1,,,b10,True,False,False,False,20172018
Sat.,2017-11-25,8:05 ET,Michigan State,2,@,Penn State,2,OT,,b10,True,False,False,True,20172018
Sat.,2017-11-25,7:05 ET,Minnesota,2,@,Notre Dame,5,,,b10,True,False,False,False,20172018
Sat.,2017-11-25,5:07 ET,US Under-18 Team,0,@,Lake Superior,6,,,ex,True,False,True,False,20172018
Sat.,2017-11-25,7:00 GMT,Clarkson,4,vs,Providence,2,,,nc,True,True,False,False,20172018
Sat.,2017-11-25,4:00 GMT,RPI,2,vs,Maine,4,,,nc,True,True,False,False,20172018
Sat.,2017-11-25,7:05 ET,Arizona State,3,@,Holy Cross,3,OT,,nc,True,False,False,True,20172018
Sat.,2017-11-25,7:05 ET,Mercyhurst,3,@,Wisconsin,2,,,nc,True,False,False,False,20172018
Sat.,2017-11-25,7:00 ET,Vermont,2,@,Dartmouth,1,OT,,nc,True,False,False,True,20172018
Sat.,2017-11-25,7:00 ET,New Hampshire,4,@,Yale,0,,,nc,True,False,False,False,20172018
Sat.,2017-11-25,8:00 ET,Boston University,3,vs,Cornell,4,,,nc,True,True,False,False,20172018
Sat.,2017-11-25,3:05 ET,RIT,1,@,Connecticut,2,,,nc,True,False,False,False,20172018
Sat.,2017-11-25,7:00 ET,Quinnipiac,3,@,Massachusetts,6,,,nc,True,False,False,False,20172018
Sat.,2017-11-25,7:05 ET,Colgate,5,@,Western Michigan,1,,,nc,True,False,False,False,20172018
Sat.,2017-11-25,7:07 CT,Union,2,@,North Dakota,2,OT,,nc,True,False,False,True,20172018
Sat.,2017-11-25,7:07 CT,Minnesota State,1,@,Minnesota Duluth,3,,,nc,True,False,False,False,20172018
Sat.,2017-11-25,7:07 CT,Northern Michigan,1,@,Omaha,4,,,nc,True,False,False,False,20172018
Sat.,2017-11-25,7:07 ET,Miami,2,@,Bowling Green,2,OT,,nc,True,False,False,True,20172018
Sat.,2017-11-25,7:07 AT,Michigan Tech,5,@,Alaska,1,,,wc,True,False,False,False,20172018
Sat.,2017-11-25,7:07 CT,Ferris State,3,@,uah,5,,,wc,True,False,False,False,20172018
Sun.,2017-11-26,1:05 ET,Air Force,5,@,Sacred Heart,3,,,ah,True,False,False,False,20172018
Sun.,2017-11-26,5:05 ET,Mercyhurst,2,@,Wisconsin,4,,,nc,True,False,False,False,20172018
Tue.,2017-11-28,7:00 ET,Quinnipiac,6,@,Princeton,2,,,ec,True,False,False,False,20172018
Tue.,2017-11-28,7:05 ET,Northeastern,1,@,Connecticut,4,,,he,True,False,False,False,20172018
Tue.,2017-11-28,7:00 ET,Bentley,3,@,UMass Lowell,2,OT,,nc,True,False,False,True,20172018
Fri.,2017-12-01,7:05 MT,Niagara,6,@,Air Force,3,,,ah,True,False,False,False,20172018
Fri.,2017-12-01,7:05 ET,Sacred Heart,2,@,Mercyhurst,3,OT,,ah,True,False,False,True,20172018
Fri.,2017-12-01,7:05 ET,Bentley,6,@,aic,2,,,ah,True,False,False,False,20172018
Fri.,2017-12-01,7:05 ET,Holy Cross,4,@,RIT,2,,,ah,True,False,False,False,20172018
Fri.,2017-12-01,7:05 ET,Penn State,5,@,Ohio State,5,OT,,b10,True,False,False,True,20172018
Fri.,2017-12-01,7:07 CT,Wisconsin,4,@,Minnesota,5,,,b10,True,False,False,False,20172018
Fri.,2017-12-01,7:05 ET,Notre Dame,3,@,Michigan State,1,,,b10,True,False,False,False,20172018
Fri.,2017-12-01,7:00 ET,Brown,1,@,Union,3,,,ec,True,False,False,False,20172018
Fri.,2017-12-01,7:00 ET,Yale,1,@,RPI,2,,,ec,True,False,False,False,20172018
Fri.,2017-12-01,7:00 ET,Dartmouth,2,@,Princeton,9,,,ec,True,False,False,False,20172018
Fri.,2017-12-01,7:00 ET,Harvard,6,@,Quinnipiac,2,,,ec,True,False,False,False,20172018
Fri.,2017-12-01,7:00 ET,Merrimack,1,@,Northeastern,3,,,he,True,False,False,False,20172018
Fri.,2017-12-01,7:00 ET,Merrimack,1,@,Northeastern,3,,,he,True,False,False,False,20172018
Fri.,2017-12-01,7:00 ET,Connecticut,2,@,Massachusetts,4,,,he,True,False,False,False,20172018
Fri.,2017-12-01,7:00 ET,Vermont,2,@,Maine,2,OT,,he,True,False,False,True,20172018
Fri.,2017-12-01,7:00 ET,Boston University,7,@,Boston College,4,,,he,True,False,False,False,20172018
Fri.,2017-12-01,7:15 ET,New Hampshire,2,@,Providence,5,,,he,True,False,False,False,20172018
Fri.,2017-12-01,7:37 CT,Western Michigan,3,@,North Dakota,4,,,nt,True,False,False,False,20172018
Fri.,2017-12-01,7:07 CT,St. Cloud State,7,@,Omaha,4,,,nt,True,False,False,False,20172018
Fri.,2017-12-01,7:07 CT,Denver,1,@,Minnesota Duluth,0,,,nt,True,False,False,False,20172018
Fri.,2017-12-01,7:35 ET,Cornell,1,@,Miami,2,,,nc,True,False,False,False,20172018
Fri.,2017-12-01,7:37 ET,Alaska,5,@,Lake Superior,3,,,wc,True,False,False,False,20172018
Fri.,2017-12-01,7:37 ET,Bemidji State,1,@,Bowling Green,3,,,wc,True,False,False,False,20172018
Fri.,2017-12-01,7:07 ET,Alaska Anchorage,0,@,Ferris State,2,,,wc,True,False,False,False,20172018
Fri.,2017-12-01,7:07 ET,uah,1,@,Northern Michigan,3,,,wc,True,False,False,False,20172018
Sat.,2017-12-02,7:05 ET,Sacred Heart,5,@,Mercyhurst,3,,,ah,True,False,False,False,20172018
Sat.,2017-12-02,5:05 MT,Niagara,5,@,Air Force,2,,,ah,True,False,False,False,20172018
Sat.,2017-12-02,7:05 ET,Holy Cross,3,@,RIT,5,,,ah,True,False,False,False,20172018
Sat.,2017-12-02,7:05 ET,Notre Dame,2,@,Michigan State,0,,,b10,True,False,False,False,20172018
Sat.,2017-12-02,4:05 ET,Penn State,4,@,Ohio State,0,,,b10,True,False,False,False,20172018
Sat.,2017-12-02,7:07 CT,Wisconsin,3,@,Minnesota,2,,,b10,True,False,False,False,20172018
Sat.,2017-12-02,7:00 ET,Brown,5,@,RPI,4,OT,,ec,True,False,False,True,20172018
Sat.,2017-12-02,7:00 ET,Yale,5,@,Union,3,,,ec,True,False,False,False,20172018
Sat.,2017-12-02,7:00 ET,Dartmouth,0,@,Quinnipiac,0,OT,,ec,True,False,False,True,20172018
Sat.,2017-12-02,7:00 ET,Harvard,5,@,Princeton,2,,,ec,True,False,False,False,20172018
Sat.,2017-12-02,7:00 ET,Michigan,7,@,US Under-18 Team,3,,,ex,True,False,True,False,20172018
Sat.,2017-12-02,7:00 ET,Northeastern,3,@,Merrimack,1,,,he,True,False,False,False,20172018
Sat.,2017-12-02,5:00 ET,Vermont,2,@,Maine,6,,,he,True,False,False,False,20172018
Sat.,2017-12-02,7:00 ET,Northeastern,3,@,Merrimack,1,,,he,True,False,False,False,20172018
Sat.,2017-12-02,7:00 ET,Providence,0,@,New Hampshire,1,,,he,True,False,False,False,20172018
Sat.,2017-12-02,7:00 ET,Boston College,4,@,Boston University,1,,,he,True,False,False,False,20172018
Sat.,2017-12-02,7:07 CT,Western Michigan,1,@,North Dakota,4,,,nt,True,False,False,False,20172018
Sat.,2017-12-02,7:07 CT,St. Cloud State,5,@,Omaha,0,,,nt,True,False,False,False,20172018
Sat.,2017-12-02,7:07 CT,Denver,2,@,Minnesota Duluth,1,,,nt,True,False,False,False,20172018
Sat.,2017-12-02,4:05 ET,Colgate,1,@,Army,3,,,nc,True,False,False,False,20172018
Sat.,2017-12-02,7:05 ET,Clarkson,5,@,Canisius,1,,,nc,True,False,False,False,20172018
Sat.,2017-12-02,7:05 ET,Cornell,4,@,Miami,0,,,nc,True,False,False,False,20172018
Sat.,2017-12-02,7:07 ET,Alaska,1,@,Lake Superior,4,,,wc,True,False,False,False,20172018
Sat.,2017-12-02,7:07 ET,uah,3,@,Northern Michigan,2,,,wc,True,False,False,False,20172018
Sat.,2017-12-02,7:07 ET,Alaska Anchorage,2,@,Ferris State,5,,,wc,True,False,False,False,20172018
Sat.,2017-12-02,7:07 ET,Bemidji State,3,@,Bowling Green,3,OT,,wc,True,False,False,True,20172018
Tue.,2017-12-05,7:05 ET,Massachusetts,2,@,Connecticut,8,,,he,True,False,False,False,20172018
Wed.,2017-12-06,7:00 ET,Bentley,3,@,Brown,1,,,nc,True,False,False,False,20172018
Wed.,2017-12-06,7:00 ET,New Hampshire,6,@,RPI,3,,,nc,True,False,False,False,20172018
Thu.,2017-12-07,7:35 ET,Michigan State,0,@,Michigan,4,,,b10,True,False,False,False,20172018
Fri.,2017-12-08,2:05 ET,Mercyhurst,1,@,aic,3,,,ah,True,False,False,False,20172018
Fri.,2017-12-08,7:05 ET,Canisius,4,@,Niagara,2,,,ah,True,False,False,False,20172018
Fri.,2017-12-08,8:07 ET,Notre Dame,3,@,Wisconsin,2,,,b10,True,False,False,False,20172018
Fri.,2017-12-08,6:35 ET,Minnesota,1,@,Ohio State,2,OT,,b10,True,False,False,True,20172018
Fri.,2017-12-08,7:05 ET,Michigan,0,@,Michigan State,5,,,b10,True,False,False,False,20172018
Fri.,2017-12-08,7:00 ET,St. Lawrence,1,@,Clarkson,3,,,ec,True,False,False,False,20172018
Fri.,2017-12-08,7:00 ET,Boston University,2,@,UMass Lowell,3,,,he,True,False,False,False,20172018
Fri.,2017-12-08,7:37 CT,North Dakota,2,@,St. Cloud State,2,OT,,nt,True,False,False,True,20172018
Fri.,2017-12-08,7:05 ET,Miami,5,@,Western Michigan,2,,,nt,True,False,False,False,20172018
Fri.,2017-12-08,7:07 CT,Minnesota Duluth,5,@,Omaha,7,,,nt,True,False,False,False,20172018
Fri.,2017-12-08,7:05 MT,Colorado College,4,@,Denver,4,OT,,nt,True,False,False,True,20172018
Fri.,2017-12-08,7:05 ET,Penn State,5,@,Robert Morris,2,,,nc,True,False,False,False,20172018
Fri.,2017-12-08,7:00 ET,Army,1,@,Merrimack,4,,,nc,True,False,False,False,20172018
Fri.,2017-12-08,7:05 MT,Princeton,4,@,Arizona State,0,,,nc,True,False,False,False,20172018
Fri.,2017-12-08,7:00 ET,Maine,7,@,Quinnipiac,4,,,nc,True,False,False,False,20172018
Fri.,2017-12-08,7:15 ET,RIT,3,@,Providence,8,,,nc,True,False,False,False,20172018
Fri.,2017-12-08,7:00 ET,Army,1,@,Merrimack,4,,,nc,True,False,False,False,20172018
Fri.,2017-12-08,7:05 ET,Colgate,2,@,Connecticut,4,,,nc,True,False,False,False,20172018
Fri.,2017-12-08,7:07 AT,Alaska,7,@,Alaska Anchorage,2,,,wc,True,False,False,False,20172018
Fri.,2017-12-08,7:07 CT,Northern Michigan,1,@,Bemidji State,1,OT,,wc,True,False,False,True,20172018
Fri.,2017-12-08,7:37 ET,uah,3,@,Bowling Green,3,OT,,wc,True,False,False,True,20172018
Fri.,2017-12-08,7:07 ET,Ferris State,4,@,Michigan Tech,3,,,wc,True,False,False,False,20172018
Fri.,2017-12-08,7:37 ET,Minnesota State,5,@,Lake Superior,1,,,wc,True,False,False,False,20172018
Sat.,2017-12-09,7:35 ET,Niagara,2,@,Canisius,8,,,ah,True,False,False,False,20172018
Sat.,2017-12-09,2:05 ET,Mercyhurst,4,@,aic,2,,,ah,True,False,False,False,20172018
Sat.,2017-12-09,7:07 ET,Notre Dame,6,@,Wisconsin,2,,,b10,True,False,False,False,20172018
Sat.,2017-12-09,8:05 ET,Minnesota,1,@,Ohio State,4,,,b10,True,False,False,False,20172018
Sat.,2017-12-09,7:00 ET,Clarkson,4,@,St. Lawrence,2,,,ec,True,False,False,False,20172018
Sat.,2017-12-09,7:00 ET,Northeastern,5,@,Boston College,2,,,he,True,False,False,False,20172018
Sat.,2017-12-09,7:00 ET,UMass Lowell,3,@,Boston University,9,,,he,True,False,False,False,20172018
Sat.,2017-12-09,7:05 ET,Miami,3,@,Western Michigan,4,OT,,nt,True,False,False,True,20172018
Sat.,2017-12-09,7:07 CT,North Dakota,1,@,St. Cloud State,3,,,nt,True,False,False,False,20172018
Sat.,2017-12-09,7:07 CT,Minnesota Duluth,6,@,Omaha,2,,,nt,True,False,False,False,20172018
Sat.,2017-12-09,6:07 MT,Denver,1,@,Colorado College,1,OT,,nt,True,False,False,True,20172018
Sat.,2017-12-09,7:05 ET,Yale,2,@,Sacred Heart,1,,,nc,True,False,False,False,20172018
Sat.,2017-12-09,7:05 ET,Robert Morris,4,@,Penn State,7,,,nc,True,False,False,False,20172018
Sat.,2017-12-09,7:05 MT,Princeton,3,@,Arizona State,4,OT,,nc,True,False,False,True,20172018
Sat.,2017-12-09,7:00 ET,Holy Cross,2,@,Union,4,,,nc,True,False,False,False,20172018
Sat.,2017-12-09,7:00 ET,Bentley,5,@,Dartmouth,1,,,nc,True,False,False,False,20172018
Sat.,2017-12-09,7:00 ET,Maine,5,@,Quinnipiac,3,,,nc,True,False,False,False,20172018
Sat.,2017-12-09,7:05 ET,RIT,4,@,Providence,0,,,nc,True,False,False,False,20172018
Sat.,2017-12-09,7:00 ET,Army,4,@,New Hampshire,3,,,nc,True,False,False,False,20172018
Sat.,2017-12-09,7:05 ET,Brown,2,@,Vermont,2,OT,,nc,True,False,False,True,20172018
Sat.,2017-12-09,7:07 CT,Northern Michigan,4,@,Bemidji State,4,OT,,wc,True,False,False,True,20172018
Sat.,2017-12-09,7:07 ET,uah,1,@,Bowling Green,3,,,wc,True,False,False,False,20172018
Sat.,2017-12-09,7:07 ET,Minnesota State,7,@,Lake Superior,0,,,wc,True,False,False,False,20172018
Sat.,2017-12-09,7:07 AT,Alaska,3,@,Alaska Anchorage,2,,,wc,True,False,False,False,20172018
Sat.,2017-12-09,7:07 ET,Ferris State,1,@,Michigan Tech,5,,,wc,True,False,False,False,20172018
Sun.,2017-12-10,4:00 ET,Merrimack,4,@,New Hampshire,3,,,he,True,False,False,False,20172018
Sun.,2017-12-10,4:00 ET,Merrimack,4,@,New Hampshire,3,,,he,True,False,False,False,20172018
Sun.,2017-12-10,5:00 ET,Massachusetts,2,@,Union,1,,,nc,True,False,False,False,20172018
Fri.,2017-12-15,7:05 MT,Dartmouth,0,@,Denver,1,,,nc,True,False,False,False,20172018
Fri.,2017-12-15,7:07 ET,Lake Superior,0,@,Michigan Tech,3,,,wc,True,False,False,False,20172018
Fri.,2017-12-15,7:07 CT,Alaska Anchorage,1,@,Bemidji State,5,,,wc,True,False,False,False,20172018
Fri.,2017-12-15,7:07 ET,Ferris State,1,@,Northern Michigan,6,,,wc,True,False,False,False,20172018
Fri.,2017-12-15,7:07 CT,uah,1,@,Minnesota State,5,,,wc,True,False,False,False,20172018
Sat.,2017-12-16,7:05 ET,Mercyhurst,2,@,Robert Morris,5,,,ah,True,False,False,False,20172018
Sat.,2017-12-16,7:05 ET,Michigan State,3,@,US Under-18 Team,0,,,ex,True,False,True,False,20172018
Sat.,2017-12-16,4:00 ET,Northeastern,1,@,Merrimack,1,OT,,he,True,False,False,True,20172018
Sat.,2017-12-16,4:00 ET,Northeastern,1,@,Merrimack,1,OT,,he,True,False,False,True,20172018
Sat.,2017-12-16,6:07 MT,Arizona State,0,@,Colorado College,4,,,nc,True,False,False,False,20172018
Sat.,2017-12-16,7:05 MT,Dartmouth,5,@,Denver,4,,,nc,True,False,False,False,20172018
Sat.,2017-12-16,7:07 ET,Lake Superior,3,@,Michigan Tech,3,OT,,wc,True,False,False,True,20172018
Sat.,2017-12-16,7:07 CT,uah,0,@,Minnesota State,3,,,wc,True,False,False,False,20172018
Sat.,2017-12-16,7:07 ET,Ferris State,2,@,Northern Michigan,4,,,wc,True,False,False,False,20172018
Sat.,2017-12-16,7:07 CT,Alaska Anchorage,0,@,Bemidji State,4,,,wc,True,False,False,False,20172018
Sun.,2017-12-17,4:05 ET,Robert Morris,5,@,Mercyhurst,3,,,ah,True,False,False,False,20172018
Sun.,2017-12-17,2:07 MT,Arizona State,4,@,Colorado College,4,OT,,nc,True,False,False,True,20172018
Thu.,2017-12-28,7:37 ET,Western Michigan,5,@,Bowling Green,2,,,nc,True,False,False,False,20172018
Fri.,2017-12-29,7:05 ET,Holy Cross,4,@,Sacred Heart,1,,,ah,True,False,False,False,20172018
Fri.,2017-12-29,7:05 ET,St. Lawrence,3,@,Vermont,2,,,nc,True,False,False,False,20172018
Fri.,2017-12-29,4:05 ET,Harvard,2,vs,UMass Lowell,5,,,nc,True,True,False,False,20172018
Fri.,2017-12-29,7:00 ET,New Hampshire,1,@,Dartmouth,3,,,nc,True,False,False,False,20172018
Fri.,2017-12-29,4:00 ET,Minnesota Duluth,5,vs,Yale,0,,,nc,True,True,False,False,20172018
Fri.,2017-12-29,7:05 MT,Colorado College,3,@,Air Force,6,,,nc,True,False,False,False,20172018
Fri.,2017-12-29,7:07 CT,Army,0,@,Minnesota,3,,,nc,True,False,False,False,20172018
Fri.,2017-12-29,7:05 ET,Niagara,2,@,Ohio State,3,,,nc,True,False,False,False,20172018
Fri.,2017-12-29,4:00 ET,Maine,3,@,RPI,2,,,nc,True,False,False,False,20172018
Fri.,2017-12-29,7:00 ET,St. Cloud State,3,@,Princeton,3,OT,,nc,True,False,False,True,20172018
Fri.,2017-12-29,7:05 MT,Merrimack,3,@,Denver,2,,,nc,True,False,False,False,20172018
Fri.,2017-12-29,7:07 CT,Union,1,@,Omaha,5,,,nc,True,False,False,False,20172018
Fri.,2017-12-29,7:05 MT,Merrimack,3,@,Denver,2,,,nc,True,False,False,False,20172018
Fri.,2017-12-29,7:30 ET,Lake Superior,0,vs,Robert Morris,5,,,nc,True,True,False,False,20172018
Fri.,2017-12-29,4:30 ET,Arizona State,0,vs,Providence,6,,,nc,True,True,False,False,20172018
Fri.,2017-12-29,7:07 CT,Northern Michigan,4,@,Minnesota State,3,,,wc,True,False,False,False,20172018
Fri.,2017-12-29,7:07 CT,uah,1,@,Bemidji State,3,,,wc,True,False,False,False,20172018
Sat.,2017-12-30,7:05 ET,Sacred Heart,5,@,Holy Cross,5,OT,,ah,True,False,False,True,20172018
Sat.,2017-12-30,7:05 ET,Harvard,4,@,Vermont,1,,,nc,True,False,False,False,20172018
Sat.,2017-12-30,4:05 ET,St. Lawrence,3,vs,UMass Lowell,0,,,nc,True,True,False,False,20172018
Sat.,2017-12-30,5:00 ET,Windsor,2,@,Miami,8,,,ex,True,False,True,False,20172018
Sat.,2017-12-30,7:07 CT,US Under-18 Team,2,@,North Dakota,5,,,ex,True,False,True,False,20172018
Sat.,2017-12-30,3:00 ET,Connecticut,0,@,Boston College,2,,,he,True,False,False,False,20172018
Sat.,2017-12-30,7:00 ET,Minnesota Duluth,2,@,Dartmouth,2,OT,,nc,True,False,False,True,20172018
Sat.,2017-12-30,4:00 ET,Yale,4,vs,New Hampshire,2,,,nc,True,True,False,False,20172018
Sat.,2017-12-30,7:07 CT,Army,1,@,Minnesota,4,,,nc,True,False,False,False,20172018
Sat.,2017-12-30,8:05 ET,Niagara,1,@,Ohio State,4,,,nc,True,False,False,False,20172018
Sat.,2017-12-30,7:00 ET,Canisius,2,@,Cornell,6,,,nc,True,False,False,False,20172018
Sat.,2017-12-30,4:00 ET,Maine,5,@,RPI,2,,,nc,True,False,False,False,20172018
Sat.,2017-12-30,7:00 ET,St. Cloud State,2,@,Princeton,2,OT,,nc,True,False,False,True,20172018
Sat.,2017-12-30,7:00 ET,aic,1,@,Northeastern,3,,,nc,True,False,False,False,20172018
Sat.,2017-12-30,7:05 MT,Air Force,0,@,Denver,6,,,nc,True,False,False,False,20172018
Sat.,2017-12-30,6:07 MT,Merrimack,1,@,Colorado College,2,,,nc,True,False,False,False,20172018
Sat.,2017-12-30,7:07 CT,Union,3,@,Omaha,5,,,nc,True,False,False,False,20172018
Sat.,2017-12-30,6:07 MT,Merrimack,1,@,Colorado College,2,,,nc,True,False,False,False,20172018
Sat.,2017-12-30,7:30 ET,Providence,2,vs,Robert Morris,1,,,nc,True,True,False,False,20172018
Sat.,2017-12-30,4:30 ET,Lake Superior,4,vs,Arizona State,1,,,nc,True,True,False,False,20172018
Sat.,2017-12-30,7:07 CT,uah,1,@,Bemidji State,4,,,wc,True,False,False,False,20172018
Sat.,2017-12-30,7:07 CT,Northern Michigan,3,@,Minnesota State,6,,,wc,True,False,False,False,20172018
Mon.,2018-01-01,6:05 ET,Bowling Green,6,vs,Michigan,4,,,nc,True,True,False,False,20172018
Mon.,2018-01-01,2:35 ET,Michigan State,2,vs,Michigan Tech,5,,,nc,True,True,False,False,20172018
Tue.,2018-01-02,7:05 ET,Ferris State,1,@,US Under-18 Team,5,,,ex,True,False,True,False,20172018
Tue.,2018-01-02,2:35 ET,Michigan State,4,vs,Michigan,6,,,nc,True,True,False,False,20172018
Tue.,2018-01-02,6:05 ET,Bowling Green,4,vs,Michigan Tech,1,,,nc,True,True,False,False,20172018
Tue.,2018-01-02,7:00 ET,Canisius,0,@,Clarkson,4,,,nc,True,False,False,False,20172018
Tue.,2018-01-02,7:05 ET,Quinnipiac,3,@,Connecticut,0,,,nc,True,False,False,False,20172018
Wed.,2018-01-03,7:00 ET,Brown,0,@,Providence,5,,,nc,True,False,False,False,20172018
Fri.,2018-01-05,7:05 ET,Holy Cross,1,@,aic,2,,,ah,True,False,False,False,20172018
Fri.,2018-01-05,7:05 MT,Mercyhurst,1,@,Air Force,0,,,ah,True,False,False,False,20172018
Fri.,2018-01-05,7:05 ET,RIT,3,@,Niagara,4,,,ah,True,False,False,False,20172018
Fri.,2018-01-05,6:35 ET,Notre Dame,2,@,Michigan,1,,,b10,True,False,False,False,20172018
Fri.,2018-01-05,7:07 ET,Wisconsin,1,@,Penn State,5,,,b10,True,False,False,False,20172018
Fri.,2018-01-05,7:05 ET,Ohio State,4,@,Michigan State,1,,,b10,True,False,False,False,20172018
Fri.,2018-01-05,7:00 ET,Princeton,1,@,Cornell,7,,,ec,True,False,False,False,20172018
Fri.,2018-01-05,7:00 ET,Quinnipiac,4,@,Colgate,3,OT,,ec,True,False,False,True,20172018
Fri.,2018-01-05,7:00 ET,Union,4,@,Dartmouth,1,,,ec,True,False,False,False,20172018
Fri.,2018-01-05,7:00 ET,RPI,0,@,Harvard,3,,,ec,True,False,False,False,20172018
Fri.,2018-01-05,CANCELED,US Under-18 Team,,@,Boston University,,,,ex,False,False,True,False,20172018
Fri.,2018-01-05,8:30 PT,Northern Michigan,3,vs,Arizona State,7,,,nc,True,True,False,False,20172018
Fri.,2018-01-05,5:00 PT,Boston College,3,vs,Michigan Tech,4,,,nc,True,True,False,False,20172018
Fri.,2018-01-05,7:05 ET,Merrimack,3,@,Connecticut,2,OT,,he,True,False,False,True,20172018
Fri.,2018-01-05,7:15 ET,Vermont,0,@,UMass Lowell,6,,,he,True,False,False,False,20172018
Fri.,2018-01-05,7:05 ET,Merrimack,3,@,Connecticut,2,OT,,he,True,False,False,True,20172018
Fri.,2018-01-05,7:37 CT,Omaha,4,@,North Dakota,1,,,nt,True,False,False,False,20172018
Fri.,2018-01-05,7:35 ET,Denver,3,@,Miami,4,,,nt,True,False,False,False,20172018
Fri.,2018-01-05,7:05 ET,Northeastern,3,@,Bentley,3,OT,,nc,True,False,False,True,20172018
Fri.,2018-01-05,7:00 ET,Canisius,4,@,St. Lawrence,4,OT,,nc,True,False,False,True,20172018
Fri.,2018-01-05,7:00 ET,Massachusetts,3,@,Yale,5,,,nc,True,False,False,False,20172018
Fri.,2018-01-05,7:07 AT,Minnesota State,5,@,Alaska Anchorage,2,,,wc,True,False,False,False,20172018
Fri.,2018-01-05,7:37 ET,Bemidji State,3,@,Lake Superior,0,,,wc,True,False,False,False,20172018
Fri.,2018-01-05,7:07 AT,uah,2,@,Alaska,3,,,wc,True,False,False,False,20172018
Sat.,2018-01-06,7:05 ET,RIT,2,@,Niagara,2,OT,,ah,True,False,False,True,20172018
Sat.,2018-01-06,7:05 MT,Mercyhurst,1,@,Air Force,5,,,ah,True,False,False,False,20172018
Sat.,2018-01-06,7:05 ET,Army,3,@,Sacred Heart,3,OT,,ah,True,False,False,True,20172018
Sat.,2018-01-06,7:05 ET,aic,4,@,Holy Cross,2,,,ah,True,False,False,False,20172018
Sat.,2018-01-06,7:07 ET,Wisconsin,3,@,Penn State,3,OT,,b10,True,False,False,True,20172018
Sat.,2018-01-06,7:05 ET,Ohio State,5,@,Michigan State,3,,,b10,True,False,False,False,20172018
Sat.,2018-01-06,7:00 ET,RPI,5,@,Dartmouth,6,OT,,ec,True,False,False,True,20172018
Sat.,2018-01-06,7:00 ET,Union,3,@,Harvard,4,OT,,ec,True,False,False,True,20172018
Sat.,2018-01-06,7:00 ET,Quinnipiac,0,@,Cornell,1,,,ec,True,False,False,False,20172018
Sat.,2018-01-06,7:00 ET,Princeton,0,@,Colgate,4,,,ec,True,False,False,False,20172018
Sat.,2018-01-06,8:30 PT,Michigan Tech,2,vs,Arizona State,3,,,nc,True,True,False,False,20172018
Sat.,2018-01-06,5:00 PT,Northern Michigan,3,vs,Boston College,3,OT,,nc,True,True,False,True,20172018
Sat.,2018-01-06,7:00 ET,Merrimack,2,@,Providence,5,,,he,True,False,False,False,20172018
Sat.,2018-01-06,7:00 ET,Merrimack,2,@,Providence,5,,,he,True,False,False,False,20172018
Sat.,2018-01-06,7:00 ET,Maine,3,@,Boston University,0,,,he,True,False,False,False,20172018
Sat.,2018-01-06,7:00 ET,Massachusetts,3,@,UMass Lowell,8,,,he,True,False,False,False,20172018
Sat.,2018-01-06,7:07 CT,Omaha,0,@,North Dakota,7,,,nt,True,False,False,False,20172018
Sat.,2018-01-06,7:05 ET,Denver,4,@,Miami,1,,,nt,True,False,False,False,20172018
Sat.,2018-01-06,7:00 ET,Canisius,1,@,St. Lawrence,4,,,nc,True,False,False,False,20172018
Sat.,2018-01-06,7:00 ET,Bentley,1,@,Northeastern,6,,,nc,True,False,False,False,20172018
Sat.,2018-01-06,7:00 ET,Brown,4,@,New Hampshire,4,OT,,nc,True,False,False,True,20172018
Sat.,2018-01-06,6:37 CT,Minnesota,2,@,St. Cloud State,5,,,nc,True,False,False,False,20172018
Sat.,2018-01-06,7:07 AT,Minnesota State,4,@,Alaska Anchorage,1,,,wc,True,False,False,False,20172018
Sat.,2018-01-06,7:07 AT,uah,3,@,Alaska,1,,,wc,True,False,False,False,20172018
Sat.,2018-01-06,7:07 ET,Bemidji State,6,@,Lake Superior,3,,,wc,True,False,False,False,20172018
Sat.,2018-01-06,5:07 ET,Bowling Green,6,@,Ferris State,3,,,wc,True,False,False,False,20172018
Sun.,2018-01-07,3:05 ET,Michigan,1,@,Notre Dame,2,,,b10,True,False,False,False,20172018
Sun.,2018-01-07,6:07 CT,St. Cloud State,0,@,Minnesota,2,,,nc,True,False,False,False,20172018
Sun.,2018-01-07,3:07 ET,Bowling Green,3,@,Ferris State,0,,,wc,True,False,False,False,20172018
Mon.,2018-01-08,7:00 ET,Maine,4,@,Brown,4,OT,,nc,True,False,False,True,20172018
Tue.,2018-01-09,7:05 ET,Sacred Heart,4,@,Bentley,1,,,ah,True,False,False,False,20172018
Tue.,2018-01-09,7:05 ET,Robert Morris,3,@,Niagara,1,,,ah,True,False,False,False,20172018
Tue.,2018-01-09,7:00 ET,Harvard,2,@,RPI,2,OT,,ec,True,False,False,True,20172018
Fri.,2018-01-12,7:05 ET,Holy Cross,3,@,Sacred Heart,1,,,ah,True,False,False,False,20172018
Fri.,2018-01-12,7:05 ET,Air Force,2,@,RIT,1,,,ah,True,False,False,False,20172018
Fri.,2018-01-12,7:35 ET,aic,3,@,Canisius,0,,,ah,True,False,False,False,20172018
Fri.,2018-01-12,7:05 ET,Niagara,2,@,Mercyhurst,3,,,ah,True,False,False,False,20172018
Fri.,2018-01-12,7:05 ET,Bentley,3,@,Army,3,OT,,ah,True,False,False,True,20172018
Fri.,2018-01-12,7:07 CT,Michigan,5,@,Minnesota,3,,,b10,True,False,False,False,20172018
Fri.,2018-01-12,7:35 ET,Ohio State,2,@,Penn State,5,,,b10,True,False,False,False,20172018
Fri.,2018-01-12,7:07 CT,Michigan State,2,@,Wisconsin,0,,,b10,True,False,False,False,20172018
Fri.,2018-01-12,7:00 ET,Clarkson,4,@,Union,1,,,ec,True,False,False,False,20172018
Fri.,2018-01-12,7:00 ET,Quinnipiac,3,@,Dartmouth,4,,,ec,True,False,False,False,20172018
Fri.,2018-01-12,7:00 ET,St. Lawrence,1,@,RPI,2,OT,,ec,True,False,False,True,20172018
Fri.,2018-01-12,7:00 ET,Princeton,1,@,Harvard,3,,,ec,True,False,False,False,20172018
Fri.,2018-01-12,7:00 ET,Colgate,2,@,Brown,1,,,ec,True,False,False,False,20172018
Fri.,2018-01-12,7:00 ET,Cornell,3,@,Yale,3,OT,,ec,True,False,False,True,20172018
Fri.,2018-01-12,7:00 ET,Connecticut,0,@,Merrimack,3,,,he,True,False,False,False,20172018
Fri.,2018-01-12,7:05 ET,Massachusetts,2,@,Vermont,2,OT,,he,True,False,False,True,20172018
Fri.,2018-01-12,7:00 ET,Maine,3,@,Northeastern,5,,,he,True,False,False,False,20172018
Fri.,2018-01-12,7:00 ET,Connecticut,0,@,Merrimack,3,,,he,True,False,False,False,20172018
Fri.,2018-01-12,7:00 ET,Boston University,3,@,New Hampshire,2,,,he,True,False,False,False,20172018
Fri.,2018-01-12,7:00 ET,Providence,4,@,Boston College,1,,,he,True,False,False,False,20172018
Fri.,2018-01-12,7:37 MT,Minnesota Duluth,6,@,Colorado College,5,,,nt,True,False,False,False,20172018
Fri.,2018-01-12,7:37 CT,Western Michigan,7,@,St. Cloud State,5,,,nt,True,False,False,False,20172018
Fri.,2018-01-12,7:07 CT,Miami,7,@,Omaha,11,,,nt,True,False,False,False,20172018
Fri.,2018-01-12,7:05 MT,UMass Lowell,4,@,Arizona State,0,,,nc,True,False,False,False,20172018
Fri.,2018-01-12,7:07 CT,North Dakota,5,@,Bemidji State,1,,,nc,True,False,False,False,20172018
Fri.,2018-01-12,7:07 AT,uah,4,@,Alaska Anchorage,2,,,wc,True,False,False,False,20172018
Fri.,2018-01-12,7:37 ET,Ferris State,4,@,Lake Superior,0,,,wc,True,False,False,False,20172018
Fri.,2018-01-12,7:07 AT,Minnesota State,0,@,Alaska,5,,,wc,True,False,False,False,20172018
Fri.,2018-01-12,7:07 ET,Bowling Green,2,@,Northern Michigan,5,,,wc,True,False,False,False,20172018
Sat.,2018-01-13,7:05 ET,Sacred Heart,2,@,Holy Cross,4,,,ah,True,False,False,False,20172018
Sat.,2018-01-13,7:05 ET,Bentley,0,@,Army,4,,,ah,True,False,False,False,20172018
Sat.,2018-01-13,7:05 ET,Niagara,2,@,Mercyhurst,3,,,ah,True,False,False,False,20172018
Sat.,2018-01-13,7:05 ET,Air Force,4,@,RIT,0,,,ah,True,False,False,False,20172018
Sat.,2018-01-13,7:35 ET,aic,1,@,Canisius,6,,,ah,True,False,False,False,20172018
Sat.,2018-01-13,7:07 CT,Michigan,3,@,Minnesota,1,,,b10,True,False,False,False,20172018
Sat.,2018-01-13,7:05 ET,Ohio State,5,@,Penn State,1,,,b10,True,False,False,False,20172018
Sat.,2018-01-13,7:07 CT,Michigan State,2,@,Wisconsin,5,,,b10,True,False,False,False,20172018
Sat.,2018-01-13,7:00 ET,Colgate,1,@,Yale,5,,,ec,True,False,False,False,20172018
Sat.,2018-01-13,7:00 ET,Cornell,3,@,Brown,1,,,ec,True,False,False,False,20172018
Sat.,2018-01-13,3:30 ET,Quinnipiac,2,@,Harvard,2,OT,,ec,True,False,False,True,20172018
Sat.,2018-01-13,7:00 ET,St. Lawrence,4,@,Union,5,,,ec,True,False,False,False,20172018
Sat.,2018-01-13,7:00 ET,Princeton,6,@,Dartmouth,3,,,ec,True,False,False,False,20172018
Sat.,2018-01-13,7:00 ET,Clarkson,3,@,RPI,0,,,ec,True,False,False,False,20172018
Sat.,2018-01-13,5:00 ET,Providence,2,@,Boston University,2,OT,,he,True,False,False,True,20172018
Sat.,2018-01-13,7:05 ET,Massachusetts,6,@,Vermont,3,,,he,True,False,False,False,20172018
Sat.,2018-01-13,5:00 ET,Maine,3,@,Northeastern,5,,,he,True,False,False,False,20172018
Sat.,2018-01-13,7:07 CT,Miami,3,@,Omaha,4,,,nt,True,False,False,False,20172018
Sat.,2018-01-13,6:07 MT,Minnesota Duluth,5,@,Colorado College,1,,,nt,True,False,False,False,20172018
Sat.,2018-01-13,7:07 CT,Western Michigan,3,@,St. Cloud State,4,,,nt,True,False,False,False,20172018
Sat.,2018-01-13,7:05 MT,UMass Lowell,0,@,Arizona State,4,,,nc,True,False,False,False,20172018
Sat.,2018-01-13,7:07 CT,Bemidji State,2,@,North Dakota,2,OT,,nc,True,False,False,True,20172018
Sat.,2018-01-13,7:07 ET,Ferris State,3,@,Lake Superior,5,,,wc,True,False,False,False,20172018
Sat.,2018-01-13,7:07 AT,Minnesota State,5,@,Alaska,1,,,wc,True,False,False,False,20172018
Sat.,2018-01-13,7:07 AT,uah,1,@,Alaska Anchorage,2,,,wc,True,False,False,False,20172018
Sat.,2018-01-13,7:07 ET,Bowling Green,2,@,Northern Michigan,3,OT,,wc,True,False,False,True,20172018
Sun.,2018-01-14,1:00 ET,New Hampshire,2,@,Boston College,5,,,he,True,False,False,False,20172018
Tue.,2018-01-16,7:05 ET,Sacred Heart,4,@,Bentley,2,,,ah,True,False,False,False,20172018
Tue.,2018-01-16,7:05 ET,RIT,3,@,Mercyhurst,6,,,ah,True,False,False,False,20172018
Tue.,2018-01-16,7:00 ET,Massachusetts,1,@,Maine,3,,,he,True,False,False,False,20172018
Thu.,2018-01-18,6:35 ET,Minnesota,5,@,Michigan State,4,,,b10,True,False,False,False,20172018
Thu.,2018-01-18,7:05 ET,Providence,3,@,Connecticut,1,,,he,True,False,False,False,20172018
Fri.,2018-01-19,7:05 ET,Bentley,2,@,Robert Morris,3,OT,,ah,True,False,False,True,20172018
Fri.,2018-01-19,7:05 ET,Canisius,5,@,RIT,4,OT,,ah,True,False,False,True,20172018
Fri.,2018-01-19,7:05 MT,Sacred Heart,2,@,Air Force,1,,,ah,True,False,False,False,20172018
Fri.,2018-01-19,7:05 ET,Niagara,1,@,Holy Cross,3,,,ah,True,False,False,False,20172018
Fri.,2018-01-19,7:05 ET,aic,1,@,Mercyhurst,3,,,ah,True,False,False,False,20172018
Fri.,2018-01-19,7:35 ET,Wisconsin,2,@,Notre Dame,4,,,b10,True,False,False,False,20172018
Fri.,2018-01-19,8:05 ET,Penn State,0,@,Michigan,4,,,b10,True,False,False,False,20172018
Fri.,2018-01-19,7:00 ET,Harvard,6,@,Clarkson,6,OT,,ec,True,False,False,True,20172018
Fri.,2018-01-19,7:00 ET,Dartmouth,3,@,St. Lawrence,2,,,ec,True,False,False,False,20172018
Fri.,2018-01-19,7:00 ET,RPI,1,@,Brown,2,,,ec,True,False,False,False,20172018
Fri.,2018-01-19,7:00 ET,Colgate,0,@,Cornell,2,,,ec,True,False,False,False,20172018
Fri.,2018-01-19,7:00 ET,Union,3,@,Yale,2,,,ec,True,False,False,False,20172018
Fri.,2018-01-19,7:00 ET,Boston University,4,@,Merrimack,3,,,he,True,False,False,False,20172018
Fri.,2018-01-19,7:00 ET,Boston University,4,@,Merrimack,3,,,he,True,False,False,False,20172018
Fri.,2018-01-19,7:00 ET,New Hampshire,2,@,Maine,2,OT,,he,True,False,False,True,20172018
Fri.,2018-01-19,7:00 ET,Northeastern,0,@,Massachusetts,3,,,he,True,False,False,False,20172018
Fri.,2018-01-19,7:05 ET,UMass Lowell,3,@,Vermont,2,OT,,he,True,False,False,True,20172018
Fri.,2018-01-19,8:07 CT,North Dakota,3,@,Minnesota Duluth,5,,,nt,True,False,False,False,20172018
Fri.,2018-01-19,6:35 ET,Colorado College,2,@,Western Michigan,3,OT,,nt,True,False,False,True,20172018
Fri.,2018-01-19,7:05 MT,Omaha,0,@,Denver,5,,,nt,True,False,False,False,20172018
Fri.,2018-01-19,7:05 MT,Quinnipiac,2,@,Arizona State,2,OT,,nc,True,False,False,True,20172018
Fri.,2018-01-19,7:37 ET,Alaska Anchorage,2,@,Bowling Green,6,,,wc,True,False,False,False,20172018
Fri.,2018-01-19,7:07 ET,Lake Superior,2,@,Northern Michigan,3,,,wc,True,False,False,False,20172018
Fri.,2018-01-19,7:07 ET,Alaska,2,@,Michigan Tech,5,,,wc,True,False,False,False,20172018
Fri.,2018-01-19,7:07 ET,Bemidji State,2,@,Ferris State,0,,,wc,True,False,False,False,20172018
Sat.,2018-01-20,4:05 ET,Bentley,3,@,Robert Morris,3,OT,,ah,True,False,False,True,20172018
Sat.,2018-01-20,7:05 ET,Canisius,0,@,RIT,2,,,ah,True,False,False,False,20172018
Sat.,2018-01-20,7:05 ET,aic,4,@,Mercyhurst,4,OT,,ah,True,False,False,True,20172018
Sat.,2018-01-20,7:05 ET,Niagara,6,@,Holy Cross,0,,,ah,True,False,False,False,20172018
Sat.,2018-01-20,7:05 ET,Penn State,2,@,Michigan,3,,,b10,True,False,False,False,20172018
Sat.,2018-01-20,8:00 ET,Minnesota,2,vs,Michigan State,1,,,b10,True,True,False,False,20172018
Sat.,2018-01-20,7:00 ET,Union,2,@,Brown,0,,,ec,True,False,False,False,20172018
Sat.,2018-01-20,7:30 ET,Cornell,2,@,Colgate,0,,,ec,True,False,False,False,20172018
Sat.,2018-01-20,7:00 ET,RPI,1,@,Yale,5,,,ec,True,False,False,False,20172018
Sat.,2018-01-20,7:00 ET,Harvard,4,@,St. Lawrence,3,OT,,ec,True,False,False,True,20172018
Sat.,2018-01-20,7:00 ET,Dartmouth,3,@,Clarkson,2,,,ec,True,False,False,False,20172018
Sat.,2018-01-20,7:05 ET,Army,5,@,Royal Military,0,,,ex,True,False,True,False,20172018
Sat.,2018-01-20,7:00 ET,Merrimack,1,@,Boston University,3,,,he,True,False,False,False,20172018
Sat.,2018-01-20,7:05 ET,UMass Lowell,3,@,Vermont,6,,,he,True,False,False,False,20172018
Sat.,2018-01-20,7:00 ET,Massachusetts,0,@,Northeastern,5,,,he,True,False,False,False,20172018
Sat.,2018-01-20,7:00 ET,Merrimack,1,@,Boston University,3,,,he,True,False,False,False,20172018
Sat.,2018-01-20,7:00 ET,Connecticut,3,@,Providence,1,,,he,True,False,False,False,20172018
Sat.,2018-01-20,7:30 ET,New Hampshire,3,@,Maine,3,OT,,he,True,False,False,True,20172018
Sat.,2018-01-20,7:07 CT,North Dakota,2,@,Minnesota Duluth,5,,,nt,True,False,False,False,20172018
Sat.,2018-01-20,7:05 ET,Colorado College,6,@,Western Michigan,5,OT,,nt,True,False,False,True,20172018
Sat.,2018-01-20,7:05 MT,Omaha,0,@,Denver,4,,,nt,True,False,False,False,20172018
Sat.,2018-01-20,7:05 MT,Quinnipiac,5,@,Arizona State,3,,,nc,True,False,False,False,20172018
Sat.,2018-01-20,5:07 CT,Minnesota State,5,@,St. Cloud State,2,,,nc,True,False,False,False,20172018
Sat.,2018-01-20,7:07 ET,Alaska Anchorage,2,@,Bowling Green,3,,,wc,True,False,False,False,20172018
Sat.,2018-01-20,7:07 ET,Alaska,3,@,Michigan Tech,4,,,wc,True,False,False,False,20172018
Sat.,2018-01-20,7:07 ET,Bemidji State,4,@,Ferris State,1,,,wc,True,False,False,False,20172018
Sat.,2018-01-20,7:07 ET,Lake Superior,2,@,Northern Michigan,3,,,wc,True,False,False,False,20172018
Sun.,2018-01-21,2:05 CT,Notre Dame,0,vs,Wisconsin,5,,,b10,True,True,False,False,20172018
Tue.,2018-01-23,7:00 ET,Massachusetts,1,@,Boston College,2,,,he,True,False,False,False,20172018
Tue.,2018-01-23,7:07 CT,Minnesota Duluth,0,@,Minnesota State,1,,,nc,True,False,False,False,20172018
Fri.,2018-01-26,7:05 ET,Mercyhurst,2,@,Army,2,OT,,ah,True,False,False,True,20172018
Fri.,2018-01-26,7:05 ET,Canisius,3,@,Bentley,2,,,ah,True,False,False,False,20172018
Fri.,2018-01-26,7:05 ET,RIT,0,@,Holy Cross,4,,,ah,True,False,False,False,20172018
Fri.,2018-01-26,2:05 ET,Robert Morris,1,@,aic,3,,,ah,True,False,False,False,20172018
Fri.,2018-01-26,7:05 ET,Air Force,4,@,Niagara,2,,,ah,True,False,False,False,20172018
Fri.,2018-01-26,7:05 ET,Michigan,0,@,Ohio State,4,,,b10,True,False,False,False,20172018
Fri.,2018-01-26,8:07 CT,Penn State,2,@,Wisconsin,4,,,b10,True,False,False,False,20172018
Fri.,2018-01-26,7:07 ET,Notre Dame,0,@,Minnesota,1,OT,,b10,True,False,False,True,20172018
Fri.,2018-01-26,7:00 ET,Yale,1,@,Clarkson,4,,,ec,True,False,False,False,20172018
Fri.,2018-01-26,7:00 ET,Brown,2,@,St. Lawrence,3,,,ec,True,False,False,False,20172018
Fri.,2018-01-26,7:00 ET,Cornell,3,@,Harvard,0,,,ec,True,False,False,False,20172018
Fri.,2018-01-26,7:00 ET,Colgate,1,@,Dartmouth,2,,,ec,True,False,False,False,20172018
Fri.,2018-01-26,7:00 ET,Vermont,2,@,Merrimack,1,,,he,True,False,False,False,20172018
Fri.,2018-01-26,7:00 ET,Connecticut,4,@,New Hampshire,2,,,he,True,False,False,False,20172018
Fri.,2018-01-26,7:00 ET,Boston College,2,@,UMass Lowell,3,,,he,True,False,False,False,20172018
Fri.,2018-01-26,7:00 ET,Vermont,2,@,Merrimack,1,,,he,True,False,False,False,20172018
Fri.,2018-01-26,7:00 ET,Maine,3,@,Massachusetts,2,,,he,True,False,False,False,20172018
Fri.,2018-01-26,7:00 ET,Providence,4,@,Northeastern,4,OT,,he,True,False,False,True,20172018
Fri.,2018-01-26,7:07 CT,Western Michigan,2,@,Omaha,6,,,nt,True,False,False,False,20172018
Fri.,2018-01-26,7:07 CT,St. Cloud State,1,@,Minnesota Duluth,5,,,nt,True,False,False,False,20172018
Fri.,2018-01-26,7:37 MT,Miami,3,@,Colorado College,6,,,nt,True,False,False,False,20172018
Fri.,2018-01-26,7:37 CT,Denver,3,@,North Dakota,3,OT,,nt,True,False,False,True,20172018
Fri.,2018-01-26,7:05 MT,Boston University,8,@,Arizona State,0,,,nc,True,False,False,False,20172018
Fri.,2018-01-26,7:37 ET,Bowling Green,5,@,Lake Superior,3,,,wc,True,False,False,False,20172018
Fri.,2018-01-26,7:07 CT,Bemidji State,1,@,uah,5,,,wc,True,False,False,False,20172018
Fri.,2018-01-26,7:07 ET,Michigan Tech,3,@,Ferris State,4,,,wc,True,False,False,False,20172018
Fri.,2018-01-26,7:07 AT,Northern Michigan,4,@,Alaska Anchorage,2,,,wc,True,False,False,False,20172018
Sat.,2018-01-27,7:05 ET,RIT,3,@,Holy Cross,2,,,ah,True,False,False,False,20172018
Sat.,2018-01-27,4:35 ET,Canisius,2,@,Bentley,3,,,ah,True,False,False,False,20172018
Sat.,2018-01-27,1:05 ET,Robert Morris,5,@,aic,3,,,ah,True,False,False,False,20172018
Sat.,2018-01-27,7:05 ET,Air Force,5,@,Niagara,3,,,ah,True,False,False,False,20172018
Sat.,2018-01-27,7:05 ET,Mercyhurst,6,@,Army,1,,,ah,True,False,False,False,20172018
Sat.,2018-01-27,8:05 ET,Michigan,3,@,Ohio State,5,,,b10,True,False,False,False,20172018
Sat.,2018-01-27,7:07 ET,Notre Dame,4,@,Minnesota,1,,,b10,True,False,False,False,20172018
Sat.,2018-01-27,7:07 CT,Penn State,4,@,Wisconsin,4,OT,,b10,True,False,False,True,20172018
Sat.,2018-01-27,7:00 ET,Yale,0,@,St. Lawrence,1,,,ec,True,False,False,False,20172018
Sat.,2018-01-27,7:00 ET,Brown,2,@,Clarkson,2,OT,,ec,True,False,False,True,20172018
Sat.,2018-01-27,7:00 ET,Cornell,3,@,Dartmouth,1,,,ec,True,False,False,False,20172018
Sat.,2018-01-27,7:00 ET,Colgate,2,@,Harvard,0,,,ec,True,False,False,False,20172018
Sat.,2018-01-27,7:07 CT,US Under-18 Team,3,@,Minnesota State,5,,,ex,True,False,True,False,20172018
Sat.,2018-01-27,7:00 ET,Vermont,2,@,Merrimack,1,OT,,he,True,False,False,True,20172018
Sat.,2018-01-27,3:35 ET,New Hampshire,2,@,Connecticut,3,,,he,True,False,False,False,20172018
Sat.,2018-01-27,7:00 ET,UMass Lowell,2,@,Boston College,5,,,he,True,False,False,False,20172018
Sat.,2018-01-27,7:00 ET,Vermont,2,@,Merrimack,1,OT,,he,True,False,False,True,20172018
Sat.,2018-01-27,7:00 ET,Maine,3,@,Massachusetts,2,,,he,True,False,False,False,20172018
Sat.,2018-01-27,7:00 ET,Northeastern,1,@,Providence,2,OT,,he,True,False,False,True,20172018
Sat.,2018-01-27,6:00 ET,RPI,3,vs,Union,4,,,nc,True,True,False,False,20172018
Sat.,2018-01-27,7:07 CT,St. Cloud State,2,@,Minnesota Duluth,1,,,nt,True,False,False,False,20172018
Sat.,2018-01-27,4:07 MT,Miami,4,@,Colorado College,4,OT,,nt,True,False,False,True,20172018
Sat.,2018-01-27,7:07 CT,Western Michigan,3,@,Omaha,7,,,nt,True,False,False,False,20172018
Sat.,2018-01-27,7:07 CT,Denver,1,@,North Dakota,1,OT,,nt,True,False,False,True,20172018
Sat.,2018-01-27,7:05 MT,Boston University,4,@,Arizona State,3,,,nc,True,False,False,False,20172018
Sat.,2018-01-27,7:07 CT,Bemidji State,5,@,uah,1,,,wc,True,False,False,False,20172018
Sat.,2018-01-27,7:07 ET,Michigan Tech,1,@,Ferris State,3,,,wc,True,False,False,False,20172018
Sat.,2018-01-27,7:07 AT,Northern Michigan,5,@,Alaska Anchorage,3,,,wc,True,False,False,False,20172018
Sat.,2018-01-27,7:07 ET,Bowling Green,3,@,Lake Superior,2,,,wc,True,False,False,False,20172018
Tue.,2018-01-30,7:00 ET,Princeton,5,@,Quinnipiac,3,,,ec,True,False,False,False,20172018
Fri.,2018-02-02,7:05 MT,aic,0,@,Air Force,3,,,ah,True,False,False,False,20172018
Fri.,2018-02-02,7:05 ET,Bentley,4,@,RIT,3,,,ah,True,False,False,False,20172018
Fri.,2018-02-02,10:35am ET,Robert Morris,4,@,Sacred Heart,1,,,ah,True,False,False,False,20172018
Fri.,2018-02-02,7:05 ET,Niagara,2,@,Army,6,,,ah,True,False,False,False,20172018
Fri.,2018-02-02,7:35 ET,Holy Cross,5,@,Canisius,1,,,ah,True,False,False,False,20172018
Fri.,2018-02-02,7:35 ET,Wisconsin,3,@,Michigan,5,,,b10,True,False,False,False,20172018
Fri.,2018-02-02,7:05 ET,Michigan State,2,@,Ohio State,4,,,b10,True,False,False,False,20172018
Fri.,2018-02-02,6:35 ET,Notre Dame,5,@,Penn State,3,,,b10,True,False,False,False,20172018
Fri.,2018-02-02,7:00 ET,RPI,0,@,Colgate,3,,,ec,True,False,False,False,20172018
Fri.,2018-02-02,7:00 ET,Union,3,@,Cornell,4,,,ec,True,False,False,False,20172018
Fri.,2018-02-02,7:00 ET,St. Lawrence,4,@,Princeton,5,OT,,ec,True,False,False,True,20172018
Fri.,2018-02-02,7:00 ET,Clarkson,1,@,Quinnipiac,4,,,ec,True,False,False,False,20172018
Fri.,2018-02-02,7:00 ET,Harvard,4,@,Dartmouth,1,,,ec,True,False,False,False,20172018
Fri.,2018-02-02,7:30 ET,Merrimack,3,@,Maine,4,OT,,he,True,False,False,True,20172018
Fri.,2018-02-02,7:00 ET,Boston University,3,@,Massachusetts,2,,,he,True,False,False,False,20172018
Fri.,2018-02-02,7:05 ET,Providence,2,@,Vermont,2,OT,,he,True,False,False,True,20172018
Fri.,2018-02-02,7:05 ET,Boston College,3,@,Connecticut,5,,,he,True,False,False,False,20172018
Fri.,2018-02-02,7:30 ET,Merrimack,3,@,Maine,4,OT,,he,True,False,False,True,20172018
Fri.,2018-02-02,7:00 ET,New Hampshire,1,@,Northeastern,1,OT,,he,True,False,False,True,20172018
Fri.,2018-02-02,7:05 MT,Minnesota Duluth,0,@,Denver,1,,,nt,True,False,False,False,20172018
Fri.,2018-02-02,7:35 ET,Western Michigan,2,@,Miami,4,,,nt,True,False,False,False,20172018
Fri.,2018-02-02,7:37 CT,Omaha,3,@,St. Cloud State,5,,,nt,True,False,False,False,20172018
Fri.,2018-02-02,7:00 ET,Arizona State,2,@,Yale,3,OT,,nc,True,False,False,True,20172018
Fri.,2018-02-02,7:07 CT,Lake Superior,2,@,Bemidji State,0,,,wc,True,False,False,False,20172018
Fri.,2018-02-02,7:37 ET,Michigan Tech,2,@,Bowling Green,7,,,wc,True,False,False,False,20172018
Fri.,2018-02-02,7:07 CT,Alaska Anchorage,1,@,Minnesota State,7,,,wc,True,False,False,False,20172018
Fri.,2018-02-02,7:07 AT,Ferris State,2,@,Alaska,4,,,wc,True,False,False,False,20172018
Sat.,2018-02-03,5:05 MT,aic,2,@,Air Force,2,OT,,ah,True,False,False,True,20172018
Sat.,2018-02-03,4:35 ET,Holy Cross,2,@,Canisius,5,,,ah,True,False,False,False,20172018
Sat.,2018-02-03,7:05 ET,Niagara,1,@,Army,1,OT,,ah,True,False,False,True,20172018
Sat.,2018-02-03,2:05 ET,Robert Morris,3,@,Sacred Heart,1,,,ah,True,False,False,False,20172018
Sat.,2018-02-03,7:05 ET,Bentley,5,@,RIT,2,,,ah,True,False,False,False,20172018
Sat.,2018-02-03,4:05 ET,Notre Dame,2,@,Penn State,2,OT,,b10,True,False,False,True,20172018
Sat.,2018-02-03,7:05 ET,Michigan State,6,@,Ohio State,3,,,b10,True,False,False,False,20172018
Sat.,2018-02-03,7:35 ET,Wisconsin,4,@,Michigan,2,,,b10,True,False,False,False,20172018
Sat.,2018-02-03,7:00 ET,RPI,2,@,Cornell,1,,,ec,True,False,False,False,20172018
Sat.,2018-02-03,7:00 ET,Union,3,@,Colgate,1,,,ec,True,False,False,False,20172018
Sat.,2018-02-03,7:00 ET,St. Lawrence,2,@,Quinnipiac,5,,,ec,True,False,False,False,20172018
Sat.,2018-02-03,7:00 ET,Clarkson,3,@,Princeton,4,,,ec,True,False,False,False,20172018
Sat.,2018-02-03,7:00 ET,Merrimack,3,@,Maine,2,OT,,he,True,False,False,True,20172018
Sat.,2018-02-03,7:00 ET,Massachusetts,1,@,New Hampshire,3,,,he,True,False,False,False,20172018
Sat.,2018-02-03,7:00 ET,Merrimack,3,@,Maine,2,OT,,he,True,False,False,True,20172018
Sat.,2018-02-03,7:05 ET,Providence,3,@,Vermont,4,,,he,True,False,False,False,20172018
Sat.,2018-02-03,7:07 CT,Omaha,2,@,St. Cloud State,6,,,nt,True,False,False,False,20172018
Sat.,2018-02-03,7:05 ET,Western Michigan,3,@,Miami,2,,,nt,True,False,False,False,20172018
Sat.,2018-02-03,7:05 MT,Minnesota Duluth,3,@,Denver,4,,,nt,True,False,False,False,20172018
Sat.,2018-02-03,7:00 ET,Arizona State,3,@,Yale,4,OT,,nc,True,False,False,True,20172018
Sat.,2018-02-03,7:00 ET,Connecticut,6,@,Brown,4,,,nc,True,False,False,False,20172018
Sat.,2018-02-03,7:07 CT,Lake Superior,2,@,Bemidji State,0,,,wc,True,False,False,False,20172018
Sat.,2018-02-03,7:07 ET,Michigan Tech,4,@,Bowling Green,0,,,wc,True,False,False,False,20172018
Sat.,2018-02-03,7:07 CT,Alaska Anchorage,3,@,Minnesota State,4,,,wc,True,False,False,False,20172018
Sat.,2018-02-03,7:07 AT,Ferris State,1,@,Alaska,4,,,wc,True,False,False,False,20172018
Sat.,2018-02-03,2:07 CT,Northern Michigan,4,@,uah,3,,,wc,True,False,False,False,20172018
Sun.,2018-02-04,2:07 CT,Northern Michigan,2,@,uah,4,,,wc,True,False,False,False,20172018
Mon.,2018-02-05,8:00 ET,Boston University,3,vs,Harvard,2,2OT,,nc,True,True,False,True,20172018
Mon.,2018-02-05,5:00 ET,Northeastern,3,vs,Boston College,0,,,nc,True,True,False,False,20172018
Tue.,2018-02-06,7:00 ET,Merrimack,2,@,Massachusetts,5,,,he,True,False,False,False,20172018
Tue.,2018-02-06,7:00 ET,Merrimack,2,@,Massachusetts,5,,,he,True,False,False,False,20172018
Tue.,2018-02-06,7:00 ET,aic,0,@,UMass Lowell,4,,,nc,True,False,False,False,20172018
Fri.,2018-02-09,7:05 ET,Holy Cross,5,@,Mercyhurst,6,,,ah,True,False,False,False,20172018
Fri.,2018-02-09,7:05 ET,Sacred Heart,7,@,Niagara,1,,,ah,True,False,False,False,20172018
Fri.,2018-02-09,7:05 ET,RIT,4,@,Robert Morris,3,,,ah,True,False,False,False,20172018
Fri.,2018-02-09,7:05 ET,Air Force,0,@,Bentley,2,,,ah,True,False,False,False,20172018
Fri.,2018-02-09,7:35 ET,Army,1,@,Canisius,4,,,ah,True,False,False,False,20172018
Fri.,2018-02-09,7:35 ET,Ohio State,1,@,Notre Dame,2,,,b10,True,False,False,False,20172018
Fri.,2018-02-09,8:07 CT,Minnesota,4,@,Wisconsin,2,,,b10,True,False,False,False,20172018
Fri.,2018-02-09,7:05 ET,Michigan,1,@,Michigan State,1,OT,,b10,True,False,False,True,20172018
Fri.,2018-02-09,7:00 ET,Dartmouth,7,@,RPI,3,,,ec,True,False,False,False,20172018
Fri.,2018-02-09,7:00 ET,Cornell,0,@,Clarkson,0,OT,,ec,True,False,False,True,20172018
Fri.,2018-02-09,7:00 ET,Harvard,1,@,Union,3,,,ec,True,False,False,False,20172018
Fri.,2018-02-09,7:00 ET,Colgate,2,@,St. Lawrence,5,,,ec,True,False,False,False,20172018
Fri.,2018-02-09,7:00 ET,Quinnipiac,2,@,Yale,3,,,ec,True,False,False,False,20172018
Fri.,2018-02-09,7:00 ET,Princeton,7,@,Brown,2,,,ec,True,False,False,False,20172018
Fri.,2018-02-09,7:15 ET,Maine,2,@,Providence,3,OT,,he,True,False,False,True,20172018
Fri.,2018-02-09,7:30 ET,Massachusetts,3,@,Boston University,3,OT,,he,True,False,False,True,20172018
Fri.,2018-02-09,7:00 ET,UMass Lowell,2,@,Boston College,3,OT,,he,True,False,False,True,20172018
Fri.,2018-02-09,7:00 ET,Connecticut,4,@,Northeastern,2,,,he,True,False,False,False,20172018
Fri.,2018-02-09,7:00 ET,Vermont,2,@,New Hampshire,1,,,he,True,False,False,False,20172018
Fri.,2018-02-09,7:37 CT,Colorado College,4,@,North Dakota,2,,,nt,True,False,False,False,20172018
Fri.,2018-02-09,8:07 ET,St. Cloud State,5,@,Miami,2,,,nt,True,False,False,False,20172018
Fri.,2018-02-09,7:07 ET,Bemidji State,4,@,Michigan Tech,2,,,wc,True,False,False,False,20172018
Fri.,2018-02-09,7:07 AT,Lake Superior,3,@,Alaska Anchorage,2,OT,,wc,True,False,False,True,20172018
Fri.,2018-02-09,7:07 CT,Minnesota State,3,@,uah,2,OT,,wc,True,False,False,True,20172018
Fri.,2018-02-09,7:07 ET,Alaska,1,@,Northern Michigan,2,OT,,wc,True,False,False,True,20172018
Sat.,2018-02-10,7:05 ET,RIT,6,@,Robert Morris,2,,,ah,True,False,False,False,20172018
Sat.,2018-02-10,7:05 ET,Holy Cross,0,@,Mercyhurst,4,,,ah,True,False,False,False,20172018
Sat.,2018-02-10,7:35 ET,Army,3,@,Canisius,2,,,ah,True,False,False,False,20172018
Sat.,2018-02-10,7:05 ET,Sacred Heart,5,@,Niagara,3,,,ah,True,False,False,False,20172018
Sat.,2018-02-10,7:05 ET,Air Force,4,@,Bentley,2,,,ah,True,False,False,False,20172018
Sat.,2018-02-10,7:07 CT,Minnesota,7,@,Wisconsin,1,,,b10,True,False,False,False,20172018
Sat.,2018-02-10,7:05 ET,Michigan,3,vs,Michigan State,2,,,b10,True,True,False,False,20172018
Sat.,2018-02-10,7:05 ET,Ohio State,5,@,Notre Dame,1,,,b10,True,False,False,False,20172018
Sat.,2018-02-10,7:00 ET,Dartmouth,1,@,Union,2,,,ec,True,False,False,False,20172018
Sat.,2018-02-10,7:00 ET,Colgate,4,@,Clarkson,4,OT,,ec,True,False,False,True,20172018
Sat.,2018-02-10,7:00 ET,Cornell,1,@,St. Lawrence,0,,,ec,True,False,False,False,20172018
Sat.,2018-02-10,7:00 ET,Princeton,2,@,Yale,7,,,ec,True,False,False,False,20172018
Sat.,2018-02-10,7:00 ET,Quinnipiac,3,@,Brown,0,,,ec,True,False,False,False,20172018
Sat.,2018-02-10,7:00 ET,UMass Lowell,0,@,Massachusetts,3,,,he,True,False,False,False,20172018
Sat.,2018-02-10,7:00 ET,Vermont,2,@,New Hampshire,2,OT,,he,True,False,False,True,20172018
Sat.,2018-02-10,7:07 CT,Colorado College,1,@,North Dakota,5,,,nt,True,False,False,False,20172018
Sat.,2018-02-10,7:05 ET,St. Cloud State,4,@,Miami,0,,,nt,True,False,False,False,20172018
Sat.,2018-02-10,5:07 ET,Bemidji State,1,@,Michigan Tech,5,,,wc,True,False,False,False,20172018
Sat.,2018-02-10,7:07 ET,Alaska,1,@,Northern Michigan,4,,,wc,True,False,False,False,20172018
Sat.,2018-02-10,7:07 CT,Minnesota State,6,@,uah,1,,,wc,True,False,False,False,20172018
Sat.,2018-02-10,7:07 AT,Lake Superior,2,@,Alaska Anchorage,1,,,wc,True,False,False,False,20172018
Mon.,2018-02-12,7:05 ET,RIT,6,@,Mercyhurst,5,OT,,ah,True,False,False,True,20172018
Mon.,2018-02-12,4:30 ET,Boston College,4,vs,Harvard,5,OT,,nc,True,True,False,True,20172018
Mon.,2018-02-12,7:30 ET,Northeastern,5,vs,Boston University,2,,,nc,True,True,False,False,20172018
Tue.,2018-02-13,12:05 ET,Sacred Heart,2,vs,Air Force,1,OT,,ah,True,True,False,True,20172018
Wed.,2018-02-14,7:00 ET,Maine,4,@,New Hampshire,3,OT,,he,True,False,False,True,20172018
Thu.,2018-02-15,7:00 ET,Boston College,5,@,Massachusetts,2,,,he,True,False,False,False,20172018
Thu.,2018-02-15,7:07 CT,Alaska,2,@,Bemidji State,2,OT,,wc,True,False,False,True,20172018
Thu.,2018-02-15,7:07 AT,Bowling Green,5,@,Alaska Anchorage,2,,,wc,True,False,False,False,20172018
Fri.,2018-02-16,7:05 ET,Army,5,@,Bentley,1,,,ah,True,False,False,False,20172018
Fri.,2018-02-16,7:05 ET,Mercyhurst,2,@,Robert Morris,1,,,ah,True,False,False,False,20172018
Fri.,2018-02-16,7:05 MT,Canisius,4,@,Air Force,7,,,ah,True,False,False,False,20172018
Fri.,2018-02-16,6:35 ET,Penn State,2,@,Michigan State,4,,,b10,True,False,False,False,20172018
Fri.,2018-02-16,8:07 CT,Ohio State,1,@,Minnesota,2,,,b10,True,False,False,False,20172018
Fri.,2018-02-16,7:35 ET,Michigan,4,@,Notre Dame,2,,,b10,True,False,False,False,20172018
Fri.,2018-02-16,7:00 ET,Clarkson,2,@,Dartmouth,3,,,ec,True,False,False,False,20172018
Fri.,2018-02-16,7:00 ET,St. Lawrence,0,@,Harvard,5,,,ec,True,False,False,False,20172018
Fri.,2018-02-16,7:00 ET,RPI,2,@,Princeton,7,,,ec,True,False,False,False,20172018
Fri.,2018-02-16,7:00 ET,Brown,1,@,Cornell,2,,,ec,True,False,False,False,20172018
Fri.,2018-02-16,7:00 ET,Yale,4,@,Colgate,3,,,ec,True,False,False,False,20172018
Fri.,2018-02-16,7:00 ET,Union,5,@,Quinnipiac,2,,,ec,True,False,False,False,20172018
Fri.,2018-02-16,7:00 ET,New Hampshire,2,@,Merrimack,3,,,he,True,False,False,False,20172018
Fri.,2018-02-16,7:05 ET,Boston University,4,@,Connecticut,5,OT,,he,True,False,False,True,20172018
Fri.,2018-02-16,7:00 ET,UMass Lowell,2,@,Providence,5,,,he,True,False,False,False,20172018
Fri.,2018-02-16,7:00 ET,New Hampshire,2,@,Merrimack,3,,,he,True,False,False,False,20172018
Fri.,2018-02-16,7:05 ET,Northeastern,4,@,Vermont,3,OT,,he,True,False,False,True,20172018
Fri.,2018-02-16,6:37 CT,North Dakota,3,@,Omaha,6,,,nt,True,False,False,False,20172018
Fri.,2018-02-16,7:07 CT,Miami,0,@,Minnesota Duluth,4,,,nt,True,False,False,False,20172018
Fri.,2018-02-16,7:05 ET,St. Cloud State,5,@,Western Michigan,5,OT,,nt,True,False,False,True,20172018
Fri.,2018-02-16,8:07 MT,Denver,5,@,Colorado College,1,,,nt,True,False,False,False,20172018
Fri.,2018-02-16,7:07 ET,Arizona State,2,@,Michigan Tech,1,,,nc,True,False,False,False,20172018
Fri.,2018-02-16,7:07 CT,Alaska,1,@,Bemidji State,2,,,wc,True,False,False,False,20172018
Fri.,2018-02-16,7:07 CT,Ferris State,1,@,Minnesota State,7,,,wc,True,False,False,False,20172018
Fri.,2018-02-16,7:07 AT,Bowling Green,2,@,Alaska Anchorage,1,,,wc,True,False,False,False,20172018
Sat.,2018-02-17,5:05 MT,Canisius,2,@,Air Force,3,,,ah,True,False,False,False,20172018
Sat.,2018-02-17,7:05 ET,Robert Morris,2,@,Mercyhurst,3,OT,,ah,True,False,False,True,20172018
Sat.,2018-02-17,7:05 ET,Army,2,@,Bentley,4,,,ah,True,False,False,False,20172018
Sat.,2018-02-17,7:05 ET,RIT,5,@,Sacred Heart,0,,,ah,True,False,False,False,20172018
Sat.,2018-02-17,2:05 ET,Holy Cross,0,@,aic,1,,,ah,True,False,False,False,20172018
Sat.,2018-02-17,5:05 ET,Penn State,3,@,Michigan State,2,,,b10,True,False,False,False,20172018
Sat.,2018-02-17,4:07 CT,Ohio State,1,@,Minnesota,1,OT,,b10,True,False,False,True,20172018
Sat.,2018-02-17,7:00 ET,Brown,1,@,Colgate,3,,,ec,True,False,False,False,20172018
Sat.,2018-02-17,7:00 ET,RPI,1,@,Quinnipiac,4,,,ec,True,False,False,False,20172018
Sat.,2018-02-17,7:00 ET,Yale,2,@,Cornell,3,,,ec,True,False,False,False,20172018
Sat.,2018-02-17,7:00 ET,Union,4,@,Princeton,1,,,ec,True,False,False,False,20172018
Sat.,2018-02-17,7:00 ET,Clarkson,2,@,Harvard,5,,,ec,True,False,False,False,20172018
Sat.,2018-02-17,7:00 ET,St. Lawrence,1,@,Dartmouth,3,,,ec,True,False,False,False,20172018
Sat.,2018-02-17,7:00 ET,Boston University,3,@,Merrimack,1,,,he,True,False,False,False,20172018
Sat.,2018-02-17,7:30 ET,Boston College,5,@,Maine,0,,,he,True,False,False,False,20172018
Sat.,2018-02-17,7:05 ET,Northeastern,4,@,Vermont,1,,,he,True,False,False,False,20172018
Sat.,2018-02-17,7:00 ET,Boston University,3,@,Merrimack,1,,,he,True,False,False,False,20172018
Sat.,2018-02-17,7:00 ET,Providence,3,@,UMass Lowell,1,,,he,True,False,False,False,20172018
Sat.,2018-02-17,7:05 ET,St. Cloud State,4,@,Western Michigan,2,,,nt,True,False,False,False,20172018
Sat.,2018-02-17,7:07 CT,North Dakota,3,@,Omaha,0,,,nt,True,False,False,False,20172018
Sat.,2018-02-17,7:07 CT,Miami,0,@,Minnesota Duluth,3,,,nt,True,False,False,False,20172018
Sat.,2018-02-17,7:05 MT,Colorado College,1,@,Denver,0,,,nt,True,False,False,False,20172018
Sat.,2018-02-17,7:07 ET,Arizona State,3,@,Michigan Tech,5,,,nc,True,False,False,False,20172018
Sat.,2018-02-17,7:07 CT,Ferris State,2,@,Minnesota State,4,,,wc,True,False,False,False,20172018
Sun.,2018-02-18,3:05 ET,RIT,3,@,Sacred Heart,5,,,ah,True,False,False,False,20172018
Sun.,2018-02-18,5:35 ET,Notre Dame,0,@,Michigan,1,,,b10,True,False,False,False,20172018
Thu.,2018-02-22,7:05 ET,aic,0,@,Holy Cross,2,,,ah,True,False,False,False,20172018
Thu.,2018-02-22,7:05 ET,Massachusetts,3,@,Connecticut,2,,,he,True,False,False,False,20172018
Fri.,2018-02-23,7:05 ET,Air Force,1,@,Robert Morris,0,,,ah,True,False,False,False,20172018
Fri.,2018-02-23,7:05 ET,Sacred Heart,0,@,Army,6,,,ah,True,False,False,False,20172018
Fri.,2018-02-23,7:05 ET,Mercyhurst,4,@,RIT,3,,,ah,True,False,False,False,20172018
Fri.,2018-02-23,7:35 ET,Niagara,1,@,Canisius,2,,,ah,True,False,False,False,20172018
Fri.,2018-02-23,6:30 ET,Minnesota,1,@,Penn State,5,,,b10,True,False,False,False,20172018
Fri.,2018-02-23,7:05 ET,Wisconsin,2,@,Ohio State,6,,,b10,True,False,False,False,20172018
Fri.,2018-02-23,7:35 ET,Michigan State,3,@,Notre Dame,6,,,b10,True,False,False,False,20172018
Fri.,2018-02-23,7:00 ET,Colgate,1,@,Union,1,OT,,ec,True,False,False,True,20172018
Fri.,2018-02-23,7:00 ET,Cornell,4,@,RPI,2,,,ec,True,False,False,False,20172018
Fri.,2018-02-23,7:00 ET,Princeton,3,@,Clarkson,3,OT,,ec,True,False,False,True,20172018
Fri.,2018-02-23,7:00 ET,Quinnipiac,3,@,St. Lawrence,2,,,ec,True,False,False,False,20172018
Fri.,2018-02-23,7:00 ET,Dartmouth,6,@,Yale,4,,,ec,True,False,False,False,20172018
Fri.,2018-02-23,7:00 ET,Harvard,4,@,Brown,6,,,ec,True,False,False,False,20172018
Fri.,2018-02-23,7:00 ET,UMass Lowell,1,@,Merrimack,4,,,he,True,False,False,False,20172018
Fri.,2018-02-23,7:00 ET,Maine,3,@,Boston College,6,,,he,True,False,False,False,20172018
Fri.,2018-02-23,7:00 ET,UMass Lowell,1,@,Merrimack,4,,,he,True,False,False,False,20172018
Fri.,2018-02-23,7:30 ET,Vermont,0,@,Boston University,2,,,he,True,False,False,False,20172018
Fri.,2018-02-23,7:00 ET,New Hampshire,0,@,Northeastern,8,,,he,True,False,False,False,20172018
Fri.,2018-02-23,7:35 ET,North Dakota,3,@,Miami,4,OT,,nt,True,False,False,True,20172018
Fri.,2018-02-23,7:07 CT,Colorado College,2,@,Omaha,4,,,nt,True,False,False,False,20172018
Fri.,2018-02-23,7:05 ET,Minnesota Duluth,8,@,Western Michigan,0,,,nt,True,False,False,False,20172018
Fri.,2018-02-23,7:37 CT,Denver,1,@,St. Cloud State,1,OT,,nt,True,False,False,True,20172018
Fri.,2018-02-23,7:35 ET,Arizona State,3,@,Michigan,5,,,nc,True,False,False,False,20172018
Fri.,2018-02-23,7:07 CT,Bemidji State,1,@,Minnesota State,2,,,wc,True,False,False,False,20172018
Fri.,2018-02-23,7:07 AT,Alaska Anchorage,5,@,Alaska,3,,,wc,True,False,False,False,20172018
Fri.,2018-02-23,7:07 ET,Michigan Tech,1,@,Northern Michigan,2,,,wc,True,False,False,False,20172018
Fri.,2018-02-23,7:07 CT,Bowling Green,2,@,uah,3,,,wc,True,False,False,False,20172018
Fri.,2018-02-23,7:07 ET,Lake Superior,1,@,Ferris State,4,,,wc,True,False,False,False,20172018
Sat.,2018-02-24,7:05 ET,Sacred Heart,3,@,Army,4,,,ah,True,False,False,False,20172018
Sat.,2018-02-24,7:05 ET,aic,3,@,Bentley,2,,,ah,True,False,False,False,20172018
Sat.,2018-02-24,7:05 ET,Air Force,2,@,Robert Morris,2,OT,,ah,True,False,False,True,20172018
Sat.,2018-02-24,7:05 ET,Canisius,3,@,Niagara,2,,,ah,True,False,False,False,20172018
Sat.,2018-02-24,7:05 ET,Mercyhurst,4,@,RIT,3,,,ah,True,False,False,False,20172018
Sat.,2018-02-24,7:05 ET,Wisconsin,0,@,Ohio State,4,,,b10,True,False,False,False,20172018
Sat.,2018-02-24,7:05 ET,Michigan State,4,@,Notre Dame,3,,,b10,True,False,False,False,20172018
Sat.,2018-02-24,7:00 ET,Minnesota,2,@,Penn State,5,,,b10,True,False,False,False,20172018
Sat.,2018-02-24,7:00 ET,Harvard,1,@,Yale,2,,,ec,True,False,False,False,20172018
Sat.,2018-02-24,7:00 ET,Princeton,4,@,St. Lawrence,3,,,ec,True,False,False,False,20172018
Sat.,2018-02-24,7:00 ET,Dartmouth,0,@,Brown,3,,,ec,True,False,False,False,20172018
Sat.,2018-02-24,7:00 ET,Quinnipiac,2,@,Clarkson,4,,,ec,True,False,False,False,20172018
Sat.,2018-02-24,7:00 ET,Cornell,3,@,Union,4,,,ec,True,False,False,False,20172018
Sat.,2018-02-24,7:00 ET,Colgate,5,@,RPI,2,,,ec,True,False,False,False,20172018
Sat.,2018-02-24,7:00 ET,Merrimack,0,@,UMass Lowell,5,,,he,True,False,False,False,20172018
Sat.,2018-02-24,7:00 ET,Providence,0,@,Massachusetts,1,,,he,True,False,False,False,20172018
Sat.,2018-02-24,7:00 ET,Maine,1,@,Boston College,2,,,he,True,False,False,False,20172018
Sat.,2018-02-24,7:00 ET,Vermont,1,@,Boston University,1,OT,,he,True,False,False,True,20172018
Sat.,2018-02-24,7:00 ET,Merrimack,0,@,UMass Lowell,5,,,he,True,False,False,False,20172018
Sat.,2018-02-24,7:00 ET,Northeastern,4,@,New Hampshire,0,,,he,True,False,False,False,20172018
Sat.,2018-02-24,7:07 CT,Denver,2,@,St. Cloud State,4,,,nt,True,False,False,False,20172018
Sat.,2018-02-24,7:07 CT,Colorado College,2,@,Omaha,2,OT,,nt,True,False,False,True,20172018
Sat.,2018-02-24,7:05 ET,North Dakota,2,@,Miami,2,OT,,nt,True,False,False,True,20172018
Sat.,2018-02-24,7:05 ET,Minnesota Duluth,6,@,Western Michigan,1,,,nt,True,False,False,False,20172018
Sat.,2018-02-24,7:35 ET,Arizona State,3,@,Michigan,5,,,nc,True,False,False,False,20172018
Sat.,2018-02-24,7:07 ET,Northern Michigan,2,@,Michigan Tech,3,,,wc,True,False,False,False,20172018
Sat.,2018-02-24,7:07 CT,Bowling Green,3,@,uah,0,,,wc,True,False,False,False,20172018
Sat.,2018-02-24,7:07 ET,Lake Superior,2,@,Ferris State,4,,,wc,True,False,False,False,20172018
Sat.,2018-02-24,7:07 AT,Alaska Anchorage,3,@,Alaska,2,,,wc,True,False,False,False,20172018
Sat.,2018-02-24,7:07 CT,Bemidji State,2,@,Minnesota State,2,OT,,wc,True,False,False,True,20172018
Thu.,2018-03-01,7:00 ET,Vermont,2,@,Massachusetts,3,OT,,he,True,False,False,True,20172018
Fri.,2018-03-02,1:05 ET,Niagara,1,@,aic,4,,,ah,True,False,False,False,20172018
Fri.,2018-03-02,7:05 ET,Bentley,1,@,Robert Morris,3,,,ah,True,False,False,False,20172018
Fri.,2018-03-02,7:05 ET,Sacred Heart,4,@,RIT,5,OT,,ah,True,False,False,True,20172018
Fri.,2018-03-02,7:00 ET,Minnesota,3,@,Penn State,5,,,b10,True,False,False,False,20172018
Fri.,2018-03-02,7:30 ET,Wisconsin,5,@,Michigan,6,,,b10,True,False,False,False,20172018
Fri.,2018-03-02,7:00 ET,Michigan State,2,@,Ohio State,6,,,b10,True,False,False,False,20172018
Fri.,2018-03-02,7:00 ET,St. Lawrence,1,@,Dartmouth,2,,,ec,True,False,False,False,20172018
Fri.,2018-03-02,7:00 ET,Quinnipiac,5,@,Yale,1,,,ec,True,False,False,False,20172018
Fri.,2018-03-02,7:00 ET,Brown,2,@,Princeton,8,,,ec,True,False,False,False,20172018
Fri.,2018-03-02,7:00 ET,RPI,1,@,Colgate,3,,,ec,True,False,False,False,20172018
Fri.,2018-03-02,7:15 ET,Merrimack,2,@,UMass Lowell,1,OT,,he,True,False,False,True,20172018
Fri.,2018-03-02,7:30 ET,New Hampshire,1,@,Maine,4,,,he,True,False,False,False,20172018
Fri.,2018-03-02,7:15 ET,Merrimack,2,@,UMass Lowell,1,OT,,he,True,False,False,True,20172018
Fri.,2018-03-02,7:00 ET,Vermont,4,@,Massachusetts,3,OT,,he,True,False,False,True,20172018
Fri.,2018-03-02,8:05 MT,Miami,3,@,Denver,6,,,nt,True,False,False,False,20172018
Fri.,2018-03-02,7:07 CT,Omaha,4,@,Minnesota Duluth,1,,,nt,True,False,False,False,20172018
Fri.,2018-03-02,7:37 CT,St. Cloud State,4,@,North Dakota,3,OT,,nt,True,False,False,True,20172018
Fri.,2018-03-02,7:37 MT,Western Michigan,1,@,Colorado College,2,,,nt,True,False,False,False,20172018
Fri.,2018-03-02,7:07 CT,Michigan Tech,5,@,Bemidji State,3,,,wc,True,False,False,False,20172018
Fri.,2018-03-02,8:07 ET,Ferris State,1,@,Bowling Green,2,OT,,wc,True,False,False,True,20172018
Fri.,2018-03-02,7:07 ET,uah,1,@,Northern Michigan,7,,,wc,True,False,False,False,20172018
Fri.,2018-03-02,7:07 CT,Alaska,2,@,Minnesota State,8,,,wc,True,False,False,False,20172018
Sat.,2018-03-03,7:05 ET,Bentley,4,@,Robert Morris,3,,,ah,True,False,False,False,20172018
Sat.,2018-03-03,1:05 ET,Niagara,3,@,aic,4,2OT,,ah,True,False,False,True,20172018
Sat.,2018-03-03,7:05 ET,Sacred Heart,4,@,RIT,3,3OT,,ah,True,False,False,True,20172018
Sat.,2018-03-03,7:30 ET,Wisconsin,4,@,Michigan,7,,,b10,True,False,False,False,20172018
Sat.,2018-03-03,7:00 ET,Minnesota,5,@,Penn State,6,,,b10,True,False,False,False,20172018
Sat.,2018-03-03,7:00 ET,Michigan State,3,@,Ohio State,4,OT,,b10,True,False,False,True,20172018
Sat.,2018-03-03,7:00 ET,Quinnipiac,4,@,Yale,1,,,ec,True,False,False,False,20172018
Sat.,2018-03-03,7:00 ET,Brown,1,@,Princeton,7,,,ec,True,False,False,False,20172018
Sat.,2018-03-03,7:00 ET,RPI,1,@,Colgate,0,,,ec,True,False,False,False,20172018
Sat.,2018-03-03,7:00 ET,St. Lawrence,4,@,Dartmouth,2,,,ec,True,False,False,False,20172018
Sat.,2018-03-03,7:05 ET,Merrimack,3,@,UMass Lowell,2,OT,,he,True,False,False,True,20172018
Sat.,2018-03-03,7:00 ET,New Hampshire,2,@,Maine,3,,,he,True,False,False,False,20172018
Sat.,2018-03-03,7:05 ET,Merrimack,3,@,UMass Lowell,2,OT,,he,True,False,False,True,20172018
Sat.,2018-03-03,7:05 MT,Miami,3,@,Denver,3,OT,,nt,True,False,False,True,20172018
Sat.,2018-03-03,7:07 CT,Omaha,1,@,Minnesota Duluth,4,,,nt,True,False,False,False,20172018
Sat.,2018-03-03,7:07 CT,St. Cloud State,2,@,North Dakota,2,OT,,nt,True,False,False,True,20172018
Sat.,2018-03-03,6:07 MT,Western Michigan,8,@,Colorado College,2,,,nt,True,False,False,False,20172018
Sat.,2018-03-03,7:07 CT,Alaska,2,@,Minnesota State,6,,,wc,True,False,False,False,20172018
Sat.,2018-03-03,7:07 ET,uah,3,@,Northern Michigan,2,,,wc,True,False,False,False,20172018
Sat.,2018-03-03,7:07 CT,Michigan Tech,5,@,Bemidji State,4,,,wc,True,False,False,False,20172018
Sat.,2018-03-03,7:07 ET,Ferris State,2,@,Bowling Green,5,,,wc,True,False,False,False,20172018
Sun.,2018-03-04,7:05 ET,Sacred Heart,2,@,RIT,0,,,ah,True,False,False,False,20172018
Sun.,2018-03-04,7:05 ET,Bentley,2,@,Robert Morris,3,,,ah,True,False,False,False,20172018
Sun.,2018-03-04,5:00 ET,St. Lawrence,1,@,Dartmouth,2,,,ec,True,False,False,False,20172018
Sun.,2018-03-04,7:00 ET,RPI,0,@,Colgate,2,,,ec,True,False,False,False,20172018
Sun.,2018-03-04,3:00 ET,Vermont,1,@,Massachusetts,5,,,he,True,False,False,False,20172018
Sun.,2018-03-04,7:07 ET,uah,2,@,Northern Michigan,5,,,wc,True,False,False,False,20172018
Fri.,2018-03-09,7:05 ET,Robert Morris,4,@,Holy Cross,1,,,ah,True,False,False,False,20172018
Fri.,2018-03-09,7:35 ET,aic,1,@,Canisius,8,,,ah,True,False,False,False,20172018
Fri.,2018-03-09,7:05 ET,Sacred Heart,2,@,Mercyhurst,4,,,ah,True,False,False,False,20172018
Fri.,2018-03-09,7:05 ET,Air Force,5,@,Army,3,,,ah,True,False,False,False,20172018
Fri.,2018-03-09,7:00 ET,Dartmouth,4,@,Harvard,1,,,ec,True,False,False,False,20172018
Fri.,2018-03-09,7:00 ET,Quinnipiac,1,@,Cornell,9,,,ec,True,False,False,False,20172018
Fri.,2018-03-09,7:00 ET,Princeton,5,@,Union,3,,,ec,True,False,False,False,20172018
Fri.,2018-03-09,7:00 ET,Colgate,2,@,Clarkson,1,,,ec,True,False,False,False,20172018
Fri.,2018-03-09,7:00 ET,Merrimack,0,@,Boston College,1,,,he,True,False,False,False,20172018
Fri.,2018-03-09,7:30 ET,Connecticut,4,@,Boston University,5,OT,,he,True,False,False,True,20172018
Fri.,2018-03-09,7:00 ET,Massachusetts,2,@,Northeastern,3,,,he,True,False,False,False,20172018
Fri.,2018-03-09,7:00 ET,Merrimack,0,@,Boston College,1,,,he,True,False,False,False,20172018
Fri.,2018-03-09,7:00 ET,Maine,3,@,Providence,4,,,he,True,False,False,False,20172018
Fri.,2018-03-09,7:07 CT,Western Michigan,0,@,Minnesota Duluth,5,,,nt,True,False,False,False,20172018
Fri.,2018-03-09,7:37 CT,Omaha,0,@,North Dakota,4,,,nt,True,False,False,False,20172018
Fri.,2018-03-09,7:07 MT,Colorado College,2,@,Denver,0,,,nt,True,False,False,False,20172018
Fri.,2018-03-09,7:37 CT,Miami,2,@,St. Cloud State,5,,,nt,True,False,False,False,20172018
Fri.,2018-03-09,7:07 CT,Michigan Tech,1,@,Minnesota State,2,,,wc,True,False,False,False,20172018
Fri.,2018-03-09,7:07 ET,Bowling Green,1,@,Northern Michigan,6,,,wc,True,False,False,False,20172018
Sat.,2018-03-10,7:05 ET,Robert Morris,5,@,Holy Cross,1,,,ah,True,False,False,False,20172018
Sat.,2018-03-10,8:05 ET,aic,2,@,Canisius,1,OT,,ah,True,False,False,True,20172018
Sat.,2018-03-10,7:05 ET,Sacred Heart,2,@,Mercyhurst,3,OT,,ah,True,False,False,True,20172018
Sat.,2018-03-10,7:05 ET,Air Force,0,@,Army,1,,,ah,True,False,False,False,20172018
Sat.,2018-03-10,5:30 ET,Penn State,2,@,Notre Dame,3,,,b10,True,False,False,False,20172018
Sat.,2018-03-10,7:30 ET,Michigan,2,@,Ohio State,3,OT,,b10,True,False,False,True,20172018
Sat.,2018-03-10,7:00 ET,Dartmouth,1,@,Harvard,7,,,ec,True,False,False,False,20172018
Sat.,2018-03-10,7:00 ET,Quinnipiac,0,@,Cornell,2,,,ec,True,False,False,False,20172018
Sat.,2018-03-10,7:00 ET,Colgate,0,@,Clarkson,3,,,ec,True,False,False,False,20172018
Sat.,2018-03-10,7:00 ET,Princeton,3,@,Union,2,,,ec,True,False,False,False,20172018
Sat.,2018-03-10,7:00 ET,Merrimack,3,@,Boston College,4,OT,,he,True,False,False,True,20172018
Sat.,2018-03-10,7:00 ET,Massachusetts,2,@,Northeastern,7,,,he,True,False,False,False,20172018
Sat.,2018-03-10,7:00 ET,Merrimack,3,@,Boston College,4,OT,,he,True,False,False,True,20172018
Sat.,2018-03-10,7:00 ET,Connecticut,1,@,Boston University,2,,,he,True,False,False,False,20172018
Sat.,2018-03-10,7:00 ET,Maine,2,@,Providence,3,,,he,True,False,False,False,20172018
Sat.,2018-03-10,7:07 CT,Omaha,3,@,North Dakota,4,OT,,nt,True,False,False,True,20172018
Sat.,2018-03-10,7:07 MT,Colorado College,2,@,Denver,3,,,nt,True,False,False,False,20172018
Sat.,2018-03-10,7:07 CT,Western Michigan,0,@,Minnesota Duluth,2,,,nt,True,False,False,False,20172018
Sat.,2018-03-10,7:07 CT,Miami,3,@,St. Cloud State,2,OT,,nt,True,False,False,True,20172018
Sat.,2018-03-10,7:07 CT,Michigan Tech,4,@,Minnesota State,2,,,wc,True,False,False,False,20172018
Sat.,2018-03-10,7:07 ET,Bowling Green,1,@,Northern Michigan,0,,,wc,True,False,False,False,20172018
Sun.,2018-03-11,7:05 ET,Air Force,1,@,Army,0,OT,,ah,True,False,False,True,20172018
Sun.,2018-03-11,7:05 ET,aic,0,@,Canisius,3,,,ah,True,False,False,False,20172018
Sun.,2018-03-11,7:00 ET,Colgate,1,@,Clarkson,5,,,ec,True,False,False,False,20172018
Sun.,2018-03-11,5:00 ET,Dartmouth,2,@,Harvard,4,,,ec,True,False,False,False,20172018
Sun.,2018-03-11,6:07 MT,Colorado College,1,@,Denver,6,,,nt,True,False,False,False,20172018
Sun.,2018-03-11,7:07 CT,Miami,3,@,St. Cloud State,4,OT,,nt,True,False,False,True,20172018
Sun.,2018-03-11,7:07 ET,Bowling Green,2,@,Northern Michigan,3,OT,,wc,True,False,False,True,20172018
Sun.,2018-03-11,7:07 CT,Michigan Tech,2,@,Minnesota State,1,OT,,wc,True,False,False,True,20172018
Fri.,2018-03-16,8:05 ET,Air Force,3,vs,Canisius,0,,,ah,True,True,False,False,20172018
Fri.,2018-03-16,4:35 ET,Robert Morris,5,vs,Mercyhurst,4,OT,,ah,True,True,False,True,20172018
Fri.,2018-03-16,4:05 ET,Princeton,4,vs,Cornell,1,,,ec,True,True,False,False,20172018
Fri.,2018-03-16,7:35 ET,Harvard,4,vs,Clarkson,5,OT,,ec,True,True,False,True,20172018
Fri.,2018-03-16,5:00 ET,Boston University,4,vs,Boston College,3,OT,,he,True,True,False,True,20172018
Fri.,2018-03-16,8:00 ET,Providence,3,vs,Northeastern,2,OT,,he,True,True,False,True,20172018
Fri.,2018-03-16,4:07 CT,North Dakota,2,vs,St. Cloud State,3,OT,,nt,True,True,False,True,20172018
Fri.,2018-03-16,7:37 CT,Minnesota Duluth,1,vs,Denver,3,,,nt,True,True,False,False,20172018
Sat.,2018-03-17,7:35 ET,Robert Morris,1,vs,Air Force,5,,,ah,True,True,False,False,20172018
Sat.,2018-03-17,8:00 ET,Ohio State,2,@,Notre Dame,3,OT,,b10,True,False,False,True,20172018
Sat.,2018-03-17,7:35 ET,Princeton,2,vs,Clarkson,1,OT,,ec,True,True,False,True,20172018
Sat.,2018-03-17,7:00 ET,Boston University,2,vs,Providence,0,,,he,True,True,False,False,20172018
Sat.,2018-03-17,3:37 CT,North Dakota,4,vs,Minnesota Duluth,1,,,nt,True,True,False,False,20172018
Sat.,2018-03-17,7:37 CT,Denver,4,vs,St. Cloud State,1,,,nt,True,True,False,False,20172018
Sat.,2018-03-17,7:07 ET,Michigan Tech,2,@,Northern Michigan,0,,,wc,True,False,False,False,20172018
Fri.,2018-03-23,3:00 ET,Michigan Tech,3,vs,Notre Dame,4,OT,,nc,True,True,False,True,20172018
Fri.,2018-03-23,6:30 ET,Clarkson,0,vs,Providence,1,,,nc,True,True,False,False,20172018
Fri.,2018-03-23,3:00 CT,Air Force,4,vs,St. Cloud State,1,,,nc,True,True,False,False,20172018
Fri.,2018-03-23,6:30 CT,Minnesota Duluth,3,vs,Minnesota State,2,OT,,nc,True,True,False,True,20172018
Sat.,2018-03-24,6:00 ET,Providence,1,vs,Notre Dame,2,,,nc,True,True,False,False,20172018
Sat.,2018-03-24,3:30 ET,Princeton,2,vs,Ohio State,4,,,nc,True,True,False,False,20172018
Sat.,2018-03-24,7:00 ET,Penn State,1,vs,Denver,5,,,nc,True,True,False,False,20172018
Sat.,2018-03-24,4:30 ET,Northeastern,2,vs,Michigan,3,,,nc,True,True,False,False,20172018
Sat.,2018-03-24,1:00 ET,Boston University,3,vs,Cornell,1,,,nc,True,True,False,False,20172018
Sat.,2018-03-24,8:00 CT,Air Force,1,vs,Minnesota Duluth,2,,,nc,True,True,False,False,20172018
Sun.,2018-03-25,6:30 ET,Denver,1,vs,Ohio State,5,,,nc,True,True,False,False,20172018
Sun.,2018-03-25,4:00 ET,Boston University,3,vs,Michigan,6,,,nc,True,True,False,False,20172018
Thu.,2018-04-05,8:30 CT,Michigan,3,vs,Notre Dame,4,,,nc,True,True,False,False,20172018
Thu.,2018-04-05,5:00 CT,Minnesota Duluth,2,vs,Ohio State,1,,,nc,True,True,False,False,20172018
Sat.,2018-04-07,6:30 CT,Minnesota Duluth,2,vs,Notre Dame,1,,,nc,True,True,False,False,20172018
