Day,Date,Time,Visitor_Team,Visitor_Score,Location_Indicator,Home_Team,Home_Score,OT_Info,Notes,Type,Is_Final,Is_Neutral,Is_Exhibition,Is_OT,Season
Fri.,2015-10-02,7:07 AT,Mount Royal,1,@,Alaska Anchorage,0,,,EX,True,False,False,False,20152016
Fri.,2015-10-02,7:00 AT,Mt. Royal,1,@,Alaska Anchorage,0,,,ex,True,False,True,False,20152016
Sat.,2015-10-03,3:05 ET,Wilfrid Laurier,3,@,Niagara,5,,,ex,True,False,True,False,20152016
Sat.,2015-10-03,7:05 ET,Ontario IT,1,@,RIT,9,,,ex,True,False,True,False,20152016
Sat.,2015-10-03,4:05 ET,Brock,0,@,Ohio State,4,,,ex,True,False,True,False,20152016
Sat.,2015-10-03,7:00 MT,Arizona,1,@,Arizona State,8,,,ex,True,False,True,False,20152016
Sat.,2015-10-03,7:05 ET,St. Francis Xavier,1,@,Merrimack,4,,,ex,True,False,True,False,20152016
Sat.,2015-10-03,7:00 ET,St. Thomas,3,@,RPI,2,OT,,ex,True,False,True,True,20152016
Sat.,2015-10-03,7:00 ET,Carleton,3,@,St. Lawrence,5,,,ex,True,False,True,False,20152016
Sat.,2015-10-03,5:00 ET,McGill,3,@,Clarkson,4,,,ex,True,False,True,False,20152016
Sat.,2015-10-03,7:00 ET,Carleton,3,@,St. Lawrence,5,,,EX,True,False,False,False,20152016
Sat.,2015-10-03,3:05 ET,Queen's,1,@,Connecticut,3,,,EX,True,False,False,False,20152016
Sat.,2015-10-03,7:00 ET,Dalhousie,0,@,Massachusetts,4,,,ex,True,False,True,False,20152016
Sat.,2015-10-03,3:00 ET,Queens,1,@,Connecticut,3,,,ex,True,False,True,False,20152016
Sat.,2015-10-03,7:05 ET,St. Francis Xavier,1,@,Merrimack,4,,,ex,True,False,True,False,20152016
Sat.,2015-10-03,7:00 ET,Simon Fraser,1,@,Providence,9,,,ex,True,False,True,False,20152016
Sat.,2015-10-03,4:00 ET,Acadia,2,@,Boston University,4,,,ex,True,False,True,False,20152016
Sat.,2015-10-03,7:00 ET,New Brunswick,5,@,Boston College,2,,,ex,True,False,True,False,20152016
Sat.,2015-10-03,7:07 CT,Alberta,2,@,St. Cloud State,6,,,ex,True,False,True,False,20152016
Sat.,2015-10-03,7:07 CT,Manitoba,3,@,North Dakota,8,,,ex,True,False,True,False,20152016
Sat.,2015-10-03,7:07 MT,Calgary,2,@,Colorado College,6,,,ex,True,False,True,False,20152016
Sat.,2015-10-03,4:00 ET,Western Ontario,1,@,Miami,6,,,ex,True,False,True,False,20152016
Sat.,2015-10-03,7:00 ET,Lethbridge,4,@,Western Michigan,3,,,ex,True,False,True,False,20152016
Sat.,2015-10-03,7:00 ET,US Under-18 Team,0,@,Northern Michigan,4,,,ex,True,False,True,False,20152016
Sat.,2015-10-03,7:07 ET,Toronto,3,@,Bowling Green,4,,,ex,True,False,True,False,20152016
Sat.,2015-10-03,7:07 ET,USA Under-18 Team,0,@,Northern Michigan,4,,,EX,True,False,False,False,20152016
Sat.,2015-10-03,7:05 ET,Colgate,5,@,Mercyhurst,2,,,nc,True,False,False,False,20152016
Sun.,2015-10-04,4:05 ET,Ontario IT,4,@,Canisius,2,,,ex,True,False,True,False,20152016
Sun.,2015-10-04,3:00 ET,Dalhousie,5,@,Sacred Heart,3,,,ex,True,False,True,False,20152016
Sun.,2015-10-04,12:07 ET,Windsor,2,@,Penn State,5,,,ex,True,False,True,False,20152016
Sun.,2015-10-04,5:05 ET,Toronto,1,@,Michigan,8,,,ex,True,False,True,False,20152016
Sun.,2015-10-04,4:05 ET,Western Ontario,1,@,Michigan State,2,,,ex,True,False,True,False,20152016
Sun.,2015-10-04,4:00 ET,St. Thomas,1,@,Quinnipiac,3,,,ex,True,False,True,False,20152016
Sun.,2015-10-04,4:00 ET,New Brunswick,2,@,UMass Lowell,3,,,ex,True,False,True,False,20152016
Sun.,2015-10-04,4:00 ET,St. Francis Xavier,4,@,New Hampshire,6,,,ex,True,False,True,False,20152016
Sun.,2015-10-04,4:00 ET,Simon Fraser,2,@,Northeastern,10,,,ex,True,False,True,False,20152016
Sun.,2015-10-04,4:05 ET,Acadia,2,@,Vermont,1,,,ex,True,False,True,False,20152016
Sun.,2015-10-04,6:06 MT,Calgary,0,@,Denver,4,,,ex,True,False,True,False,20152016
Sun.,2015-10-04,6:07 CT,Lakehead,1,@,Minnesota Duluth,6,,,ex,True,False,True,False,20152016
Sun.,2015-10-04,1:37 CT,Manitoba,1,@,Bemidji State,6,,,ex,True,False,True,False,20152016
Sun.,2015-10-04,5:07 CT,Alberta,3,@,Minnesota State,2,,,ex,True,False,True,False,20152016
Sun.,2015-10-04,5:00 ET,US Under-18 Team,2,@,Lake Superior,1,OT,,ex,True,False,True,True,20152016
Sun.,2015-10-04,3:00 ET,Lethbridge,2,@,Ferris State,4,,,ex,True,False,True,False,20152016
Sun.,2015-10-04,3:00 AT,Mt. Royal,0,@,Alaska,4,,,ex,True,False,True,False,20152016
Sun.,2015-10-04,5:07 ET,USA Under-18 Team,2,@,Lake Superior,1,,,EX,True,False,False,False,20152016
Sun.,2015-10-04,3:07 AT,Mount Royal,0,@,Alaska,4,,,EX,True,False,False,False,20152016
Sun.,2015-10-04,4:05 ET,Colgate,7,@,Mercyhurst,9,,,nc,True,False,False,False,20152016
Mon.,2015-10-05,6:05 MT,Calgary,0,@,Air Force,5,,,ex,True,False,True,False,20152016
Fri.,2015-10-09,7:05 ET,Mercyhurst,3,@,Bentley,1,,,ah,True,False,False,False,20152016
Fri.,2015-10-09,7:35 ET,Guelph,5,@,Notre Dame,7,,,ex,True,False,True,False,20152016
Fri.,2015-10-09,7:07 ET,Laurentian,1,@,Michigan Tech,5,,,ex,True,False,True,False,20152016
Fri.,2015-10-09,8:00 ET,Michigan State,3,vs,Maine,3,OT,,nc,True,True,False,True,20152016
Fri.,2015-10-09,4:30 ET,Lake Superior,2,vs,North Dakota,5,,,nc,True,True,False,False,20152016
Fri.,2015-10-09,8:07 AT,Arizona State,2,@,Alaska Anchorage,3,OT,,nc,True,False,False,True,20152016
Fri.,2015-10-09,5:07 AT,St. Cloud State,3,vs,Alaska,0,,,nc,True,True,False,False,20152016
Fri.,2015-10-09,7:05 ET,Quinnipiac,5,@,Holy Cross,3,,,nc,True,False,False,False,20152016
Fri.,2015-10-09,7:05 ET,Boston College,5,@,Army,1,,,nc,True,False,False,False,20152016
Fri.,2015-10-09,7:05 MT,Denver,4,@,Air Force,5,OT,,nc,True,False,False,True,20152016
Fri.,2015-10-09,7:05 ET,Bowling Green,6,@,Ohio State,3,,,nc,True,False,False,False,20152016
Fri.,2015-10-09,7:00 CT,Northern Michigan,2,@,Wisconsin,2,OT,,nc,True,False,False,True,20152016
Fri.,2015-10-09,7:00 ET,RIT,0,@,Clarkson,6,,,nc,True,False,False,False,20152016
Fri.,2015-10-09,7:00 ET,Niagara,2,@,St. Lawrence,5,,,nc,True,False,False,False,20152016
Fri.,2015-10-09,7:00 ET,Sacred Heart,1,@,Union,1,OT,,nc,True,False,False,True,20152016
Fri.,2015-10-09,7:15 ET,RPI,0,@,UMass Lowell,3,,,nc,True,False,False,False,20152016
Fri.,2015-10-09,7:37 MT,Massachusetts,6,@,Colorado College,3,,,nc,True,False,False,False,20152016
Fri.,2015-10-09,7:35 ET,Providence,7,@,Miami,3,,,nc,True,False,False,False,20152016
Fri.,2015-10-09,7:00 ET,Ferris State,2,@,Western Michigan,3,,,nc,True,False,False,False,20152016
Fri.,2015-10-09,7:07 CT,Connecticut,5,@,uah,2,,,nc,True,False,False,False,20152016
Fri.,2015-10-09,7:07 CT,Omaha,3,@,Minnesota State,2,,,nc,True,False,False,False,20152016
Sat.,2015-10-10,7:05 ET,Mercyhurst,3,@,Bentley,2,,,ah,True,False,False,False,20152016
Sat.,2015-10-10,7:07 ET,Laurentian,0,@,Michigan Tech,5,,,ex,True,False,True,False,20152016
Sat.,2015-10-10,8:00 ET,North Dakota,1,vs,Maine,1,OT,,nc,True,True,False,True,20152016
Sat.,2015-10-10,4:30 ET,Michigan State,4,vs,Lake Superior,1,,,nc,True,True,False,False,20152016
Sat.,2015-10-10,4:07 AT,Arizona State,2,vs,Alaska,1,,,nc,True,True,False,False,20152016
Sat.,2015-10-10,7:07 AT,St. Cloud State,6,@,Alaska Anchorage,2,,,nc,True,False,False,False,20152016
Sat.,2015-10-10,7:35 ET,Penn State,6,@,Canisius,1,,,nc,True,False,False,False,20152016
Sat.,2015-10-10,7:05 CT,Vermont,3,@,Minnesota,0,,,nc,True,False,False,False,20152016
Sat.,2015-10-10,7:00 CT,Northern Michigan,3,@,Wisconsin,3,OT,,nc,True,False,False,True,20152016
Sat.,2015-10-10,4:00 ET,Holy Cross,2,@,Quinnipiac,4,,,nc,True,False,False,False,20152016
Sat.,2015-10-10,7:00 ET,Niagara,1,@,Clarkson,4,,,nc,True,False,False,False,20152016
Sat.,2015-10-10,7:00 ET,RIT,1,@,St. Lawrence,5,,,nc,True,False,False,False,20152016
Sat.,2015-10-10,7:00 ET,Boston University,3,@,Union,5,,,nc,True,False,False,False,20152016
Sat.,2015-10-10,7:00 ET,aic,3,@,New Hampshire,7,,,nc,True,False,False,False,20152016
Sat.,2015-10-10,7:00 ET,Colgate,1,@,Northeastern,2,,,nc,True,False,False,False,20152016
Sat.,2015-10-10,7:06 MT,Air Force,1,@,Denver,3,,,nc,True,False,False,False,20152016
Sat.,2015-10-10,7:05 ET,Providence,2,@,Miami,2,OT,,nc,True,False,False,True,20152016
Sat.,2015-10-10,7:07 MT,Massachusetts,4,@,Colorado College,3,,,nc,True,False,False,False,20152016
Sat.,2015-10-10,7:37 ET,Ohio State,0,@,Bowling Green,2,,,nc,True,False,False,False,20152016
Sat.,2015-10-10,7:07 CT,Connecticut,2,@,uah,5,,,nc,True,False,False,False,20152016
Sat.,2015-10-10,7:07 CT,Omaha,2,@,Minnesota State,0,,,nc,True,False,False,False,20152016
Sat.,2015-10-10,7:07 ET,Western Michigan,1,@,Ferris State,1,OT,,nc,True,False,False,True,20152016
Sat.,2015-10-10,7:07 CT,Minnesota Duluth,2,@,Bemidji State,3,,,nc,True,False,False,False,20152016
Sun.,2015-10-11,2:00 ET,Notre Dame,2,@,US Under-18 Team,2,OT,,ex,True,False,True,True,20152016
Sun.,2015-10-11,2:00 ET,Notre Dame,2,@,USA Under-18 Team,2,,,EX,True,False,False,False,20152016
Sun.,2015-10-11,2:05 ET,Guelph,3,@,Robert Morris,5,,,ex,True,False,True,False,20152016
Sun.,2015-10-11,2:00 ET,Boston College,1,@,RPI,2,,,nc,True,False,False,False,20152016
Tue.,2015-10-13,7:00 ET,Bowling Green,1,@,Western Michigan,4,,,nc,True,False,False,False,20152016
Thu.,2015-10-15,7:00 ET,Arizona State,0,@,Quinnipiac,5,,,nc,True,False,False,False,20152016
Fri.,2015-10-16,7:07 AT,aic,2,@,Alaska,7,,,nc,True,False,False,False,20152016
Fri.,2015-10-16,4:07 AT,RPI,3,vs,Alaska Anchorage,4,,,nc,True,True,False,False,20152016
Fri.,2015-10-16,7:05 ET,Air Force,1,@,Robert Morris,5,,,ah,True,False,False,False,20152016
Fri.,2015-10-16,7:30 ET,US Under-18 Team,7,@,Boston University,4,,,ex,True,False,True,False,20152016
Fri.,2015-10-16,7:35 ET,USA Under-18 Team,7,@,Boston University,4,,,EX,True,False,False,False,20152016
Fri.,2015-10-16,7:35 ET,Bowling Green,4,@,Canisius,2,,,nc,True,False,False,False,20152016
Fri.,2015-10-16,7:35 ET,Mercyhurst,4,@,Michigan,6,,,nc,True,False,False,False,20152016
Fri.,2015-10-16,7:07 ET,Notre Dame,7,@,Penn State,4,,,nc,True,False,False,False,20152016
Fri.,2015-10-16,7:05 ET,Miami,3,@,Ohio State,2,,,nc,True,False,False,False,20152016
Fri.,2015-10-16,7:05 CT,Minnesota Duluth,3,@,Minnesota,1,,,nc,True,False,False,False,20152016
Fri.,2015-10-16,7:05 ET,Clarkson,1,@,Merrimack,7,,,nc,True,False,False,False,20152016
Fri.,2015-10-16,7:00 ET,Maine,1,@,Union,1,OT,,nc,True,False,False,True,20152016
Fri.,2015-10-16,7:00 ET,Sacred Heart,2,@,Massachusetts,5,,,nc,True,False,False,False,20152016
Fri.,2015-10-16,7:00 ET,Bentley,3,@,Northeastern,2,,,nc,True,False,False,False,20152016
Fri.,2015-10-16,7:35 ET,Holy Cross,1,@,Providence,4,,,nc,True,False,False,False,20152016
Fri.,2015-10-16,7:00 ET,Wisconsin,0,@,Boston College,6,,,nc,True,False,False,False,20152016
Fri.,2015-10-16,7:05 ET,Arizona State,1,@,Connecticut,5,,,nc,True,False,False,False,20152016
Fri.,2015-10-16,7:05 ET,Clarkson,1,@,Merrimack,7,,,nc,True,False,False,False,20152016
Fri.,2015-10-16,7:00 ET,St. Lawrence,3,@,New Hampshire,2,OT,,nc,True,False,False,True,20152016
Fri.,2015-10-16,7:15 ET,Colorado College,2,@,UMass Lowell,3,,,nc,True,False,False,False,20152016
Fri.,2015-10-16,7:05 ET,Omaha,4,@,Vermont,3,,,nc,True,False,False,False,20152016
Fri.,2015-10-16,7:36 MT,Michigan State,2,@,Denver,4,,,nc,True,False,False,False,20152016
Fri.,2015-10-16,7:37 CT,Minnesota State,0,@,St. Cloud State,4,,,nc,True,False,False,False,20152016
Fri.,2015-10-16,7:37 CT,North Dakota,4,@,Bemidji State,4,OT,,nc,True,False,False,True,20152016
Fri.,2015-10-16,7:07 ET,Lake Superior,3,@,Northern Michigan,6,,,nc,True,False,False,False,20152016
Fri.,2015-10-16,7:07 ET,Michigan Tech,5,@,Ferris State,1,,,wc,True,False,False,False,20152016
Sat.,2015-10-17,4:07 AT,aic,2,vs,Alaska Anchorage,6,,,nc,True,True,False,False,20152016
Sat.,2015-10-17,7:07 AT,RPI,2,@,Alaska,4,,,nc,True,False,False,False,20152016
Sat.,2015-10-17,7:05 ET,Air Force,3,@,Robert Morris,3,OT,,ah,True,False,False,True,20152016
Sat.,2015-10-17,7:00 ET,US Under-18 Team,5,@,Dartmouth,4,,,ex,True,False,True,False,20152016
Sat.,2015-10-17,7:00 ET,USA Under-18 Team,5,@,Dartmouth,4,,,EX,True,False,False,False,20152016
Sat.,2015-10-17,6:07 CT,Alabama,1,@,uah,11,,,ex,True,False,True,False,20152016
Sat.,2015-10-17,7:30 ET,Arizona State,0,@,Sacred Heart,3,,,nc,True,False,False,False,20152016
Sat.,2015-10-17,7:05 ET,Northeastern,1,@,Bentley,4,,,nc,True,False,False,False,20152016
Sat.,2015-10-17,7:05 ET,Bowling Green,2,@,RIT,2,OT,,nc,True,False,False,True,20152016
Sat.,2015-10-17,3:07 ET,Notre Dame,3,@,Penn State,5,,,nc,True,False,False,False,20152016
Sat.,2015-10-17,7:35 ET,St. Lawrence,1,@,Merrimack,3,,,nc,True,False,False,False,20152016
Sat.,2015-10-17,7:00 ET,Maine,0,@,Union,2,,,nc,True,False,False,False,20152016
Sat.,2015-10-17,7:05 ET,Wisconsin,1,@,Boston University,4,,,nc,True,False,False,False,20152016
Sat.,2015-10-17,7:00 ET,Clarkson,4,@,New Hampshire,3,,,nc,True,False,False,False,20152016
Sat.,2015-10-17,7:35 ET,St. Lawrence,1,@,Merrimack,3,,,nc,True,False,False,False,20152016
Sat.,2015-10-17,7:05 ET,Omaha,3,@,Vermont,1,,,nc,True,False,False,False,20152016
Sat.,2015-10-17,7:00 ET,Colorado College,1,@,UMass Lowell,2,,,nc,True,False,False,False,20152016
Sat.,2015-10-17,8:00 ET,Ohio State,1,@,Miami,3,,,nc,True,False,False,False,20152016
Sat.,2015-10-17,7:07 CT,Minnesota,0,@,Minnesota Duluth,3,,,nc,True,False,False,False,20152016
Sat.,2015-10-17,7:06 MT,Michigan State,0,@,Denver,3,,,nc,True,False,False,False,20152016
Sat.,2015-10-17,7:07 CT,Bemidji State,2,@,North Dakota,5,,,nc,True,False,False,False,20152016
Sat.,2015-10-17,7:07 CT,Minnesota State,0,@,St. Cloud State,3,,,nc,True,False,False,False,20152016
Sat.,2015-10-17,7:07 ET,Northern Michigan,0,@,Lake Superior,4,,,nc,True,False,False,False,20152016
Sat.,2015-10-17,7:07 ET,Michigan Tech,2,@,Ferris State,3,,,wc,True,False,False,False,20152016
Sun.,2015-10-18,5:05 ET,Mercyhurst,2,@,Michigan,3,,,nc,True,False,False,False,20152016
Tue.,2015-10-20,7:00 ET,Maine,0,@,Quinnipiac,4,,,nc,True,False,False,False,20152016
Thu.,2015-10-22,7:05 ET,Lake Superior,4,@,Michigan State,2,,,nc,True,False,False,False,20152016
Fri.,2015-10-23,4:05 ET,Holy Cross,3,@,Canisius,4,,,ah,True,False,False,False,20152016
Fri.,2015-10-23,7:05 ET,Robert Morris,3,@,Niagara,3,OT,,ah,True,False,False,True,20152016
Fri.,2015-10-23,7:05 ET,Army,2,@,Mercyhurst,4,,,ah,True,False,False,False,20152016
Fri.,2015-10-23,7:00 ET,New Brunswick,5,@,Maine,1,,,ex,True,False,True,False,20152016
Fri.,2015-10-23,7:05 ET,UMass Lowell,1,@,Merrimack,1,OT,,he,True,False,False,True,20152016
Fri.,2015-10-23,7:00 ET,New Hampshire,6,@,Massachusetts,6,OT,,he,True,False,False,True,20152016
Fri.,2015-10-23,7:05 ET,UMass Lowell,1,@,Merrimack,1,OT,,he,True,False,False,True,20152016
Fri.,2015-10-23,7:07 ET,aic,3,@,Penn State,8,,,nc,True,False,False,False,20152016
Fri.,2015-10-23,7:05 CT,Northeastern,0,@,Minnesota,4,,,nc,True,False,False,False,20152016
Fri.,2015-10-23,7:05 ET,Lake Superior,0,@,Michigan State,2,,,nc,True,False,False,False,20152016
Fri.,2015-10-23,7:30 MT,So. New Hampshire,2,@,Arizona State,9,,,nc,True,False,False,False,20152016
Fri.,2015-10-23,7:00 ET,RIT,2,@,Colgate,5,,,nc,True,False,False,False,20152016
Fri.,2015-10-23,7:30 ET,Michigan,5,@,Union,5,OT,,nc,True,False,False,True,20152016
Fri.,2015-10-23,7:00 ET,Western Michigan,2,@,Clarkson,4,,,nc,True,False,False,False,20152016
Fri.,2015-10-23,7:00 ET,Miami,1,@,St. Lawrence,0,,,nc,True,False,False,False,20152016
Fri.,2015-10-23,7:00 ET,St. Cloud State,2,@,Quinnipiac,5,,,nc,True,False,False,False,20152016
Fri.,2015-10-23,7:00 ET,Ohio State,1,@,Providence,2,,,nc,True,False,False,False,20152016
Fri.,2015-10-23,6:05 ET,Minnesota Duluth,3,@,Notre Dame,3,OT,,nc,True,False,False,True,20152016
Fri.,2015-10-23,7:05 ET,North Dakota,2,@,Vermont,0,,,nc,True,False,False,False,20152016
Fri.,2015-10-23,7:37 CT,Air Force,2,@,Omaha,4,,,nc,True,False,False,False,20152016
Fri.,2015-10-23,7:37 MT,Boston College,3,@,Colorado College,0,,,nc,True,False,False,False,20152016
Fri.,2015-10-23,7:07 ET,Wisconsin,5,@,Ferris State,5,OT,,nc,True,False,False,True,20152016
Fri.,2015-10-23,7:37 CT,Minnesota State,3,@,Bemidji State,2,,,wc,True,False,False,False,20152016
Fri.,2015-10-23,7:07 ET,Michigan Tech,1,@,Northern Michigan,4,,,wc,True,False,False,False,20152016
Fri.,2015-10-23,7:07 CT,Alaska Anchorage,3,@,uah,3,OT,,wc,True,False,False,True,20152016
Sat.,2015-10-24,7:05 ET,Army,2,@,Mercyhurst,5,,,ah,True,False,False,False,20152016
Sat.,2015-10-24,7:05 ET,Robert Morris,8,@,Niagara,2,,,ah,True,False,False,False,20152016
Sat.,2015-10-24,4:05 ET,Holy Cross,4,@,Canisius,1,,,ah,True,False,False,False,20152016
Sat.,2015-10-24,7:00 ET,New Brunswick,3,@,Harvard,3,OT,,ex,True,False,True,True,20152016
Sat.,2015-10-24,7:00 ET,Prince Edward Island,0,@,Dartmouth,7,,,EX,True,False,False,False,20152016
Sat.,2015-10-24,7:00 ET,Ryerson,2,@,Cornell,5,,,ex,True,False,True,False,20152016
Sat.,2015-10-24,7:00 ET,PEI,0,@,Dartmouth,7,,,ex,True,False,True,False,20152016
Sat.,2015-10-24,7:00 ET,Merrimack,1,@,UMass Lowell,1,OT,,he,True,False,False,True,20152016
Sat.,2015-10-24,4:05 ET,Connecticut,2,@,Boston University,4,,,he,True,False,False,False,20152016
Sat.,2015-10-24,7:00 ET,Merrimack,1,@,UMass Lowell,1,OT,,he,True,False,False,True,20152016
Sat.,2015-10-24,7:05 ET,Colgate,4,@,RIT,3,,,nc,True,False,False,False,20152016
Sat.,2015-10-24,3:07 ET,aic,3,@,Penn State,5,,,nc,True,False,False,False,20152016
Sat.,2015-10-24,8:05 CT,Northeastern,3,@,Minnesota,4,,,nc,True,False,False,False,20152016
Sat.,2015-10-24,7:30 MT,So. New Hampshire,1,@,Arizona State,7,,,nc,True,False,False,False,20152016
Sat.,2015-10-24,7:00 ET,Michigan,5,@,RPI,2,,,nc,True,False,False,False,20152016
Sat.,2015-10-24,7:30 ET,New Hampshire,5,@,Union,2,,,nc,True,False,False,False,20152016
Sat.,2015-10-24,7:00 ET,Miami,3,@,St. Lawrence,5,,,nc,True,False,False,False,20152016
Sat.,2015-10-24,7:30 ET,Western Michigan,2,@,Clarkson,6,,,nc,True,False,False,False,20152016
Sat.,2015-10-24,7:00 ET,St. Cloud State,1,@,Quinnipiac,4,,,nc,True,False,False,False,20152016
Sat.,2015-10-24,7:00 ET,Ohio State,4,@,Providence,6,,,nc,True,False,False,False,20152016
Sat.,2015-10-24,6:35 ET,Minnesota Duluth,3,@,Notre Dame,3,OT,,nc,True,False,False,True,20152016
Sat.,2015-10-24,7:05 ET,North Dakota,5,@,Vermont,2,,,nc,True,False,False,False,20152016
Sat.,2015-10-24,7:07 CT,Air Force,1,@,Omaha,4,,,nc,True,False,False,False,20152016
Sat.,2015-10-24,7:07 MT,Boston College,5,@,Colorado College,0,,,nc,True,False,False,False,20152016
Sat.,2015-10-24,7:07 ET,Wisconsin,1,@,Ferris State,2,,,nc,True,False,False,False,20152016
Sat.,2015-10-24,7:07 ET,Northern Michigan,1,@,Michigan Tech,3,,,wc,True,False,False,False,20152016
Sat.,2015-10-24,7:07 CT,Alaska Anchorage,3,@,uah,2,,,wc,True,False,False,False,20152016
Sat.,2015-10-24,7:07 CT,Minnesota State,3,@,Bemidji State,2,,,wc,True,False,False,False,20152016
Sun.,2015-10-25,2:00 ET,Laurentian,1,@,Cornell,6,,,ex,True,False,True,False,20152016
Tue.,2015-10-27,7:05 ET,Sacred Heart,4,@,aic,1,,,ah,True,False,False,False,20152016
Tue.,2015-10-27,7:05 ET,Boston University,2,@,Connecticut,5,,,he,True,False,False,False,20152016
Thu.,2015-10-29,7:00 ET,Vermont,3,@,Northeastern,2,,,he,True,False,False,False,20152016
Thu.,2015-10-29,7:07 ET,St. Lawrence,2,@,Penn State,2,OT,,nc,True,False,False,True,20152016
Fri.,2015-10-30,7:05 ET,RIT,4,@,aic,2,,,ah,True,False,False,False,20152016
Fri.,2015-10-30,7:05 ET,Canisius,3,@,Sacred Heart,0,,,ah,True,False,False,False,20152016
Fri.,2015-10-30,7:30 ET,Yale,3,vs,Princeton,1,,,nc,True,True,False,False,20152016
Fri.,2015-10-30,4:30 ET,Maine,4,vs,Massachusetts,5,OT,,nc,True,True,False,True,20152016
Fri.,2015-10-30,7:00 ET,RPI,5,@,Union,1,,,ec,True,False,False,False,20152016
Fri.,2015-10-30,7:05 ET,Boston University,3,@,Merrimack,4,,,he,True,False,False,False,20152016
Fri.,2015-10-30,7:05 ET,Boston University,3,@,Merrimack,4,,,he,True,False,False,False,20152016
Fri.,2015-10-30,7:00 ET,Omaha,2,@,Western Michigan,4,,,NT,True,False,False,False,20152016
Fri.,2015-10-30,7:37 CT,Miami,0,@,St. Cloud State,3,,,nt,True,False,False,False,20152016
Fri.,2015-10-30,7:37 MT,North Dakota,5,@,Colorado College,2,,,nt,True,False,False,False,20152016
Fri.,2015-10-30,7:05 ET,Cornell,3,@,Niagara,2,OT,,nc,True,False,False,True,20152016
Fri.,2015-10-30,7:35 ET,Robert Morris,3,@,Michigan,5,,,nc,True,False,False,False,20152016
Fri.,2015-10-30,7:05 ET,Mercyhurst,2,@,Ohio State,1,,,nc,True,False,False,False,20152016
Fri.,2015-10-30,7:00 CT,Arizona State,1,@,Wisconsin,5,,,nc,True,False,False,False,20152016
Fri.,2015-10-30,7:07 ET,St. Lawrence,4,@,Penn State,2,,,nc,True,False,False,False,20152016
Fri.,2015-10-30,7:00 ET,Providence,7,@,Colgate,2,,,nc,True,False,False,False,20152016
Fri.,2015-10-30,7:00 ET,Denver,3,@,Boston College,4,,,nc,True,False,False,False,20152016
Fri.,2015-10-30,7:07 CT,UMass Lowell,1,@,Minnesota Duluth,2,,,nc,True,False,False,False,20152016
Fri.,2015-10-30,7:37 ET,uah,5,@,Lake Superior,4,OT,,wc,True,False,False,True,20152016
Fri.,2015-10-30,7:07 ET,Ferris State,4,@,Michigan Tech,5,OT,,wc,True,False,False,True,20152016
Fri.,2015-10-30,7:07 ET,Bemidji State,0,@,Northern Michigan,0,OT,,wc,True,False,False,True,20152016
Fri.,2015-10-30,7:07 CT,Alaska,2,@,Minnesota State,5,,,wc,True,False,False,False,20152016
Sat.,2015-10-31,7:05 ET,RIT,6,@,aic,2,,,ah,True,False,False,False,20152016
Sat.,2015-10-31,3:05 ET,Bentley,2,@,Army,2,OT,,ah,True,False,False,True,20152016
Sat.,2015-10-31,7:05 ET,Canisius,0,@,Sacred Heart,4,,,ah,True,False,False,False,20152016
Sat.,2015-10-31,7:30 ET,Massachusetts,1,vs,Yale,6,,,nc,True,True,False,False,20152016
Sat.,2015-10-31,4:30 ET,Maine,1,vs,Princeton,3,,,nc,True,True,False,False,20152016
Sat.,2015-10-31,7:30 ET,Harvard,7,@,Dartmouth,0,,,ec,True,False,False,False,20152016
Sat.,2015-10-31,7:00 ET,Union,2,@,RPI,3,,,ec,True,False,False,False,20152016
Sat.,2015-10-31,7:05 ET,New Hampshire,4,@,Merrimack,2,,,he,True,False,False,False,20152016
Sat.,2015-10-31,7:05 ET,New Hampshire,4,@,Merrimack,2,,,he,True,False,False,False,20152016
Sat.,2015-10-31,7:05 ET,Northeastern,3,@,Vermont,3,OT,,he,True,False,False,True,20152016
Sat.,2015-10-31,3:05 ET,Notre Dame,2,@,Connecticut,1,,,he,True,False,False,False,20152016
Sat.,2015-10-31,7:07 CT,Miami,1,@,St. Cloud State,3,,,nt,True,False,False,False,20152016
Sat.,2015-10-31,7:37 MT,North Dakota,2,@,Colorado College,0,,,nt,True,False,False,False,20152016
Sat.,2015-10-31,7:00 ET,Omaha,1,@,Western Michigan,6,,,NT,True,False,False,False,20152016
Sat.,2015-10-31,4:05 ET,Mercyhurst,1,@,Ohio State,5,,,nc,True,False,False,False,20152016
Sat.,2015-10-31,3:05 ET,Robert Morris,4,@,Michigan,0,,,nc,True,False,False,False,20152016
Sat.,2015-10-31,7:00 CT,Arizona State,1,@,Wisconsin,2,,,nc,True,False,False,False,20152016
Sat.,2015-10-31,7:00 ET,Niagara,0,@,Cornell,4,,,nc,True,False,False,False,20152016
Sat.,2015-10-31,7:30 ET,Holy Cross,7,@,Brown,5,,,nc,True,False,False,False,20152016
Sat.,2015-10-31,7:00 ET,Providence,4,@,Colgate,3,,,nc,True,False,False,False,20152016
Sat.,2015-10-31,4:05 ET,Denver,4,@,Boston University,5,OT,,nc,True,False,False,True,20152016
Sat.,2015-10-31,7:07 CT,UMass Lowell,6,@,Minnesota Duluth,3,,,nc,True,False,False,False,20152016
Sat.,2015-10-31,7:07 ET,Bemidji State,1,@,Northern Michigan,3,,,wc,True,False,False,False,20152016
Sat.,2015-10-31,7:07 ET,Ferris State,3,@,Michigan Tech,2,,,wc,True,False,False,False,20152016
Sat.,2015-10-31,2:07 AT,Bowling Green,2,@,Alaska Anchorage,4,,,wc,True,False,False,False,20152016
Sat.,2015-10-31,7:07 CT,Alaska,1,@,Minnesota State,2,,,wc,True,False,False,False,20152016
Sat.,2015-10-31,7:07 ET,uah,5,@,Lake Superior,0,,,wc,True,False,False,False,20152016
Sun.,2015-11-01,11:15 AM ET,Army,2,vs,Bentley,6,,,ah,True,True,False,False,20152016
Sun.,2015-11-01,7:00 ET,Dartmouth,2,@,Harvard,5,,,ec,True,False,False,False,20152016
Sun.,2015-11-01,2:35 ET,Notre Dame,8,vs,Connecticut,2,,,he,True,True,False,False,20152016
Sun.,2015-11-01,2:07 AT,Bowling Green,2,@,Alaska Anchorage,0,,,wc,True,False,False,False,20152016
Tue.,2015-11-03,7:00 ET,Massachusetts,0,@,Boston College,7,,,he,True,False,False,False,20152016
Wed.,2015-11-04,7:05 ET,Merrimack,5,@,Bentley,1,,,nc,True,False,False,False,20152016
Wed.,2015-11-04,7:05 ET,Merrimack,5,@,Bentley,1,,,nc,True,False,False,False,20152016
Fri.,2015-11-06,7:05 ET,Air Force,5,@,Mercyhurst,4,OT,,ah,True,False,False,True,20152016
Fri.,2015-11-06,7:05 ET,RIT,4,@,Army,0,,,ah,True,False,False,False,20152016
Fri.,2015-11-06,7:05 ET,aic,3,@,Robert Morris,2,,,ah,True,False,False,False,20152016
Fri.,2015-11-06,7:05 ET,Sacred Heart,1,@,Holy Cross,5,,,ah,True,False,False,False,20152016
Fri.,2015-11-06,7:00 ET,Princeton,3,@,Cornell,4,,,ec,True,False,False,False,20152016
Fri.,2015-11-06,7:00 ET,Union,3,@,St. Lawrence,6,,,ec,True,False,False,False,20152016
Fri.,2015-11-06,7:00 ET,Yale,2,@,Harvard,2,OT,,ec,True,False,False,True,20152016
Fri.,2015-11-06,7:00 ET,RPI,2,@,Clarkson,2,OT,,ec,True,False,False,True,20152016
Fri.,2015-11-06,7:00 ET,Quinnipiac,3,@,Colgate,2,,,ec,True,False,False,False,20152016
Fri.,2015-11-06,7:05 ET,Brown,3,@,Dartmouth,7,,,ec,True,False,False,False,20152016
Fri.,2015-11-06,7:00 ET,Maine,0,@,Boston College,3,,,he,True,False,False,False,20152016
Fri.,2015-11-06,7:05 ET,Massachusetts,4,@,Connecticut,2,,,he,True,False,False,False,20152016
Fri.,2015-11-06,7:05 ET,UMass Lowell,5,@,Vermont,3,,,he,True,False,False,False,20152016
Fri.,2015-11-06,7:35 ET,Northeastern,4,@,Boston University,5,,,he,True,False,False,False,20152016
Fri.,2015-11-06,7:35 ET,Western Michigan,1,@,Miami,2,,,nt,True,False,False,False,20152016
Fri.,2015-11-06,7:07 CT,Minnesota Duluth,2,@,Omaha,4,,,nt,True,False,False,False,20152016
Fri.,2015-11-06,7:36 MT,Colorado College,3,@,Denver,5,,,nt,True,False,False,False,20152016
Fri.,2015-11-06,7:05 ET,Penn State,1,@,Niagara,1,OT,,nc,True,False,False,True,20152016
Fri.,2015-11-06,7:05 ET,New Hampshire,0,@,Michigan State,5,,,nc,True,False,False,False,20152016
Fri.,2015-11-06,7:35 ET,Minnesota,3,@,Notre Dame,4,,,nc,True,False,False,False,20152016
Fri.,2015-11-06,7:37 CT,Wisconsin,3,@,North Dakota,1,,,nc,True,False,False,False,20152016
Fri.,2015-11-06,7:07 CT,Michigan Tech,4,@,uah,2,,,wc,True,False,False,False,20152016
Fri.,2015-11-06,7:37 ET,Lake Superior,1,@,Bowling Green,1,OT,,wc,True,False,False,True,20152016
Fri.,2015-11-06,7:07 AT,Northern Michigan,2,@,Alaska,5,,,wc,True,False,False,False,20152016
Fri.,2015-11-06,7:07 ET,Minnesota State,4,@,Ferris State,7,,,wc,True,False,False,False,20152016
Sat.,2015-11-07,7:05 ET,Holy Cross,1,@,Sacred Heart,3,,,ah,True,False,False,False,20152016
Sat.,2015-11-07,7:05 ET,RIT,2,@,Army,2,OT,,ah,True,False,False,True,20152016
Sat.,2015-11-07,7:05 ET,aic,1,@,Robert Morris,7,,,ah,True,False,False,False,20152016
Sat.,2015-11-07,7:05 ET,Air Force,1,@,Mercyhurst,3,,,ah,True,False,False,False,20152016
Sat.,2015-11-07,7:00 ET,Princeton,1,@,Colgate,2,,,ec,True,False,False,False,20152016
Sat.,2015-11-07,7:00 ET,RPI,4,@,St. Lawrence,3,OT,,ec,True,False,False,True,20152016
Sat.,2015-11-07,7:00 ET,Brown,2,@,Harvard,5,,,ec,True,False,False,False,20152016
Sat.,2015-11-07,7:05 ET,Yale,4,@,Dartmouth,2,,,ec,True,False,False,False,20152016
Sat.,2015-11-07,7:00 ET,Quinnipiac,5,@,Cornell,4,OT,,ec,True,False,False,True,20152016
Sat.,2015-11-07,7:00 ET,Union,4,@,Clarkson,1,,,ec,True,False,False,False,20152016
Sat.,2015-11-07,7:00 ET,Connecticut,3,@,Massachusetts,5,,,he,True,False,False,False,20152016
Sat.,2015-11-07,7:00 ET,Boston University,4,@,Northeastern,1,,,he,True,False,False,False,20152016
Sat.,2015-11-07,7:05 ET,UMass Lowell,1,@,Vermont,0,,,he,True,False,False,False,20152016
Sat.,2015-11-07,7:07 CT,Minnesota Duluth,2,@,Omaha,4,,,nt,True,False,False,False,20152016
Sat.,2015-11-07,7:07 MT,Denver,3,@,Colorado College,1,,,nt,True,False,False,False,20152016
Sat.,2015-11-07,8:00 ET,Western Michigan,1,@,Miami,2,,,nt,True,False,False,False,20152016
Sat.,2015-11-07,6:05 ET,Merrimack,3,@,Canisius,2,,,nc,True,False,False,False,20152016
Sat.,2015-11-07,6:05 ET,Merrimack,3,@,Canisius,2,,,nc,True,False,False,False,20152016
Sat.,2015-11-07,7:05 ET,New Hampshire,4,@,Michigan State,7,,,nc,True,False,False,False,20152016
Sat.,2015-11-07,6:35 ET,Minnesota,4,@,Notre Dame,1,,,nc,True,False,False,False,20152016
Sat.,2015-11-07,7:07 CT,Wisconsin,1,@,North Dakota,3,,,nc,True,False,False,False,20152016
Sat.,2015-11-07,7:07 ET,Minnesota State,3,@,Ferris State,2,,,wc,True,False,False,False,20152016
Sat.,2015-11-07,7:07 CT,Michigan Tech,2,@,uah,1,,,wc,True,False,False,False,20152016
Sat.,2015-11-07,7:07 AT,Northern Michigan,5,@,Alaska,2,,,wc,True,False,False,False,20152016
Sat.,2015-11-07,7:07 ET,Lake Superior,1,@,Bowling Green,1,OT,,wc,True,False,False,True,20152016
Sun.,2015-11-08,1:00 ET,Maine,0,@,Boston College,2,,,he,True,False,False,False,20152016
Tue.,2015-11-10,7:05 ET,Sacred Heart,5,@,aic,2,,,ah,True,False,False,False,20152016
Tue.,2015-11-10,7:05 ET,Army,2,@,Connecticut,0,,,nc,True,False,False,False,20152016
Thu.,2015-11-12,7:05 MT,Holy Cross,3,@,Air Force,1,,,ah,True,False,False,False,20152016
Thu.,2015-11-12,7:35 ET,Northeastern,2,@,Notre Dame,3,,,he,True,False,False,False,20152016
Fri.,2015-11-13,7:05 ET,Bentley,3,@,RIT,2,OT,,ah,True,False,False,True,20152016
Fri.,2015-11-13,7:05 MT,Holy Cross,1,@,Air Force,5,,,ah,True,False,False,False,20152016
Fri.,2015-11-13,7:00 ET,Yale,2,@,RPI,3,OT,,ec,True,False,False,True,20152016
Fri.,2015-11-13,7:00 ET,Colgate,1,@,Cornell,5,,,ec,True,False,False,False,20152016
Fri.,2015-11-13,7:00 ET,Brown,3,@,Union,2,OT,,ec,True,False,False,True,20152016
Fri.,2015-11-13,7:00 ET,Clarkson,0,@,St. Lawrence,3,,,ec,True,False,False,False,20152016
Fri.,2015-11-13,7:00 ET,Harvard,1,@,Quinnipiac,4,,,ec,True,False,False,False,20152016
Fri.,2015-11-13,7:00 ET,Dartmouth,3,@,Princeton,2,,,ec,True,False,False,False,20152016
Fri.,2015-11-13,7:00 ET,Merrimack,4,@,Massachusetts,2,,,he,True,False,False,False,20152016
Fri.,2015-11-13,7:05 ET,Connecticut,1,@,Vermont,2,,,he,True,False,False,False,20152016
Fri.,2015-11-13,7:00 ET,Merrimack,4,@,Massachusetts,2,,,he,True,False,False,False,20152016
Fri.,2015-11-13,7:35 ET,Northeastern,2,@,Notre Dame,2,OT,,he,True,False,False,True,20152016
Fri.,2015-11-13,6:00 ET,Boston University,1,@,Providence,1,OT,,he,True,False,False,True,20152016
Fri.,2015-11-13,7:15 ET,Maine,1,@,UMass Lowell,2,,,he,True,False,False,False,20152016
Fri.,2015-11-13,7:00 ET,St. Cloud State,5,@,Western Michigan,2,,,nt,True,False,False,False,20152016
Fri.,2015-11-13,7:37 CT,Miami,2,@,North Dakota,6,,,nt,True,False,False,False,20152016
Fri.,2015-11-13,7:07 CT,Denver,3,@,Minnesota Duluth,0,,,nt,True,False,False,False,20152016
Fri.,2015-11-13,7:05 ET,Canisius,1,@,Ohio State,4,,,nc,True,False,False,False,20152016
Fri.,2015-11-13,7:07 ET,Sacred Heart,2,@,Penn State,8,,,nc,True,False,False,False,20152016
Fri.,2015-11-13,7:35 ET,Niagara,3,@,Michigan,7,,,nc,True,False,False,False,20152016
Fri.,2015-11-13,7:00 ET,Michigan State,4,@,Boston College,6,,,nc,True,False,False,False,20152016
Fri.,2015-11-13,7:07 CT,Minnesota,4,@,Minnesota State,0,,,nc,True,False,False,False,20152016
Fri.,2015-11-13,7:37 ET,Arizona State,3,@,Lake Superior,2,,,nc,True,False,False,False,20152016
Fri.,2015-11-13,7:07 AT,Ferris State,3,@,Alaska Anchorage,2,OT,,wc,True,False,False,True,20152016
Fri.,2015-11-13,7:37 CT,Alaska,4,@,Bemidji State,3,,,wc,True,False,False,False,20152016
Fri.,2015-11-13,7:07 ET,Bowling Green,0,@,Michigan Tech,2,,,wc,True,False,False,False,20152016
Sat.,2015-11-14,7:05 ET,Bentley,3,@,RIT,2,OT,,ah,True,False,False,True,20152016
Sat.,2015-11-14,7:00 ET,Harvard,3,@,Princeton,0,,,ec,True,False,False,False,20152016
Sat.,2015-11-14,7:00 ET,Dartmouth,2,@,Quinnipiac,6,,,ec,True,False,False,False,20152016
Sat.,2015-11-14,7:00 ET,Brown,3,@,RPI,3,OT,,ec,True,False,False,True,20152016
Sat.,2015-11-14,7:00 ET,Yale,2,@,Union,1,OT,,ec,True,False,False,True,20152016
Sat.,2015-11-14,7:00 ET,Cornell,3,@,Colgate,2,OT,,ec,True,False,False,True,20152016
Sat.,2015-11-14,7:00 ET,Niagara,2,@,US Under-18 Team,3,OT,,ex,True,False,True,True,20152016
Sat.,2015-11-14,7:00 ET,Niagara,2,@,USA Under-18 Team,3,,,EX,True,False,False,False,20152016
Sat.,2015-11-14,7:05 ET,New Hampshire,3,@,Merrimack,3,OT,,he,True,False,False,True,20152016
Sat.,2015-11-14,7:05 ET,New Hampshire,3,@,Merrimack,3,OT,,he,True,False,False,True,20152016
Sat.,2015-11-14,4:05 ET,Providence,3,@,Boston University,3,OT,,he,True,False,False,True,20152016
Sat.,2015-11-14,7:00 ET,St. Cloud State,11,@,Western Michigan,1,,,nt,True,False,False,False,20152016
Sat.,2015-11-14,7:07 CT,Miami,3,@,North Dakota,4,OT,,nt,True,False,False,True,20152016
Sat.,2015-11-14,7:07 CT,Denver,1,@,Minnesota Duluth,1,OT,,nt,True,False,False,True,20152016
Sat.,2015-11-14,4:05 ET,Canisius,4,@,Ohio State,6,,,nc,True,False,False,False,20152016
Sat.,2015-11-14,4:07 ET,Sacred Heart,2,@,Penn State,3,,,nc,True,False,False,False,20152016
Sat.,2015-11-14,7:05 CT,Minnesota State,3,@,Minnesota,2,OT,,nc,True,False,False,True,20152016
Sat.,2015-11-14,7:07 ET,Arizona State,3,@,Lake Superior,2,OT,,nc,True,False,False,True,20152016
Sat.,2015-11-14,7:07 ET,Bowling Green,3,@,Michigan Tech,2,,,wc,True,False,False,False,20152016
Sat.,2015-11-14,7:07 CT,Alaska,3,@,Bemidji State,6,,,wc,True,False,False,False,20152016
Sat.,2015-11-14,7:07 AT,Ferris State,0,@,Alaska Anchorage,5,,,wc,True,False,False,False,20152016
Sun.,2015-11-15,5:00 ET,UMass Lowell,6,@,Maine,0,,,he,True,False,False,False,20152016
Sun.,2015-11-15,2:00 ET,Massachusetts,3,@,Vermont,3,OT,,he,True,False,False,True,20152016
Tue.,2015-11-17,7:05 ET,Quinnipiac,6,@,Connecticut,2,,,nc,True,False,False,False,20152016
Fri.,2015-11-20,7:05 ET,Air Force,1,@,Sacred Heart,1,OT,,ah,True,False,False,True,20152016
Fri.,2015-11-20,7:05 ET,aic,4,@,Niagara,5,OT,,ah,True,False,False,True,20152016
Fri.,2015-11-20,7:35 ET,Mercyhurst,3,@,Canisius,4,,,ah,True,False,False,False,20152016
Fri.,2015-11-20,7:05 ET,Robert Morris,4,@,Army,4,OT,,ah,True,False,False,True,20152016
Fri.,2015-11-20,7:00 ET,Colgate,1,@,Brown,1,OT,,ec,True,False,False,True,20152016
Fri.,2015-11-20,7:00 ET,Cornell,0,@,Yale,0,OT,,ec,True,False,False,True,20152016
Fri.,2015-11-20,7:00 ET,St. Lawrence,5,@,Princeton,1,,,ec,True,False,False,False,20152016
Fri.,2015-11-20,7:00 ET,Clarkson,1,@,Quinnipiac,1,OT,,ec,True,False,False,True,20152016
Fri.,2015-11-20,7:00 ET,Massachusetts,2,@,New Hampshire,2,OT,,he,True,False,False,True,20152016
Fri.,2015-11-20,7:30 ET,Vermont,2,@,Maine,3,,,he,True,False,False,False,20152016
Fri.,2015-11-20,7:15 ET,Notre Dame,2,@,UMass Lowell,2,OT,,he,True,False,False,True,20152016
Fri.,2015-11-20,7:00 ET,Northeastern,2,@,Providence,5,,,he,True,False,False,False,20152016
Fri.,2015-11-20,7:37 MT,Minnesota Duluth,5,@,Colorado College,0,,,nt,True,False,False,False,20152016
Fri.,2015-11-20,7:35 ET,Omaha,3,@,Miami,3,OT,,nt,True,False,False,True,20152016
Fri.,2015-11-20,7:37 CT,North Dakota,4,@,St. Cloud State,3,,,nt,True,False,False,False,20152016
Fri.,2015-11-20,7:05 ET,RPI,3,@,Bentley,2,,,nc,True,False,False,False,20152016
Fri.,2015-11-20,7:30 CT,Denver,3,@,Wisconsin,3,OT,,nc,True,False,False,True,20152016
Fri.,2015-11-20,6:05 ET,Michigan,2,@,Boston University,3,,,nc,True,False,False,False,20152016
Fri.,2015-11-20,7:07 AT,Penn State,5,@,Alaska Anchorage,2,,,nc,True,False,False,False,20152016
Fri.,2015-11-20,7:07 ET,Minnesota State,1,@,Northern Michigan,1,OT,,wc,True,False,False,True,20152016
Fri.,2015-11-20,7:37 CT,Lake Superior,3,@,Bemidji State,2,,,wc,True,False,False,False,20152016
Fri.,2015-11-20,7:07 ET,uah,2,@,Bowling Green,3,OT,,wc,True,False,False,True,20152016
Fri.,2015-11-20,7:07 ET,Alaska,2,@,Ferris State,2,OT,,wc,True,False,False,True,20152016
Sat.,2015-11-21,7:35 ET,Mercyhurst,4,@,Canisius,1,,,ah,True,False,False,False,20152016
Sat.,2015-11-21,7:05 ET,Robert Morris,5,@,Army,2,,,ah,True,False,False,False,20152016
Sat.,2015-11-21,7:05 ET,aic,4,@,Niagara,2,,,ah,True,False,False,False,20152016
Sat.,2015-11-21,7:05 ET,Air Force,3,@,Sacred Heart,2,,,ah,True,False,False,False,20152016
Sat.,2015-11-21,7:00 ET,St. Lawrence,0,@,Quinnipiac,0,OT,,ec,True,False,False,True,20152016
Sat.,2015-11-21,7:00 ET,Cornell,1,@,Brown,0,,,ec,True,False,False,False,20152016
Sat.,2015-11-21,7:00 ET,Clarkson,0,@,Princeton,3,,,ec,True,False,False,False,20152016
Sat.,2015-11-21,7:00 ET,Colgate,1,@,Yale,3,,,ec,True,False,False,False,20152016
Sat.,2015-11-21,7:05 ET,Massachusetts,1,@,Merrimack,1,OT,,he,True,False,False,True,20152016
Sat.,2015-11-21,4:00 ET,Vermont,1,@,Maine,4,,,he,True,False,False,False,20152016
Sat.,2015-11-21,7:00 ET,Notre Dame,1,@,UMass Lowell,3,,,he,True,False,False,False,20152016
Sat.,2015-11-21,7:05 ET,Massachusetts,1,@,Merrimack,1,OT,,he,True,False,False,True,20152016
Sat.,2015-11-21,7:30 ET,Providence,3,@,Northeastern,0,,,he,True,False,False,False,20152016
Sat.,2015-11-21,7:00 ET,Boston College,6,@,New Hampshire,3,,,he,True,False,False,False,20152016
Sat.,2015-11-21,7:05 ET,Omaha,3,@,Miami,2,OT,,nt,True,False,False,True,20152016
Sat.,2015-11-21,7:07 CT,North Dakota,1,@,St. Cloud State,6,,,nt,True,False,False,False,20152016
Sat.,2015-11-21,7:07 MT,Minnesota Duluth,6,@,Colorado College,0,,,nt,True,False,False,False,20152016
Sat.,2015-11-21,8:07 CT,Denver,6,@,Wisconsin,2,,,nc,True,False,False,False,20152016
Sat.,2015-11-21,7:05 ET,Michigan Tech,5,@,Michigan State,4,OT,,nc,True,False,False,True,20152016
Sat.,2015-11-21,4:05 ET,Michigan,4,@,Boston University,2,,,nc,True,False,False,False,20152016
Sat.,2015-11-21,7:07 AT,Penn State,1,@,Alaska Anchorage,1,OT,,nc,True,False,False,True,20152016
Sat.,2015-11-21,7:07 CT,Lake Superior,1,@,Bemidji State,1,OT,,wc,True,False,False,True,20152016
Sat.,2015-11-21,7:07 ET,Minnesota State,2,@,Northern Michigan,2,OT,,wc,True,False,False,True,20152016
Sat.,2015-11-21,7:07 ET,Alaska,3,@,Ferris State,3,OT,,wc,True,False,False,True,20152016
Sat.,2015-11-21,7:07 ET,uah,3,@,Bowling Green,4,,,wc,True,False,False,False,20152016
Sun.,2015-11-22,4:05 ET,Michigan Tech,4,@,Michigan State,4,OT,,nc,True,False,False,True,20152016
Tue.,2015-11-24,7:05 ET,aic,0,@,Holy Cross,3,,,ah,True,False,False,False,20152016
Tue.,2015-11-24,7:05 ET,Boston College,5,@,Connecticut,1,,,he,True,False,False,False,20152016
Tue.,2015-11-24,7:00 ET,New Hampshire,3,@,RPI,4,,,nc,True,False,False,False,20152016
Tue.,2015-11-24,7:05 ET,Bentley,0,@,Boston University,3,,,nc,True,False,False,False,20152016
Wed.,2015-11-25,7:07 CT,Bemidji State,4,@,uah,1,,,wc,True,False,False,False,20152016
Fri.,2015-11-27,4:05 ET,Army,3,@,Canisius,1,,,ah,True,False,False,False,20152016
Fri.,2015-11-27,7:05 ET,Niagara,2,@,Holy Cross,5,,,ah,True,False,False,False,20152016
Fri.,2015-11-27,4:00 GT,Brown,5,vs,Colgate,0,,,ec,True,True,False,False,20152016
Fri.,2015-11-27,7:30 GT,UMass Lowell,3,vs,Northeastern,2,,,HE,True,True,False,False,20152016
Fri.,2015-11-27,7:05 MT,Colorado College,3,@,Air Force,4,,,nc,True,False,False,False,20152016
Fri.,2015-11-27,7:35 ET,Dartmouth,0,@,Michigan,7,,,nc,True,False,False,False,20152016
Fri.,2015-11-27,6:05 CT,St. Cloud State,3,@,Minnesota,2,,,nc,True,False,False,False,20152016
Fri.,2015-11-27,7:05 ET,North Dakota,3,@,Michigan State,1,,,nc,True,False,False,False,20152016
Fri.,2015-11-27,7:00 ET,Arizona State,2,@,Clarkson,3,,,nc,True,False,False,False,20152016
Fri.,2015-11-27,7:00 ET,Princeton,3,@,Maine,5,,,nc,True,False,False,False,20152016
Fri.,2015-11-27,7:00 ET,Quinnipiac,4,@,Massachusetts,1,,,nc,True,False,False,False,20152016
Fri.,2015-11-27,7:07 CT,Ohio State,1,@,Omaha,3,,,nc,True,False,False,False,20152016
Fri.,2015-11-27,7:35 ET,Harvard,4,@,Notre Dame,1,,,nc,True,False,False,False,20152016
Fri.,2015-11-27,4:05 ET,RPI,4,vs,Western Michigan,1,,,nc,True,True,False,False,20152016
Fri.,2015-11-27,7:37 ET,Ferris State,1,@,Lake Superior,0,,,wc,True,False,False,False,20152016
Fri.,2015-11-27,7:07 ET,Northern Michigan,1,@,Bowling Green,2,,,wc,True,False,False,False,20152016
Fri.,2015-11-27,7:07 CT,Bemidji State,4,@,uah,1,,,wc,True,False,False,False,20152016
Fri.,2015-11-27,7:07 AT,Michigan Tech,4,@,Alaska,1,,,wc,True,False,False,False,20152016
Fri.,2015-11-27,7:07 CT,Alaska Anchorage,0,@,Minnesota State,2,,,wc,True,False,False,False,20152016
Sat.,2015-11-28,7:05 ET,Sacred Heart,3,@,Robert Morris,6,,,ah,True,False,False,False,20152016
Sat.,2015-11-28,7:35 ET,Army,2,@,Canisius,2,OT,,ah,True,False,False,True,20152016
Sat.,2015-11-28,7:05 ET,Niagara,2,@,Holy Cross,3,OT,,ah,True,False,False,True,20152016
Sat.,2015-11-28,7:30 GT,Brown,5,vs,UMass Lowell,5,OT,,nc,True,True,False,True,20152016
Sat.,2015-11-28,4:00 GT,Colgate,1,vs,Northeastern,7,,,nc,True,True,False,False,20152016
Sat.,2015-11-28,7:35 ET,Dartmouth,1,@,Michigan,1,OT,,nc,True,False,False,True,20152016
Sat.,2015-11-28,4:05 ET,Union,4,@,Merrimack,0,,,nc,True,False,False,False,20152016
Sat.,2015-11-28,7:00 ET,Arizona State,1,@,Clarkson,4,,,nc,True,False,False,False,20152016
Sat.,2015-11-28,4:00 ET,Massachusetts,0,@,Quinnipiac,1,,,nc,True,False,False,False,20152016
Sat.,2015-11-28,4:00 ET,RIT,2,@,Boston College,6,,,nc,True,False,False,False,20152016
Sat.,2015-11-28,7:00 ET,Bentley,4,@,New Hampshire,5,,,nc,True,False,False,False,20152016
Sat.,2015-11-28,7:00 ET,Princeton,2,@,Maine,3,OT,,nc,True,False,False,True,20152016
Sat.,2015-11-28,8:00 ET,Cornell,3,vs,Boston University,3,OT,,nc,True,True,False,True,20152016
Sat.,2015-11-28,7:00 ET,Yale,3,@,Providence,4,,,nc,True,False,False,False,20152016
Sat.,2015-11-28,4:05 ET,Union,4,@,Merrimack,0,,,nc,True,False,False,False,20152016
Sat.,2015-11-28,7:07 MT,Air Force,3,@,Colorado College,4,,,nc,True,False,False,False,20152016
Sat.,2015-11-28,7:07 CT,Ohio State,4,@,Omaha,6,,,nc,True,False,False,False,20152016
Sat.,2015-11-28,4:05 ET,Harvard,4,vs,RPI,0,,,nc,True,True,False,False,20152016
Sat.,2015-11-28,7:35 ET,Western Michigan,1,@,Notre Dame,3,,,nc,True,False,False,False,20152016
Sat.,2015-11-28,7:07 AT,Michigan Tech,3,@,Alaska,1,,,wc,True,False,False,False,20152016
Sat.,2015-11-28,7:07 CT,Alaska Anchorage,2,@,Minnesota State,6,,,wc,True,False,False,False,20152016
Sat.,2015-11-28,7:07 ET,Ferris State,2,@,Lake Superior,3,,,wc,True,False,False,False,20152016
Sat.,2015-11-28,7:07 ET,Northern Michigan,3,@,Bowling Green,4,OT,,wc,True,False,False,True,20152016
Sun.,2015-11-29,5:05 ET,Sacred Heart,4,@,Robert Morris,5,,,ah,True,False,False,False,20152016
Sun.,2015-11-29,3:05 ET,North Dakota,4,@,Michigan State,1,,,nc,True,False,False,False,20152016
Sun.,2015-11-29,6:05 CT,St. Cloud State,7,@,Minnesota,4,,,nc,True,False,False,False,20152016
Sun.,2015-11-29,1:00 ET,Penn State,4,vs,Vermont,0,,,nc,True,True,False,False,20152016
Tue.,2015-12-01,7:05 ET,aic,0,@,Bentley,1,,,ah,True,False,False,False,20152016
Fri.,2015-12-04,7:05 ET,Mercyhurst,4,@,Holy Cross,5,,,ah,True,False,False,False,20152016
Fri.,2015-12-04,7:05 ET,Robert Morris,4,@,RIT,0,,,ah,True,False,False,False,20152016
Fri.,2015-12-04,7:05 ET,Bentley,4,@,Niagara,6,,,ah,True,False,False,False,20152016
Fri.,2015-12-04,7:05 MT,Canisius,2,@,Air Force,3,,,ah,True,False,False,False,20152016
Fri.,2015-12-04,7:05 ET,Army,4,@,Sacred Heart,3,,,ah,True,False,False,False,20152016
Fri.,2015-12-04,7:35 ET,Wisconsin,4,@,Michigan,6,,,b10,True,False,False,False,20152016
Fri.,2015-12-04,7:05 CT,Ohio State,2,@,Minnesota,3,OT,,b10,True,False,False,True,20152016
Fri.,2015-12-04,7:07 ET,Michigan State,2,@,Penn State,4,,,B10,True,False,False,False,20152016
Fri.,2015-12-04,7:00 ET,Princeton,4,@,Brown,2,,,ec,True,False,False,False,20152016
Fri.,2015-12-04,7:30 ET,Harvard,4,@,Union,4,OT,,ec,True,False,False,True,20152016
Fri.,2015-12-04,7:00 ET,Clarkson,1,@,Colgate,2,,,ec,True,False,False,False,20152016
Fri.,2015-12-04,6:30 ET,Quinnipiac,3,@,Yale,0,,,ec,True,False,False,False,20152016
Fri.,2015-12-04,7:00 ET,St. Lawrence,1,@,Cornell,2,,,ec,True,False,False,False,20152016
Fri.,2015-12-04,7:00 ET,Dartmouth,2,@,RPI,1,,,ec,True,False,False,False,20152016
Fri.,2015-12-04,7:30 MT,Alberta,4,@,Arizona State,4,OT,,ex,True,False,True,True,20152016
Fri.,2015-12-04,7:05 ET,Providence,2,@,Merrimack,1,,,he,True,False,False,False,20152016
Fri.,2015-12-04,7:35 ET,Vermont,4,@,Boston University,2,,,he,True,False,False,False,20152016
Fri.,2015-12-04,7:05 ET,Providence,2,@,Merrimack,1,,,he,True,False,False,False,20152016
Fri.,2015-12-04,7:35 ET,Massachusetts,1,@,Notre Dame,3,,,he,True,False,False,False,20152016
Fri.,2015-12-04,7:30 ET,New Hampshire,3,@,Maine,3,OT,,he,True,False,False,True,20152016
Fri.,2015-12-04,7:37 CT,Omaha,1,@,St. Cloud State,4,,,nt,True,False,False,False,20152016
Fri.,2015-12-04,7:07 MT,Miami,1,@,Colorado College,2,,,nt,True,False,False,False,20152016
Fri.,2015-12-04,7:37 CT,Denver,1,@,North Dakota,5,,,nt,True,False,False,False,20152016
Fri.,2015-12-04,7:07 CT,Western Michigan,0,@,Minnesota Duluth,7,,,nt,True,False,False,False,20152016
Fri.,2015-12-04,7:07 ET,Minnesota State,2,@,Bowling Green,2,OT,,wc,True,False,False,True,20152016
Fri.,2015-12-04,7:07 ET,Alaska Anchorage,3,@,Michigan Tech,2,,,wc,True,False,False,False,20152016
Fri.,2015-12-04,7:07 ET,Bemidji State,2,@,Ferris State,0,,,wc,True,False,False,False,20152016
Fri.,2015-12-04,7:07 AT,Lake Superior,4,@,Alaska,2,,,wc,True,False,False,False,20152016
Fri.,2015-12-04,7:07 CT,Northern Michigan,4,@,uah,3,,,wc,True,False,False,False,20152016
Sat.,2015-12-05,7:05 ET,Sacred Heart,2,@,Army,5,,,ah,True,False,False,False,20152016
Sat.,2015-12-05,7:05 ET,Bentley,3,@,Niagara,1,,,ah,True,False,False,False,20152016
Sat.,2015-12-05,7:05 ET,Robert Morris,3,@,RIT,6,,,ah,True,False,False,False,20152016
Sat.,2015-12-05,7:05 ET,Mercyhurst,3,@,Holy Cross,7,,,ah,True,False,False,False,20152016
Sat.,2015-12-05,7:05 MT,Canisius,4,@,Air Force,2,,,ah,True,False,False,False,20152016
Sat.,2015-12-05,3:07 ET,Michigan State,1,@,Penn State,6,,,B10,True,False,False,False,20152016
Sat.,2015-12-05,7:05 CT,Ohio State,4,@,Minnesota,5,OT,,b10,True,False,False,True,20152016
Sat.,2015-12-05,7:35 ET,Wisconsin,6,@,Michigan,6,OT,,b10,True,False,False,True,20152016
Sat.,2015-12-05,7:00 ET,Clarkson,2,@,Cornell,5,,,ec,True,False,False,False,20152016
Sat.,2015-12-05,7:00 ET,Princeton,4,@,Yale,2,,,ec,True,False,False,False,20152016
Sat.,2015-12-05,7:00 ET,Harvard,0,@,RPI,0,OT,,ec,True,False,False,True,20152016
Sat.,2015-12-05,7:00 ET,St. Lawrence,6,@,Colgate,3,,,ec,True,False,False,False,20152016
Sat.,2015-12-05,7:30 ET,Dartmouth,0,@,Union,3,,,ec,True,False,False,False,20152016
Sat.,2015-12-05,4:00 ET,Quinnipiac,3,@,Brown,0,,,ec,True,False,False,False,20152016
Sat.,2015-12-05,7:30 MT,Alberta,2,@,Arizona State,2,OT,,ex,True,False,True,True,20152016
Sat.,2015-12-05,7:00 ET,Merrimack,0,@,Providence,4,,,he,True,False,False,False,20152016
Sat.,2015-12-05,3:05 ET,UMass Lowell,3,@,Connecticut,4,,,he,True,False,False,False,20152016
Sat.,2015-12-05,7:00 ET,Northeastern,3,@,Boston College,3,OT,,he,True,False,False,True,20152016
Sat.,2015-12-05,4:05 ET,Vermont,3,@,Boston University,5,,,he,True,False,False,False,20152016
Sat.,2015-12-05,7:00 ET,Merrimack,0,@,Providence,4,,,he,True,False,False,False,20152016
Sat.,2015-12-05,6:05 ET,Massachusetts,1,@,Notre Dame,5,,,he,True,False,False,False,20152016
Sat.,2015-12-05,7:00 ET,Maine,2,@,New Hampshire,5,,,he,True,False,False,False,20152016
Sat.,2015-12-05,7:07 CT,Western Michigan,2,@,Minnesota Duluth,6,,,nt,True,False,False,False,20152016
Sat.,2015-12-05,7:07 CT,Denver,0,@,North Dakota,4,,,nt,True,False,False,False,20152016
Sat.,2015-12-05,6:07 MT,Miami,2,@,Colorado College,3,,,nt,True,False,False,False,20152016
Sat.,2015-12-05,7:07 CT,Omaha,7,@,St. Cloud State,2,,,nt,True,False,False,False,20152016
Sat.,2015-12-05,7:07 ET,Alaska Anchorage,3,@,Michigan Tech,2,,,wc,True,False,False,False,20152016
Sat.,2015-12-05,7:07 ET,Minnesota State,2,@,Bowling Green,2,OT,,wc,True,False,False,True,20152016
Sat.,2015-12-05,7:07 ET,Bemidji State,1,@,Ferris State,2,,,wc,True,False,False,False,20152016
Sat.,2015-12-05,7:07 AT,Lake Superior,2,@,Alaska,0,,,wc,True,False,False,False,20152016
Sat.,2015-12-05,7:07 CT,Northern Michigan,1,@,uah,1,OT,,wc,True,False,False,True,20152016
Sun.,2015-12-06,1:00 ET,Connecticut,2,@,UMass Lowell,1,,,he,True,False,False,False,20152016
Sun.,2015-12-06,4:00 ET,Boston College,4,@,Northeastern,3,,,he,True,False,False,False,20152016
Thu.,2015-12-10,7:00 ET,Notre Dame,4,@,Boston College,3,,,he,True,False,False,False,20152016
Thu.,2015-12-10,7:00 ET,Brown,1,@,Providence,4,,,nc,True,False,False,False,20152016
Fri.,2015-12-11,7:05 ET,Army,3,@,aic,4,OT,,ah,True,False,False,True,20152016
Fri.,2015-12-11,7:05 ET,Niagara,2,@,RIT,0,,,ah,True,False,False,False,20152016
Fri.,2015-12-11,7:05 ET,Holy Cross,1,@,Bentley,1,OT,,ah,True,False,False,True,20152016
Fri.,2015-12-11,7:05 ET,Minnesota,3,@,Michigan,8,,,b10,True,False,False,False,20152016
Fri.,2015-12-11,7:05 ET,Wisconsin,3,@,Michigan State,4,,,b10,True,False,False,False,20152016
Fri.,2015-12-11,7:05 ET,Merrimack,3,@,Connecticut,3,OT,,he,True,False,False,True,20152016
Fri.,2015-12-11,7:05 ET,Merrimack,3,@,Connecticut,3,OT,,he,True,False,False,True,20152016
Fri.,2015-12-11,7:00 ET,Colorado College,3,@,Western Michigan,7,,,nt,True,False,False,False,20152016
Fri.,2015-12-11,7:07 CT,North Dakota,3,@,Minnesota Duluth,0,,,nt,True,False,False,False,20152016
Fri.,2015-12-11,7:36 MT,St. Cloud State,5,@,Denver,2,,,nt,True,False,False,False,20152016
Fri.,2015-12-11,7:07 ET,Princeton,3,@,Penn State,6,,,nc,True,False,False,False,20152016
Fri.,2015-12-11,7:00 ET,Arizona State,1,@,RPI,5,,,nc,True,False,False,False,20152016
Fri.,2015-12-11,7:00 ET,Boston University,2,@,Yale,3,,,nc,True,False,False,False,20152016
Fri.,2015-12-11,7:30 ET,Dartmouth,3,@,New Hampshire,6,,,nc,True,False,False,False,20152016
Fri.,2015-12-11,7:05 ET,St. Lawrence,0,@,Vermont,4,,,nc,True,False,False,False,20152016
Fri.,2015-12-11,7:00 ET,Union,4,@,Massachusetts,3,OT,,nc,True,False,False,True,20152016
Fri.,2015-12-11,7:07 CT,uah,1,@,Minnesota State,2,,,wc,True,False,False,False,20152016
Fri.,2015-12-11,7:07 AT,Alaska,2,@,Alaska Anchorage,1,,,wc,True,False,False,False,20152016
Fri.,2015-12-11,7:07 ET,Ferris State,4,@,Northern Michigan,2,,,wc,True,False,False,False,20152016
Fri.,2015-12-11,7:37 ET,Michigan Tech,1,@,Lake Superior,1,OT,,wc,True,False,False,True,20152016
Fri.,2015-12-11,7:37 CT,Bowling Green,4,@,Bemidji State,1,,,wc,True,False,False,False,20152016
Sat.,2015-12-12,4:05 ET,Army,2,@,aic,3,OT,,ah,True,False,False,True,20152016
Sat.,2015-12-12,7:05 ET,Canisius,0,@,Robert Morris,6,,,ah,True,False,False,False,20152016
Sat.,2015-12-12,7:05 ET,RIT,4,@,Niagara,2,,,ah,True,False,False,False,20152016
Sat.,2015-12-12,7:05 ET,Holy Cross,2,@,Bentley,1,OT,,ah,True,False,False,True,20152016
Sat.,2015-12-12,2:35 ET,Wisconsin,3,@,Michigan State,0,,,b10,True,False,False,False,20152016
Sat.,2015-12-12,8:35 ET,Minnesota,3,@,Michigan,2,,,b10,True,False,False,False,20152016
Sat.,2015-12-12,7:00 ET,US Under-18 Team,4,@,Princeton,1,,,ex,True,False,True,False,20152016
Sat.,2015-12-12,7:00 ET,USA Under-18 Team,4,@,Princeton,1,,,EX,True,False,False,False,20152016
Sat.,2015-12-12,7:07 ET,Colorado College,3,@,Western Michigan,5,,,nt,True,False,False,False,20152016
Sat.,2015-12-12,7:06 MT,St. Cloud State,6,@,Denver,2,,,nt,True,False,False,False,20152016
Sat.,2015-12-12,7:07 CT,North Dakota,3,@,Minnesota Duluth,0,,,nt,True,False,False,False,20152016
Sat.,2015-12-12,7:00 ET,Arizona State,1,@,RPI,4,,,nc,True,False,False,False,20152016
Sat.,2015-12-12,7:00 ET,Boston University,4,@,Quinnipiac,1,,,nc,True,False,False,False,20152016
Sat.,2015-12-12,7:00 ET,Vermont,1,@,St. Lawrence,4,,,nc,True,False,False,False,20152016
Sat.,2015-12-12,7:07 CT,uah,1,@,Minnesota State,4,,,wc,True,False,False,False,20152016
Sat.,2015-12-12,7:07 CT,Bowling Green,2,@,Bemidji State,0,,,wc,True,False,False,False,20152016
Sat.,2015-12-12,7:07 ET,Michigan Tech,6,@,Lake Superior,2,,,wc,True,False,False,False,20152016
Sat.,2015-12-12,7:07 ET,Ferris State,2,@,Northern Michigan,3,OT,,wc,True,False,False,True,20152016
Sat.,2015-12-12,7:07 AT,Alaska,1,@,Alaska Anchorage,1,OT,,wc,True,False,False,True,20152016
Sun.,2015-12-13,7:35 ET,Robert Morris,2,@,Canisius,6,,,ah,True,False,False,False,20152016
Fri.,2015-12-18,7:00 ET,USA Junior Team,4,@,Massachusetts,0,,,ex,True,False,True,False,20152016
Fri.,2015-12-18,7:07 CT,Colorado College,5,@,uah,2,,,nc,True,False,False,False,20152016
Sat.,2015-12-19,7:10 ET,Michigan State,1,@,Northeastern,2,,,nc,True,False,False,False,20152016
Sat.,2015-12-19,7:07 CT,Arizona State,1,@,Omaha,3,,,nc,True,False,False,False,20152016
Sat.,2015-12-19,7:07 CT,Colorado College,1,@,uah,2,,,nc,True,False,False,False,20152016
Sun.,2015-12-20,4:05 ET,Canisius,1,@,Merrimack,4,,,nc,True,False,False,False,20152016
Sun.,2015-12-20,4:00 ET,Vermont,2,@,Union,3,OT,,nc,True,False,False,True,20152016
Sun.,2015-12-20,4:05 ET,Canisius,1,@,Merrimack,4,,,nc,True,False,False,False,20152016
Sun.,2015-12-20,2:07 CT,Arizona State,0,@,Omaha,6,,,nc,True,False,False,False,20152016
Mon.,2015-12-28,4:05 ET,Providence,1,vs,Cornell,2,OT,,nc,True,True,False,True,20152016
Mon.,2015-12-28,7:35 ET,Ohio State,3,vs,Boston College,2,,,nc,True,True,False,False,20152016
Mon.,2015-12-28,7:30 ET,Robert Morris,6,vs,Penn State,4,,,nc,True,True,False,False,20152016
Mon.,2015-12-28,4:30 ET,UMass Lowell,3,vs,Clarkson,0,,,nc,True,True,False,False,20152016
Tue.,2015-12-29,4:00 ET,Colgate,5,vs,Brown,7,,,nc,True,True,False,False,20152016
Tue.,2015-12-29,7:05 ET,Lake Superior,0,@,Vermont,1,,,nc,True,False,False,False,20152016
Tue.,2015-12-29,7:00 ET,Quinnipiac,6,@,Princeton,0,,,ec,True,False,False,False,20152016
Tue.,2015-12-29,7:00 ET,McGill,1,@,Yale,4,,,ex,True,False,True,False,20152016
Tue.,2015-12-29,7:35 ET,Ohio State,8,vs,Cornell,0,,,nc,True,True,False,False,20152016
Tue.,2015-12-29,4:05 ET,Boston College,1,vs,Providence,2,,,nc,True,True,False,False,20152016
Tue.,2015-12-29,7:00 ET,Northern Michigan,2,vs,Michigan,3,,,nc,True,True,False,False,20152016
Tue.,2015-12-29,3:30 ET,Michigan State,2,vs,Michigan Tech,3,OT,,nc,True,True,False,True,20152016
Tue.,2015-12-29,7:05 ET,Merrimack,2,@,Army,3,,,nc,True,False,False,False,20152016
Tue.,2015-12-29,7:05 ET,Merrimack,2,@,Army,3,,,nc,True,False,False,False,20152016
Tue.,2015-12-29,7:00 ET,New Hampshire,5,@,Maine,4,,,nc,True,False,False,False,20152016
Tue.,2015-12-29,4:30 ET,Clarkson,1,vs,Penn State,5,,,nc,True,True,False,False,20152016
Tue.,2015-12-29,7:30 ET,Robert Morris,5,vs,UMass Lowell,3,,,nc,True,True,False,False,20152016
Wed.,2015-12-30,4:00 ET,Lake Superior,3,vs,Brown,0,,,nc,True,True,False,False,20152016
Wed.,2015-12-30,7:05 ET,Colgate,1,@,Vermont,4,,,nc,True,False,False,False,20152016
Wed.,2015-12-30,7:00 ET,Princeton,3,@,Quinnipiac,4,,,ec,True,False,False,False,20152016
Wed.,2015-12-30,4:05 ET,McGill,2,@,Holy Cross,5,,,ex,True,False,True,False,20152016
Wed.,2015-12-30,3:30 ET,Northern Michigan,2,vs,Michigan State,1,OT,,nc,True,True,False,True,20152016
Wed.,2015-12-30,7:00 ET,Michigan,4,vs,Michigan Tech,2,,,nc,True,True,False,False,20152016
Wed.,2015-12-30,7:30 ET,Maine,0,@,New Hampshire,7,,,nc,True,False,False,False,20152016
Wed.,2015-12-30,5:07 ET,Western Michigan,1,@,Bowling Green,0,,,nc,True,False,False,False,20152016
Fri.,2016-01-01,2:00 CT,Trinity Western,0,@,Wisconsin,1,,,ex,True,False,True,False,20152016
Fri.,2016-01-01,7:05 CT,Connecticut,2,@,Minnesota,3,,,nc,True,False,False,False,20152016
Fri.,2016-01-01,4:05 CT,Ferris State,3,vs,Harvard,7,,,nc,True,True,False,False,20152016
Fri.,2016-01-01,7:37 CT,Arizona State,1,@,St. Cloud State,6,,,nc,True,False,False,False,20152016
Fri.,2016-01-01,7:36 MT,Notre Dame,1,@,Denver,1,OT,,nc,True,False,False,True,20152016
Fri.,2016-01-01,7:37 CT,uah,0,@,North Dakota,1,,,nc,True,False,False,False,20152016
Sat.,2016-01-02,7:05 MT,Bentley,2,@,Air Force,3,,,ah,True,False,False,False,20152016
Sat.,2016-01-02,7:05 ET,Canisius,1,@,aic,3,,,ah,True,False,False,False,20152016
Sat.,2016-01-02,4:05 ET,Mercyhurst,2,@,RIT,4,,,ah,True,False,False,False,20152016
Sat.,2016-01-02,7:05 ET,Niagara,0,@,Sacred Heart,5,,,ah,True,False,False,False,20152016
Sat.,2016-01-02,7:00 CT,US Under-18 Team,3,@,Minnesota Duluth,4,OT,,ex,True,False,True,True,20152016
Sat.,2016-01-02,7:07 CT,Trinity Western,0,@,Omaha,6,,,ex,True,False,True,False,20152016
Sat.,2016-01-02,7:07 CT,USA Under-18 Team,3,@,Minnesota Duluth,4,,,EX,True,False,False,False,20152016
Sat.,2016-01-02,7:05 ET,Robert Morris,1,@,Dartmouth,5,,,nc,True,False,False,False,20152016
Sat.,2016-01-02,4:05 ET,Merrimack,2,vs,Union,3,,,nc,True,True,False,False,20152016
Sat.,2016-01-02,4:05 ET,Merrimack,2,vs,Union,3,,,nc,True,True,False,False,20152016
Sat.,2016-01-02,7:05 CT,Harvard,4,@,Minnesota,3,OT,,nc,True,False,False,True,20152016
Sat.,2016-01-02,4:05 CT,Connecticut,2,vs,Ferris State,5,,,nc,True,True,False,False,20152016
Sat.,2016-01-02,7:05 ET,Princeton,3,@,Holy Cross,4,,,nc,True,False,False,False,20152016
Sat.,2016-01-02,7:05 ET,Massachusetts,2,@,Army,1,OT,,nc,True,False,False,True,20152016
Sat.,2016-01-02,7:00 ET,Quinnipiac,3,@,Northeastern,3,OT,,nc,True,False,False,True,20152016
Sat.,2016-01-02,7:05 ET,New Hampshire,2,@,Vermont,3,OT,,nc,True,False,False,True,20152016
Sat.,2016-01-02,7:07 CT,Arizona State,0,@,St. Cloud State,7,,,nc,True,False,False,False,20152016
Sat.,2016-01-02,7:05 ET,RPI,3,@,Miami,2,,,nc,True,False,False,False,20152016
Sat.,2016-01-02,7:06 MT,Notre Dame,2,@,Denver,2,OT,,nc,True,False,False,True,20152016
Sat.,2016-01-02,7:07 CT,uah,1,@,North Dakota,4,,,nc,True,False,False,False,20152016
Sat.,2016-01-02,7:07 ET,Clarkson,3,@,Bowling Green,6,,,nc,True,False,False,False,20152016
Sat.,2016-01-02,7:07 AT,Bemidji State,6,@,Alaska,5,OT,,wc,True,False,False,True,20152016
Sun.,2016-01-03,3:05 ET,Canisius,1,@,aic,1,OT,,ah,True,False,False,True,20152016
Sun.,2016-01-03,5:05 MT,Bentley,5,@,Air Force,3,,,ah,True,False,False,False,20152016
Sun.,2016-01-03,7:05 ET,RIT,7,@,Mercyhurst,3,,,ah,True,False,False,False,20152016
Sun.,2016-01-03,7:05 ET,Niagara,1,@,Sacred Heart,2,OT,,ah,True,False,False,True,20152016
Sun.,2016-01-03,7:00 CT,US Under-18 Team,7,@,St. Cloud State,6,OT,,ex,True,False,True,True,20152016
Sun.,2016-01-03,4:07 CT,USA Under-18 Team,7,@,St. Cloud State,6,,,EX,True,False,False,False,20152016
Sun.,2016-01-03,4:05 ET,Robert Morris,4,vs,Union,5,,,nc,True,True,False,False,20152016
Sun.,2016-01-03,7:05 ET,Merrimack,0,@,Dartmouth,3,,,nc,True,False,False,False,20152016
Sun.,2016-01-03,7:05 ET,Merrimack,0,@,Dartmouth,3,,,nc,True,False,False,False,20152016
Sun.,2016-01-03,4:00 ET,Providence,3,@,Brown,4,OT,,nc,True,False,False,True,20152016
Sun.,2016-01-03,5:00 ET,RPI,2,@,Miami,4,,,nc,True,False,False,False,20152016
Sun.,2016-01-03,5:07 ET,Clarkson,3,@,Bowling Green,2,,,nc,True,False,False,False,20152016
Sun.,2016-01-03,5:07 AT,Bemidji State,1,@,Alaska,1,OT,,wc,True,False,False,True,20152016
Tue.,2016-01-05,7:05 ET,Holy Cross,2,@,aic,0,,,ah,True,False,False,False,20152016
Tue.,2016-01-05,8:00 MT,Connecticut,5,@,Arizona State,2,,,nc,True,False,False,False,20152016
Tue.,2016-01-05,7:00 ET,Yale,3,@,Massachusetts,2,OT,,nc,True,False,False,True,20152016
Thu.,2016-01-07,7:00 ET,RPI,3,@,Princeton,3,OT,,ec,True,False,False,True,20152016
Thu.,2016-01-07,7:00 ET,Union,0,@,Quinnipiac,5,,,ec,True,False,False,False,20152016
Thu.,2016-01-07,7:00 ET,Boston University,6,@,Harvard,5,,,nc,True,False,False,False,20152016
Fri.,2016-01-08,7:05 ET,Niagara,2,@,Mercyhurst,3,,,ah,True,False,False,False,20152016
Fri.,2016-01-08,7:05 ET,Sacred Heart,1,@,Army,1,OT,,ah,True,False,False,True,20152016
Fri.,2016-01-08,7:05 MT,aic,2,@,Air Force,8,,,ah,True,False,False,False,20152016
Fri.,2016-01-08,7:05 ET,Bentley,1,@,Robert Morris,5,,,ah,True,False,False,False,20152016
Fri.,2016-01-08,7:05 ET,Canisius,6,@,RIT,3,,,ah,True,False,False,False,20152016
Fri.,2016-01-08,6:30 ET,Michigan,9,@,Michigan State,2,,,b10,True,False,False,False,20152016
Fri.,2016-01-08,7:00 CT,Ohio State,2,@,Wisconsin,0,,,b10,True,False,False,False,20152016
Fri.,2016-01-08,6:37 ET,Minnesota,2,@,Penn State,3,OT,,b10,True,False,False,True,20152016
Fri.,2016-01-08,8:00 MT,Yale,4,@,Arizona State,0,,,nc,True,False,False,False,20152016
Fri.,2016-01-08,5:00 MT,Connecticut,2,vs,Michigan Tech,4,,,nc,True,True,False,False,20152016
Fri.,2016-01-08,7:00 ET,Union,4,@,Princeton,4,OT,,ec,True,False,False,True,20152016
Fri.,2016-01-08,7:00 ET,UMass Lowell,1,@,New Hampshire,0,,,he,True,False,False,False,20152016
Fri.,2016-01-08,7:00 ET,Providence,3,@,Boston College,7,,,he,True,False,False,False,20152016
Fri.,2016-01-08,7:07 CT,Denver,3,@,Omaha,0,,,nt,True,False,False,False,20152016
Fri.,2016-01-08,7:37 CT,Colorado College,1,@,St. Cloud State,2,,,nt,True,False,False,False,20152016
Fri.,2016-01-08,7:35 ET,Minnesota Duluth,1,@,Miami,1,OT,,nt,True,False,False,True,20152016
Fri.,2016-01-08,7:00 ET,Merrimack,0,@,Cornell,3,,,nc,True,False,False,False,20152016
Fri.,2016-01-08,7:00 ET,Merrimack,0,@,Cornell,3,,,nc,True,False,False,False,20152016
Fri.,2016-01-08,7:00 ET,Northeastern,3,@,St. Lawrence,0,,,nc,True,False,False,False,20152016
Fri.,2016-01-08,7:05 ET,Dartmouth,0,@,Vermont,1,,,nc,True,False,False,False,20152016
Fri.,2016-01-08,7:00 ET,Colgate,1,@,Maine,3,,,nc,True,False,False,False,20152016
Fri.,2016-01-08,7:35 ET,Western Michigan,1,@,Notre Dame,7,,,nc,True,False,False,False,20152016
Fri.,2016-01-08,7:07 AT,Bemidji State,6,@,Alaska Anchorage,3,,,wc,True,False,False,False,20152016
Fri.,2016-01-08,7:37 ET,Bowling Green,3,@,Lake Superior,1,,,wc,True,False,False,False,20152016
Fri.,2016-01-08,7:07 CT,Northern Michigan,3,@,Minnesota State,1,,,wc,True,False,False,False,20152016
Fri.,2016-01-08,7:07 CT,Alaska,6,@,uah,3,,,wc,True,False,False,False,20152016
Sat.,2016-01-09,7:05 ET,Bentley,0,@,Robert Morris,5,,,ah,True,False,False,False,20152016
Sat.,2016-01-09,7:05 ET,Canisius,3,@,RIT,4,,,ah,True,False,False,False,20152016
Sat.,2016-01-09,7:05 ET,Mercyhurst,3,@,Niagara,2,,,ah,True,False,False,False,20152016
Sat.,2016-01-09,7:05 ET,Army,1,@,Sacred Heart,4,,,ah,True,False,False,False,20152016
Sat.,2016-01-09,5:05 MT,aic,1,@,Air Force,5,,,ah,True,False,False,False,20152016
Sat.,2016-01-09,7:00 CT,Ohio State,4,@,Wisconsin,4,OT,,b10,True,False,False,True,20152016
Sat.,2016-01-09,3:07 ET,Minnesota,7,@,Penn State,1,,,b10,True,False,False,False,20152016
Sat.,2016-01-09,7:05 ET,Michigan State,3,@,Michigan,6,,,b10,True,False,False,False,20152016
Sat.,2016-01-09,7:30 ET,Quinnipiac,5,vs,Harvard,4,OT,,ec,True,True,False,True,20152016
Sat.,2016-01-09,7:00 CT,US Under-18 Team,1,@,North Dakota,4,,,ex,True,False,True,False,20152016
Sat.,2016-01-09,7:07 CT,USA Under-18 Team,1,@,North Dakota,4,,,EX,True,False,False,False,20152016
Sat.,2016-01-09,7:00 ET,Boston College,4,@,Providence,4,OT,,he,True,False,False,True,20152016
Sat.,2016-01-09,7:05 ET,Massachusetts,2,@,Boston University,7,,,he,True,False,False,False,20152016
Sat.,2016-01-09,7:07 CT,Denver,4,@,Omaha,3,,,nt,True,False,False,False,20152016
Sat.,2016-01-09,7:05 ET,Minnesota Duluth,5,@,Miami,2,,,nt,True,False,False,False,20152016
Sat.,2016-01-09,7:07 CT,Colorado College,5,@,St. Cloud State,2,,,nt,True,False,False,False,20152016
Sat.,2016-01-09,7:00 ET,Merrimack,2,@,Cornell,5,,,nc,True,False,False,False,20152016
Sat.,2016-01-09,7:00 ET,Merrimack,2,@,Cornell,5,,,nc,True,False,False,False,20152016
Sat.,2016-01-09,7:00 ET,Northeastern,4,@,St. Lawrence,2,,,nc,True,False,False,False,20152016
Sat.,2016-01-09,7:00 ET,Colgate,5,@,Maine,1,,,nc,True,False,False,False,20152016
Sat.,2016-01-09,8:00 ET,Notre Dame,3,@,Western Michigan,3,OT,,nc,True,False,False,True,20152016
Sat.,2016-01-09,7:07 ET,Bowling Green,0,@,Lake Superior,1,OT,,wc,True,False,False,True,20152016
Sat.,2016-01-09,7:07 CT,Alaska,1,@,uah,3,,,wc,True,False,False,False,20152016
Sat.,2016-01-09,7:07 CT,Northern Michigan,1,@,Minnesota State,3,,,wc,True,False,False,False,20152016
Sat.,2016-01-09,7:07 AT,Bemidji State,5,@,Alaska Anchorage,1,,,wc,True,False,False,False,20152016
Sun.,2016-01-10,3:30 MT,Connecticut,3,@,Arizona State,0,,,nc,True,False,False,False,20152016
Sun.,2016-01-10,12:00 MT,Michigan Tech,1,vs,Yale,1,OT,,nc,True,True,False,True,20152016
Sun.,2016-01-10,4:05 ET,Holy Cross,2,@,Dartmouth,5,,,nc,True,False,False,False,20152016
Tue.,2016-01-12,7:00 ET,St. Lawrence,1,@,Clarkson,3,,,ec,True,False,False,False,20152016
Thu.,2016-01-14,7:35 ET,Niagara,1,@,Canisius,3,,,ah,True,False,False,False,20152016
Fri.,2016-01-15,7:05 ET,RIT,3,@,Bentley,2,,,ah,True,False,False,False,20152016
Fri.,2016-01-15,7:05 ET,Robert Morris,5,@,Holy Cross,4,,,ah,True,False,False,False,20152016
Fri.,2016-01-15,7:05 ET,Sacred Heart,1,@,Mercyhurst,2,,,ah,True,False,False,False,20152016
Fri.,2016-01-15,7:05 ET,Air Force,1,@,Army,0,,,ah,True,False,False,False,20152016
Fri.,2016-01-15,6:35 ET,Michigan,5,@,Ohio State,5,OT,,b10,True,False,False,True,20152016
Fri.,2016-01-15,8:05 CT,Michigan State,2,@,Minnesota,5,,,b10,True,False,False,False,20152016
Fri.,2016-01-15,6:37 ET,Wisconsin,3,@,Penn State,4,OT,,b10,True,False,False,True,20152016
Fri.,2016-01-15,7:00 ET,Brown,2,@,Yale,3,,,ec,True,False,False,False,20152016
Fri.,2016-01-15,7:00 ET,St. Lawrence,2,@,Harvard,3,,,ec,True,False,False,False,20152016
Fri.,2016-01-15,7:05 ET,Clarkson,2,@,Dartmouth,5,,,ec,True,False,False,False,20152016
Fri.,2016-01-15,7:00 ET,Colgate,4,@,Union,2,,,ec,True,False,False,False,20152016
Fri.,2016-01-15,7:00 ET,Cornell,0,@,RPI,1,,,ec,True,False,False,False,20152016
Fri.,2016-01-15,7:35 ET,Merrimack,2,@,Notre Dame,7,,,he,True,False,False,False,20152016
Fri.,2016-01-15,7:00 ET,New Hampshire,2,@,Northeastern,4,,,he,True,False,False,False,20152016
Fri.,2016-01-15,7:00 ET,Connecticut,1,@,Maine,0,,,he,True,False,False,False,20152016
Fri.,2016-01-15,7:35 ET,Merrimack,2,@,Notre Dame,7,,,he,True,False,False,False,20152016
Fri.,2016-01-15,7:00 ET,UMass Lowell,4,@,Massachusetts,1,,,he,True,False,False,False,20152016
Fri.,2016-01-15,7:05 ET,Providence,3,@,Vermont,1,,,he,True,False,False,False,20152016
Fri.,2016-01-15,6:00 ET,Boston University,3,@,Boston College,5,,,he,True,False,False,False,20152016
Fri.,2016-01-15,7:37 MT,Western Michigan,3,@,Denver,5,,,nt,True,False,False,False,20152016
Fri.,2016-01-15,7:07 CT,St. Cloud State,3,@,Minnesota Duluth,1,,,nt,True,False,False,False,20152016
Fri.,2016-01-15,7:37 CT,Omaha,4,@,North Dakota,3,OT,,nt,True,False,False,True,20152016
Fri.,2016-01-15,7:37 CT,Arizona State,0,@,Bemidji State,5,,,nc,True,False,False,False,20152016
Fri.,2016-01-15,7:07 ET,Alaska,3,@,Northern Michigan,2,OT,,wc,True,False,False,True,20152016
Fri.,2016-01-15,7:07 ET,uah,3,@,Ferris State,3,OT,,wc,True,False,False,True,20152016
Fri.,2016-01-15,7:07 ET,Minnesota State,2,@,Michigan Tech,2,OT,,wc,True,False,False,True,20152016
Sat.,2016-01-16,3:05 ET,Niagara,3,@,Canisius,3,OT,,ah,True,False,False,True,20152016
Sat.,2016-01-16,7:05 ET,RIT,6,@,Bentley,3,,,ah,True,False,False,False,20152016
Sat.,2016-01-16,7:05 ET,Robert Morris,2,@,Holy Cross,5,,,ah,True,False,False,False,20152016
Sat.,2016-01-16,7:05 ET,Sacred Heart,6,@,Mercyhurst,4,,,ah,True,False,False,False,20152016
Sat.,2016-01-16,6:05 ET,Air Force,1,@,Army,1,OT,,ah,True,False,False,True,20152016
Sat.,2016-01-16,6:07 ET,Wisconsin,1,@,Penn State,4,,,b10,True,False,False,False,20152016
Sat.,2016-01-16,7:35 CT,Michigan State,1,@,Minnesota,3,,,b10,True,False,False,False,20152016
Sat.,2016-01-16,7:00 ET,Colgate,2,@,RPI,2,OT,,ec,True,False,False,True,20152016
Sat.,2016-01-16,7:00 ET,Yale,2,@,Brown,1,OT,,ec,True,False,False,True,20152016
Sat.,2016-01-16,7:00 ET,Clarkson,5,@,Harvard,1,,,ec,True,False,False,False,20152016
Sat.,2016-01-16,7:00 ET,Cornell,3,@,Union,3,OT,,ec,True,False,False,True,20152016
Sat.,2016-01-16,7:05 ET,St. Lawrence,2,@,Dartmouth,4,,,ec,True,False,False,False,20152016
Sat.,2016-01-16,7:05 ET,Merrimack,1,@,Notre Dame,5,,,he,True,False,False,False,20152016
Sat.,2016-01-16,7:05 ET,Providence,6,@,Vermont,3,,,he,True,False,False,False,20152016
Sat.,2016-01-16,7:05 ET,Merrimack,1,@,Notre Dame,5,,,he,True,False,False,False,20152016
Sat.,2016-01-16,7:00 ET,Connecticut,1,@,Maine,1,OT,,he,True,False,False,True,20152016
Sat.,2016-01-16,7:00 ET,Massachusetts,0,@,UMass Lowell,5,,,he,True,False,False,False,20152016
Sat.,2016-01-16,7:00 ET,Northeastern,6,@,New Hampshire,2,,,he,True,False,False,False,20152016
Sat.,2016-01-16,7:05 ET,Boston College,1,@,Boston University,1,OT,,he,True,False,False,True,20152016
Sat.,2016-01-16,7:06 MT,Western Michigan,2,@,Denver,2,OT,,nt,True,False,False,True,20152016
Sat.,2016-01-16,7:07 CT,St. Cloud State,1,@,Minnesota Duluth,1,OT,,nt,True,False,False,True,20152016
Sat.,2016-01-16,7:07 CT,Omaha,1,@,North Dakota,5,,,nt,True,False,False,False,20152016
Sat.,2016-01-16,7:05 ET,Bowling Green,1,@,Miami,2,,,nc,True,False,False,False,20152016
Sat.,2016-01-16,7:07 CT,Arizona State,0,@,Bemidji State,2,,,nc,True,False,False,False,20152016
Sat.,2016-01-16,7:07 ET,Alaska,3,@,Northern Michigan,5,,,wc,True,False,False,False,20152016
Sat.,2016-01-16,7:07 ET,Alaska Anchorage,2,@,Lake Superior,4,,,wc,True,False,False,False,20152016
Sat.,2016-01-16,7:07 ET,Minnesota State,1,@,Michigan Tech,3,,,wc,True,False,False,False,20152016
Sat.,2016-01-16,7:07 ET,uah,1,@,Ferris State,4,,,wc,True,False,False,False,20152016
Sun.,2016-01-17,5:05 ET,Ohio State,6,@,Michigan,8,,,b10,True,False,False,False,20152016
Sun.,2016-01-17,5:07 ET,Alaska Anchorage,3,@,Lake Superior,1,,,wc,True,False,False,False,20152016
Tue.,2016-01-19,7:00 ET,Quinnipiac,3,@,Maine,3,OT,,nc,True,False,False,True,20152016
Thu.,2016-01-21,7:00 ET,RPI,2,@,Quinnipiac,2,OT,,ec,True,False,False,True,20152016
Thu.,2016-01-21,7:30 ET,US Under-18 Team,2,@,Michigan,5,,,ex,True,False,True,False,20152016
Thu.,2016-01-21,7:35 ET,USA Under-18 Team,2,@,Michigan,5,,,EX,True,False,False,False,20152016
Thu.,2016-01-21,7:07 ET,Alaska Anchorage,2,@,Bowling Green,6,,,wc,True,False,False,False,20152016
Fri.,2016-01-22,7:05 MT,Niagara,0,@,Air Force,3,,,ah,True,False,False,False,20152016
Fri.,2016-01-22,7:05 ET,Mercyhurst,2,@,Robert Morris,2,OT,,ah,True,False,False,True,20152016
Fri.,2016-01-22,7:05 ET,Canisius,2,@,Holy Cross,2,OT,,ah,True,False,False,True,20152016
Fri.,2016-01-22,7:05 ET,RIT,3,@,Sacred Heart,1,,,ah,True,False,False,False,20152016
Fri.,2016-01-22,7:05 ET,aic,1,@,Bentley,6,,,ah,True,False,False,False,20152016
Fri.,2016-01-22,7:05 ET,Penn State,3,@,Ohio State,2,OT,,B10,True,False,False,True,20152016
Fri.,2016-01-22,8:00 CT,Minnesota,4,@,Wisconsin,0,,,b10,True,False,False,False,20152016
Fri.,2016-01-22,7:00 ET,Dartmouth,3,@,Cornell,0,,,ec,True,False,False,False,20152016
Fri.,2016-01-22,7:00 ET,Yale,2,@,Clarkson,2,OT,,ec,True,False,False,True,20152016
Fri.,2016-01-22,7:00 ET,Harvard,4,@,Colgate,2,,,ec,True,False,False,False,20152016
Fri.,2016-01-22,7:00 ET,Brown,2,@,St. Lawrence,6,,,ec,True,False,False,False,20152016
Fri.,2016-01-22,7:30 MT,Ohio,2,@,Arizona State,8,,,ex,True,False,True,False,20152016
Fri.,2016-01-22,7:05 ET,Northeastern,5,@,Merrimack,2,,,he,True,False,False,False,20152016
Fri.,2016-01-22,8:30 ET,Vermont,4,@,Connecticut,2,,,he,True,False,False,False,20152016
Fri.,2016-01-22,7:00 ET,Notre Dame,5,@,New Hampshire,1,,,he,True,False,False,False,20152016
Fri.,2016-01-22,7:00 ET,Boston College,8,@,Massachusetts,0,,,he,True,False,False,False,20152016
Fri.,2016-01-22,7:05 ET,Northeastern,5,@,Merrimack,2,,,he,True,False,False,False,20152016
Fri.,2016-01-22,7:00 ET,UMass Lowell,2,@,Providence,4,,,he,True,False,False,False,20152016
Fri.,2016-01-22,7:30 ET,Boston University,5,@,Maine,2,,,he,True,False,False,False,20152016
Fri.,2016-01-22,7:36 MT,Minnesota Duluth,2,@,Denver,3,,,nt,True,False,False,False,20152016
Fri.,2016-01-22,7:37 CT,Colorado College,5,@,North Dakota,5,OT,,nt,True,False,False,True,20152016
Fri.,2016-01-22,7:37 CT,Miami,3,@,Omaha,1,,,nt,True,False,False,False,20152016
Fri.,2016-01-22,7:37 CT,Western Michigan,2,@,St. Cloud State,8,,,nt,True,False,False,False,20152016
Fri.,2016-01-22,7:37 CT,Ferris State,3,@,Bemidji State,2,OT,,wc,True,False,False,True,20152016
Fri.,2016-01-22,7:07 CT,Lake Superior,0,@,Minnesota State,8,,,wc,True,False,False,False,20152016
Fri.,2016-01-22,7:07 ET,Alaska Anchorage,2,@,Bowling Green,6,,,wc,True,False,False,False,20152016
Sat.,2016-01-23,5:05 MT,Niagara,1,@,Air Force,3,,,ah,True,False,False,False,20152016
Sat.,2016-01-23,7:05 ET,Bentley,5,@,aic,5,OT,,ah,True,False,False,True,20152016
Sat.,2016-01-23,7:05 ET,Mercyhurst,1,@,Robert Morris,6,,,ah,True,False,False,False,20152016
Sat.,2016-01-23,7:05 ET,Canisius,2,@,Holy Cross,1,OT,,ah,True,False,False,True,20152016
Sat.,2016-01-23,7:00 CT,Minnesota,9,@,Wisconsin,2,,,b10,True,False,False,False,20152016
Sat.,2016-01-23,7:05 ET,Penn State,1,@,Ohio State,5,,,B10,True,False,False,False,20152016
Sat.,2016-01-23,7:00 ET,Harvard,6,@,Cornell,2,,,ec,True,False,False,False,20152016
Sat.,2016-01-23,7:00 ET,Brown,0,@,Clarkson,5,,,ec,True,False,False,False,20152016
Sat.,2016-01-23,7:00 ET,Dartmouth,3,@,Colgate,2,,,ec,True,False,False,False,20152016
Sat.,2016-01-23,7:00 ET,Yale,3,@,St. Lawrence,2,,,ec,True,False,False,False,20152016
Sat.,2016-01-23,7:30 ET,Army,4,@,Royal Military,3,,,ex,True,False,True,False,20152016
Sat.,2016-01-23,3:00 ET,US Under-18 Team,2,@,Michigan State,3,OT,,ex,True,False,True,True,20152016
Sat.,2016-01-23,3:00 ET,USA Under-18 Team,2,@,Michigan State,3,,,EX,True,False,False,False,20152016
Sat.,2016-01-23,7:30 MT,Ohio,1,@,Arizona State,6,,,ex,True,False,True,False,20152016
Sat.,2016-01-23,7:00 ET,Merrimack,1,@,Northeastern,4,,,he,True,False,False,False,20152016
Sat.,2016-01-23,7:00 ET,Vermont,6,@,Massachusetts,4,,,he,True,False,False,False,20152016
Sat.,2016-01-23,7:00 ET,Providence,1,@,UMass Lowell,3,,,he,True,False,False,False,20152016
Sat.,2016-01-23,5:00 ET,Notre Dame,3,@,New Hampshire,2,,,he,True,False,False,False,20152016
Sat.,2016-01-23,7:00 ET,Connecticut,3,@,Boston College,3,OT,,he,True,False,False,True,20152016
Sat.,2016-01-23,7:00 ET,Merrimack,1,@,Northeastern,4,,,he,True,False,False,False,20152016
Sat.,2016-01-23,7:05 ET,Maine,1,@,Boston University,6,,,he,True,False,False,False,20152016
Sat.,2016-01-23,7:30 ET,Union,2,vs,RPI,5,,,nc,True,True,False,False,20152016
Sat.,2016-01-23,7:07 CT,Western Michigan,3,@,St. Cloud State,7,,,nt,True,False,False,False,20152016
Sat.,2016-01-23,7:06 MT,Minnesota Duluth,1,@,Denver,2,,,nt,True,False,False,False,20152016
Sat.,2016-01-23,7:07 CT,Colorado College,1,@,North Dakota,5,,,nt,True,False,False,False,20152016
Sat.,2016-01-23,7:07 CT,Miami,7,@,Omaha,3,,,nt,True,False,False,False,20152016
Sat.,2016-01-23,7:07 CT,Lake Superior,1,@,Minnesota State,5,,,wc,True,False,False,False,20152016
Sat.,2016-01-23,7:07 CT,Ferris State,1,@,Bemidji State,1,OT,,wc,True,False,False,True,20152016
Sun.,2016-01-24,3:30 ET,RIT,5,@,Sacred Heart,3,,,ah,True,False,False,False,20152016
Tue.,2016-01-26,7:00 ET,aic,0,@,Princeton,1,,,nc,True,False,False,False,20152016
Tue.,2016-01-26,7:05 ET,Sacred Heart,7,@,Connecticut,4,,,nc,True,False,False,False,20152016
Thu.,2016-01-28,7:07 ET,Michigan,7,@,Penn State,4,,,b10,True,False,False,False,20152016
Fri.,2016-01-29,7:05 ET,Army,4,@,Niagara,2,,,ah,True,False,False,False,20152016
Fri.,2016-01-29,7:05 ET,aic,1,@,Mercyhurst,3,,,ah,True,False,False,False,20152016
Fri.,2016-01-29,7:05 ET,Holy Cross,2,@,RIT,2,OT,,ah,True,False,False,True,20152016
Fri.,2016-01-29,7:05 ET,Sacred Heart,2,@,Bentley,4,,,ah,True,False,False,False,20152016
Fri.,2016-01-29,7:35 ET,Air Force,3,@,Canisius,2,,,ah,True,False,False,False,20152016
Fri.,2016-01-29,6:35 ET,Michigan State,4,@,Ohio State,2,,,B10,True,False,False,False,20152016
Fri.,2016-01-29,7:00 ET,Cornell,1,@,Clarkson,2,OT,,ec,True,False,False,True,20152016
Fri.,2016-01-29,8:00 ET,Colgate,2,@,St. Lawrence,4,,,ec,True,False,False,False,20152016
Fri.,2016-01-29,7:00 ET,Union,2,@,Yale,1,,,ec,True,False,False,False,20152016
Fri.,2016-01-29,7:00 ET,RPI,4,@,Brown,3,,,ec,True,False,False,False,20152016
Fri.,2016-01-29,7:30 ET,Princeton,1,@,Harvard,4,,,ec,True,False,False,False,20152016
Fri.,2016-01-29,8:05 ET,Quinnipiac,7,@,Dartmouth,5,,,ec,True,False,False,False,20152016
Fri.,2016-01-29,7:35 ET,Merrimack,0,@,Boston University,4,,,he,True,False,False,False,20152016
Fri.,2016-01-29,7:35 ET,Merrimack,0,@,Boston University,4,,,he,True,False,False,False,20152016
Fri.,2016-01-29,7:35 ET,Boston College,4,@,Notre Dame,0,,,he,True,False,False,False,20152016
Fri.,2016-01-29,7:00 ET,New Hampshire,1,@,Providence,3,,,he,True,False,False,False,20152016
Fri.,2016-01-29,7:00 ET,Maine,5,@,Massachusetts,2,,,he,True,False,False,False,20152016
Fri.,2016-01-29,7:00 ET,North Dakota,2,@,Western Michigan,0,,,nt,True,False,False,False,20152016
Fri.,2016-01-29,7:00 ET,Denver,1,@,Miami,3,,,nt,True,False,False,False,20152016
Fri.,2016-01-29,7:37 MT,Omaha,1,@,Colorado College,5,,,nt,True,False,False,False,20152016
Fri.,2016-01-29,7:00 CT,Alaska,3,@,Wisconsin,4,,,nc,True,False,False,False,20152016
Fri.,2016-01-29,7:15 ET,Arizona State,1,@,UMass Lowell,4,,,nc,True,False,False,False,20152016
Fri.,2016-01-29,7:07 ET,Minnesota Duluth,3,@,Northern Michigan,4,,,nc,True,False,False,False,20152016
Fri.,2016-01-29,7:07 AT,uah,2,@,Alaska Anchorage,1,,,wc,True,False,False,False,20152016
Fri.,2016-01-29,7:07 ET,Michigan Tech,4,@,Bowling Green,4,OT,,wc,True,False,False,True,20152016
Sat.,2016-01-30,7:05 ET,Army,3,@,Niagara,2,OT,,ah,True,False,False,True,20152016
Sat.,2016-01-30,7:05 ET,aic,3,@,Mercyhurst,5,,,ah,True,False,False,False,20152016
Sat.,2016-01-30,7:35 ET,Air Force,1,@,Canisius,1,OT,,ah,True,False,False,True,20152016
Sat.,2016-01-30,7:05 ET,Holy Cross,3,@,RIT,3,OT,,ah,True,False,False,True,20152016
Sat.,2016-01-30,7:05 ET,Sacred Heart,3,@,Bentley,3,OT,,ah,True,False,False,True,20152016
Sat.,2016-01-30,7:05 ET,Michigan State,1,@,Ohio State,2,,,B10,True,False,False,False,20152016
Sat.,2016-01-30,7:07 ET,Michigan,6,vs,Penn State,3,,,b10,True,True,False,False,20152016
Sat.,2016-01-30,7:35 ET,Princeton,0,@,Dartmouth,2,,,ec,True,False,False,False,20152016
Sat.,2016-01-30,7:00 ET,RPI,0,@,Yale,3,,,ec,True,False,False,False,20152016
Sat.,2016-01-30,7:00 ET,Cornell,1,@,St. Lawrence,2,OT,,ec,True,False,False,True,20152016
Sat.,2016-01-30,7:00 ET,Colgate,1,@,Clarkson,2,,,ec,True,False,False,False,20152016
Sat.,2016-01-30,7:00 ET,Union,2,@,Brown,2,OT,,ec,True,False,False,True,20152016
Sat.,2016-01-30,7:00 ET,New Hampshire,3,@,Providence,1,,,he,True,False,False,False,20152016
Sat.,2016-01-30,7:00 ET,Maine,5,@,Massachusetts,4,,,he,True,False,False,False,20152016
Sat.,2016-01-30,8:07 ET,North Dakota,2,@,Western Michigan,1,,,nt,True,False,False,False,20152016
Sat.,2016-01-30,7:05 ET,Denver,5,@,Miami,3,,,nt,True,False,False,False,20152016
Sat.,2016-01-30,6:07 MT,Omaha,6,@,Colorado College,1,,,nt,True,False,False,False,20152016
Sat.,2016-01-30,7:00 CT,Alaska,2,@,Wisconsin,5,,,nc,True,False,False,False,20152016
Sat.,2016-01-30,7:00 ET,Arizona State,1,@,UMass Lowell,8,,,nc,True,False,False,False,20152016
Sat.,2016-01-30,7:07 ET,Minnesota Duluth,3,@,Northern Michigan,1,,,nc,True,False,False,False,20152016
Sat.,2016-01-30,4:00 CT,Bemidji State,4,vs,Minnesota,2,,,nc,True,True,False,False,20152016
Sat.,2016-01-30,1:00 CT,Minnesota State,4,vs,St. Cloud State,5,,,nc,True,True,False,False,20152016
Sat.,2016-01-30,7:07 AT,uah,3,@,Alaska Anchorage,4,,,wc,True,False,False,False,20152016
Sat.,2016-01-30,7:07 ET,Michigan Tech,4,@,Bowling Green,1,,,wc,True,False,False,False,20152016
Sun.,2016-01-31,4:05 ET,Arizona State,0,@,Merrimack,10,,,nc,True,False,False,False,20152016
Sun.,2016-01-31,4:05 ET,Arizona State,0,@,Merrimack,10,,,nc,True,False,False,False,20152016
Sun.,2016-01-31,1:00 CT,Minnesota State,3,vs,Minnesota,2,,,nc,True,True,False,False,20152016
Sun.,2016-01-31,4:00 CT,St. Cloud State,5,vs,Bemidji State,2,,,nc,True,True,False,False,20152016
Mon.,2016-02-01,5:00 ET,Harvard,2,vs,Boston College,3,,,nc,True,True,False,False,20152016
Mon.,2016-02-01,8:00 ET,Northeastern,1,vs,Boston University,3,,,nc,True,True,False,False,20152016
Tue.,2016-02-02,7:05 ET,Brown,1,@,Connecticut,3,,,nc,True,False,False,False,20152016
Fri.,2016-02-05,7:05 ET,Niagara,2,@,aic,0,,,ah,True,False,False,False,20152016
Fri.,2016-02-05,7:05 ET,Robert Morris,2,@,Sacred Heart,1,,,ah,True,False,False,False,20152016
Fri.,2016-02-05,7:05 ET,Bentley,4,@,Mercyhurst,1,,,ah,True,False,False,False,20152016
Fri.,2016-02-05,7:05 ET,Holy Cross,2,@,Army,2,OT,,ah,True,False,False,True,20152016
Fri.,2016-02-05,7:05 MT,RIT,2,@,Air Force,2,OT,,ah,True,False,False,True,20152016
Fri.,2016-02-05,7:30 ET,Michigan State,3,vs,Michigan,2,OT,,b10,True,True,False,True,20152016
Fri.,2016-02-05,7:05 CT,Penn State,1,@,Minnesota,4,,,b10,True,False,False,False,20152016
Fri.,2016-02-05,7:00 ET,Cornell,2,@,Quinnipiac,2,OT,,ec,True,False,False,True,20152016
Fri.,2016-02-05,7:00 ET,St. Lawrence,3,@,RPI,0,,,ec,True,False,False,False,20152016
Fri.,2016-02-05,7:00 ET,Harvard,3,@,Brown,2,,,ec,True,False,False,False,20152016
Fri.,2016-02-05,7:00 ET,Clarkson,4,@,Union,1,,,ec,True,False,False,False,20152016
Fri.,2016-02-05,7:00 ET,Colgate,5,@,Princeton,4,,,ec,True,False,False,False,20152016
Fri.,2016-02-05,7:00 ET,Dartmouth,1,@,Yale,5,,,ec,True,False,False,False,20152016
Fri.,2016-02-05,7:00 ET,New Hampshire,3,@,Boston College,4,,,he,True,False,False,False,20152016
Fri.,2016-02-05,7:15 ET,Northeastern,2,@,UMass Lowell,2,OT,,he,True,False,False,True,20152016
Fri.,2016-02-05,7:05 ET,Notre Dame,2,@,Vermont,1,,,he,True,False,False,False,20152016
Fri.,2016-02-05,7:00 ET,Boston University,6,@,Massachusetts,3,,,he,True,False,False,False,20152016
Fri.,2016-02-05,7:30 ET,Providence,1,@,Maine,0,OT,,he,True,False,False,True,20152016
Fri.,2016-02-05,7:35 ET,St. Cloud State,5,@,Miami,1,,,nt,True,False,False,False,20152016
Fri.,2016-02-05,7:07 CT,Colorado College,3,@,Minnesota Duluth,5,,,nt,True,False,False,False,20152016
Fri.,2016-02-05,7:30 MT,UW-Eau Claire,3,@,Arizona State,3,OT,,nc,True,False,False,True,20152016
Fri.,2016-02-05,7:07 ET,Alaska Anchorage,2,@,Northern Michigan,3,,,wc,True,False,False,False,20152016
Fri.,2016-02-05,7:07 CT,Bowling Green,1,@,Minnesota State,5,,,wc,True,False,False,False,20152016
Fri.,2016-02-05,7:07 AT,Ferris State,4,@,Alaska,0,,,wc,True,False,False,False,20152016
Fri.,2016-02-05,8:07 ET,Lake Superior,0,@,Michigan Tech,3,,,wc,True,False,False,False,20152016
Sat.,2016-02-06,3:05 ET,Niagara,4,@,aic,3,,,ah,True,False,False,False,20152016
Sat.,2016-02-06,7:05 MT,RIT,0,@,Air Force,4,,,ah,True,False,False,False,20152016
Sat.,2016-02-06,7:05 ET,Bentley,2,@,Mercyhurst,5,,,ah,True,False,False,False,20152016
Sat.,2016-02-06,5:05 ET,Robert Morris,2,@,Sacred Heart,1,,,ah,True,False,False,False,20152016
Sat.,2016-02-06,7:05 ET,Holy Cross,1,@,Army,3,,,ah,True,False,False,False,20152016
Sat.,2016-02-06,5:00 ET,Michigan,4,@,Michigan State,1,,,b10,True,False,False,False,20152016
Sat.,2016-02-06,4:05 CT,Penn State,5,@,Minnesota,3,,,b10,True,False,False,False,20152016
Sat.,2016-02-06,7:00 ET,Dartmouth,6,@,Brown,3,,,ec,True,False,False,False,20152016
Sat.,2016-02-06,7:00 ET,Cornell,1,@,Princeton,0,,,ec,True,False,False,False,20152016
Sat.,2016-02-06,7:00 ET,Harvard,1,@,Yale,2,,,ec,True,False,False,False,20152016
Sat.,2016-02-06,7:00 ET,St. Lawrence,3,@,Union,3,OT,,ec,True,False,False,True,20152016
Sat.,2016-02-06,7:00 ET,Colgate,3,@,Quinnipiac,6,,,ec,True,False,False,False,20152016
Sat.,2016-02-06,7:00 ET,Clarkson,4,@,RPI,2,,,ec,True,False,False,False,20152016
Sat.,2016-02-06,7:05 ET,Connecticut,2,@,Merrimack,2,OT,,he,True,False,False,True,20152016
Sat.,2016-02-06,7:05 ET,Notre Dame,3,@,Vermont,1,,,he,True,False,False,False,20152016
Sat.,2016-02-06,7:05 ET,Connecticut,2,@,Merrimack,2,OT,,he,True,False,False,True,20152016
Sat.,2016-02-06,7:00 ET,Providence,4,@,Maine,2,,,he,True,False,False,False,20152016
Sat.,2016-02-06,7:00 ET,New Hampshire,3,@,UMass Lowell,2,,,he,True,False,False,False,20152016
Sat.,2016-02-06,7:05 ET,St. Cloud State,2,@,Miami,3,,,nt,True,False,False,False,20152016
Sat.,2016-02-06,7:07 CT,Colorado College,2,@,Minnesota Duluth,3,,,nt,True,False,False,False,20152016
Sat.,2016-02-06,7:30 MT,UW-Eau Claire,3,@,Arizona State,3,OT,,nc,True,False,False,True,20152016
Sat.,2016-02-06,7:07 CT,Bowling Green,3,@,Minnesota State,1,,,wc,True,False,False,False,20152016
Sat.,2016-02-06,7:07 ET,Alaska Anchorage,4,@,Northern Michigan,5,,,wc,True,False,False,False,20152016
Sat.,2016-02-06,7:07 AT,Ferris State,2,@,Alaska,1,OT,,wc,True,False,False,True,20152016
Sat.,2016-02-06,5:07 ET,Lake Superior,1,@,Michigan Tech,3,,,wc,True,False,False,False,20152016
Mon.,2016-02-08,4:30 ET,Harvard,1,vs,Northeastern,5,,,nc,True,True,False,False,20152016
Mon.,2016-02-08,7:30 ET,Boston College,1,vs,Boston University,0,OT,,nc,True,True,False,True,20152016
Tue.,2016-02-09,7:05 ET,Massachusetts,4,@,aic,3,OT,,nc,True,False,False,True,20152016
Tue.,2016-02-09,7:07 CT,Bemidji State,2,@,Minnesota Duluth,1,,,nc,True,False,False,False,20152016
Fri.,2016-02-12,7:05 ET,Mercyhurst,2,@,Niagara,2,OT,,ah,True,False,False,True,20152016
Fri.,2016-02-12,7:05 ET,Army,3,@,Robert Morris,1,,,ah,True,False,False,False,20152016
Fri.,2016-02-12,7:05 ET,aic,5,@,RIT,4,,,ah,True,False,False,False,20152016
Fri.,2016-02-12,7:05 ET,Air Force,2,@,Holy Cross,4,,,ah,True,False,False,False,20152016
Fri.,2016-02-12,7:05 ET,Canisius,3,@,Bentley,1,,,ah,True,False,False,False,20152016
Fri.,2016-02-12,6:35 ET,Minnesota,5,@,Ohio State,4,OT,,b10,True,False,False,True,20152016
Fri.,2016-02-12,7:00 CT,Michigan,4,@,Wisconsin,1,,,b10,True,False,False,False,20152016
Fri.,2016-02-12,7:05 ET,Penn State,6,@,Michigan State,1,,,B10,True,False,False,False,20152016
Fri.,2016-02-12,7:00 ET,Princeton,2,@,Clarkson,5,,,ec,True,False,False,False,20152016
Fri.,2016-02-12,7:05 ET,Union,4,@,Dartmouth,1,,,ec,True,False,False,False,20152016
Fri.,2016-02-12,7:00 ET,Quinnipiac,3,@,St. Lawrence,4,OT,,ec,True,False,False,True,20152016
Fri.,2016-02-12,7:00 ET,RPI,2,@,Harvard,1,,,ec,True,False,False,False,20152016
Fri.,2016-02-12,7:00 ET,Brown,3,@,Cornell,3,OT,,ec,True,False,False,True,20152016
Fri.,2016-02-12,7:00 ET,Yale,3,@,Colgate,0,,,ec,True,False,False,False,20152016
Fri.,2016-02-12,7:00 ET,Merrimack,3,@,Boston College,6,,,he,True,False,False,False,20152016
Fri.,2016-02-12,7:35 ET,UMass Lowell,1,@,Boston University,2,OT,,he,True,False,False,True,20152016
Fri.,2016-02-12,7:00 ET,Merrimack,3,@,Boston College,6,,,he,True,False,False,False,20152016
Fri.,2016-02-12,7:00 ET,Vermont,3,@,New Hampshire,2,,,he,True,False,False,False,20152016
Fri.,2016-02-12,6:35 ET,Maine,1,@,Notre Dame,4,,,he,True,False,False,False,20152016
Fri.,2016-02-12,7:00 ET,Connecticut,0,@,Providence,4,,,he,True,False,False,False,20152016
Fri.,2016-02-12,8:30 ET,Northeastern,5,@,Massachusetts,0,,,he,True,False,False,False,20152016
Fri.,2016-02-12,8:06 MT,North Dakota,4,@,Denver,6,,,nt,True,False,False,False,20152016
Fri.,2016-02-12,6:37 CT,Western Michigan,1,@,Omaha,2,,,NT,True,False,False,False,20152016
Fri.,2016-02-12,7:07 ET,Miami,4,@,Bowling Green,1,,,nc,True,False,False,False,20152016
Fri.,2016-02-12,7:07 ET,Northern Michigan,1,@,Ferris State,5,,,wc,True,False,False,False,20152016
Fri.,2016-02-12,7:37 ET,Bemidji State,2,@,Lake Superior,1,,,wc,True,False,False,False,20152016
Fri.,2016-02-12,7:07 CT,Minnesota State,3,@,uah,3,OT,,wc,True,False,False,True,20152016
Sat.,2016-02-13,7:05 ET,Army,0,@,Robert Morris,3,,,ah,True,False,False,False,20152016
Sat.,2016-02-13,7:05 ET,Air Force,4,@,Holy Cross,2,,,ah,True,False,False,False,20152016
Sat.,2016-02-13,7:05 ET,aic,2,@,RIT,3,,,ah,True,False,False,False,20152016
Sat.,2016-02-13,7:05 ET,Canisius,6,@,Bentley,3,,,ah,True,False,False,False,20152016
Sat.,2016-02-13,7:05 ET,Niagara,2,@,Mercyhurst,2,OT,,ah,True,False,False,True,20152016
Sat.,2016-02-13,7:05 ET,Minnesota,4,@,Ohio State,3,,,b10,True,False,False,False,20152016
Sat.,2016-02-13,7:00 CT,Michigan,4,@,Wisconsin,4,OT,,b10,True,False,False,True,20152016
Sat.,2016-02-13,7:05 ET,Penn State,2,@,Michigan State,2,OT,,B10,True,False,False,True,20152016
Sat.,2016-02-13,7:00 ET,Union,1,@,Harvard,4,,,ec,True,False,False,False,20152016
Sat.,2016-02-13,7:00 ET,Quinnipiac,3,@,Clarkson,2,OT,,ec,True,False,False,True,20152016
Sat.,2016-02-13,7:05 ET,RPI,1,@,Dartmouth,2,OT,,ec,True,False,False,True,20152016
Sat.,2016-02-13,7:00 ET,Princeton,1,@,St. Lawrence,4,,,ec,True,False,False,False,20152016
Sat.,2016-02-13,7:00 ET,Yale,4,@,Cornell,2,,,ec,True,False,False,False,20152016
Sat.,2016-02-13,7:30 MT,Liberty,0,@,Arizona State,7,,,ex,True,False,True,False,20152016
Sat.,2016-02-13,7:05 ET,Boston College,5,@,Merrimack,5,OT,,he,True,False,False,True,20152016
Sat.,2016-02-13,7:00 ET,Boston University,3,@,UMass Lowell,6,,,he,True,False,False,False,20152016
Sat.,2016-02-13,7:05 ET,Boston College,5,@,Merrimack,5,OT,,he,True,False,False,True,20152016
Sat.,2016-02-13,5:05 ET,Providence,3,@,Connecticut,2,,,he,True,False,False,False,20152016
Sat.,2016-02-13,5:00 ET,Vermont,2,@,New Hampshire,2,OT,,he,True,False,False,True,20152016
Sat.,2016-02-13,7:05 ET,Maine,1,@,Notre Dame,5,,,he,True,False,False,False,20152016
Sat.,2016-02-13,7:00 ET,Massachusetts,2,@,Northeastern,4,,,he,True,False,False,False,20152016
Sat.,2016-02-13,7:07 CT,Western Michigan,3,@,Omaha,6,,,NT,True,False,False,False,20152016
Sat.,2016-02-13,7:06 MT,North Dakota,1,@,Denver,4,,,nt,True,False,False,False,20152016
Sat.,2016-02-13,7:07 ET,Bemidji State,0,@,Lake Superior,3,,,wc,True,False,False,False,20152016
Sat.,2016-02-13,7:07 ET,Northern Michigan,3,@,Ferris State,2,,,wc,True,False,False,False,20152016
Sat.,2016-02-13,7:07 CT,Minnesota State,1,@,uah,1,OT,,wc,True,False,False,True,20152016
Tue.,2016-02-16,7:05 ET,UMass Lowell,5,@,aic,4,,,nc,True,False,False,False,20152016
Thu.,2016-02-18,7:07 MT,Denver,4,@,Colorado College,1,,,nt,True,False,False,False,20152016
Fri.,2016-02-19,7:05 ET,RIT,4,@,Niagara,4,OT,,ah,True,False,False,True,20152016
Fri.,2016-02-19,7:05 MT,Robert Morris,7,@,Air Force,4,,,ah,True,False,False,False,20152016
Fri.,2016-02-19,7:35 ET,Sacred Heart,4,@,Canisius,3,,,ah,True,False,False,False,20152016
Fri.,2016-02-19,7:05 ET,aic,1,@,Holy Cross,8,,,ah,True,False,False,False,20152016
Fri.,2016-02-19,7:05 ET,Mercyhurst,2,@,Army,2,OT,,ah,True,False,False,True,20152016
Fri.,2016-02-19,8:00 CT,Michigan State,4,@,Wisconsin,3,,,b10,True,False,False,False,20152016
Fri.,2016-02-19,6:37 ET,Ohio State,1,@,Penn State,6,,,B10,True,False,False,False,20152016
Fri.,2016-02-19,7:00 ET,Cornell,2,@,Harvard,2,OT,,ec,True,False,False,True,20152016
Fri.,2016-02-19,7:00 ET,Quinnipiac,5,@,RPI,4,OT,,ec,True,False,False,True,20152016
Fri.,2016-02-19,7:05 ET,Colgate,2,@,Dartmouth,5,,,ec,True,False,False,False,20152016
Fri.,2016-02-19,7:00 ET,St. Lawrence,3,@,Yale,4,,,ec,True,False,False,False,20152016
Fri.,2016-02-19,7:00 ET,Clarkson,2,@,Brown,5,,,ec,True,False,False,False,20152016
Fri.,2016-02-19,7:00 ET,Princeton,1,@,Union,2,,,ec,True,False,False,False,20152016
Fri.,2016-02-19,7:30 MT,Arizona State,6,@,Arizona,0,,,ex,True,False,True,False,20152016
Fri.,2016-02-19,7:00 ET,Merrimack,6,@,Maine,4,,,he,True,False,False,False,20152016
Fri.,2016-02-19,8:30 ET,Boston University,3,@,New Hampshire,3,OT,,he,True,False,False,True,20152016
Fri.,2016-02-19,7:00 ET,Merrimack,6,@,Maine,4,,,he,True,False,False,False,20152016
Fri.,2016-02-19,7:00 ET,Notre Dame,2,@,Providence,3,OT,,he,True,False,False,True,20152016
Fri.,2016-02-19,7:05 ET,Boston College,3,@,Vermont,1,,,he,True,False,False,False,20152016
Fri.,2016-02-19,7:05 ET,Northeastern,5,@,Connecticut,2,,,he,True,False,False,False,20152016
Fri.,2016-02-19,7:00 ET,Miami,4,@,Western Michigan,1,,,nt,True,False,False,False,20152016
Fri.,2016-02-19,7:37 CT,Minnesota Duluth,1,@,North Dakota,2,OT,,nt,True,False,False,True,20152016
Fri.,2016-02-19,7:07 CT,St. Cloud State,4,@,Omaha,1,,,nt,True,False,False,False,20152016
Fri.,2016-02-19,7:35 ET,Ferris State,2,@,Michigan,5,,,nc,True,False,False,False,20152016
Fri.,2016-02-19,7:15 ET,Massachusetts,2,@,UMass Lowell,4,,,nc,True,False,False,False,20152016
Fri.,2016-02-19,7:07 AT,Lake Superior,3,@,Alaska Anchorage,2,,,wc,True,False,False,False,20152016
Fri.,2016-02-19,7:07 ET,uah,0,@,Northern Michigan,3,,,wc,True,False,False,False,20152016
Fri.,2016-02-19,7:37 CT,Michigan Tech,0,@,Bemidji State,3,,,wc,True,False,False,False,20152016
Fri.,2016-02-19,7:07 AT,Bowling Green,1,@,Alaska,2,,,wc,True,False,False,False,20152016
Sat.,2016-02-20,7:05 ET,Niagara,2,@,RIT,5,,,ah,True,False,False,False,20152016
Sat.,2016-02-20,7:35 ET,Sacred Heart,4,@,Canisius,3,,,ah,True,False,False,False,20152016
Sat.,2016-02-20,5:05 MT,Robert Morris,1,@,Air Force,4,,,ah,True,False,False,False,20152016
Sat.,2016-02-20,7:05 ET,Holy Cross,2,@,aic,1,,,ah,True,False,False,False,20152016
Sat.,2016-02-20,7:05 ET,Mercyhurst,3,@,Army,1,,,ah,True,False,False,False,20152016
Sat.,2016-02-20,3:07 ET,Ohio State,7,@,Penn State,4,,,B10,True,False,False,False,20152016
Sat.,2016-02-20,8:00 CT,Michigan State,3,@,Wisconsin,1,,,b10,True,False,False,False,20152016
Sat.,2016-02-20,7:05 ET,Cornell,1,@,Dartmouth,0,,,ec,True,False,False,False,20152016
Sat.,2016-02-20,7:00 ET,Quinnipiac,3,@,Union,3,OT,,ec,True,False,False,True,20152016
Sat.,2016-02-20,7:00 ET,St. Lawrence,2,@,Brown,2,OT,,ec,True,False,False,True,20152016
Sat.,2016-02-20,7:00 ET,Colgate,4,@,Harvard,7,,,ec,True,False,False,False,20152016
Sat.,2016-02-20,7:00 ET,Clarkson,1,@,Yale,3,,,ec,True,False,False,False,20152016
Sat.,2016-02-20,7:00 ET,Princeton,1,@,RPI,2,,,ec,True,False,False,False,20152016
Sat.,2016-02-20,7:00 ET,Merrimack,2,@,Maine,3,OT,,he,True,False,False,True,20152016
Sat.,2016-02-20,7:00 ET,Merrimack,2,@,Maine,3,OT,,he,True,False,False,True,20152016
Sat.,2016-02-20,7:05 ET,New Hampshire,2,@,Boston University,3,,,he,True,False,False,False,20152016
Sat.,2016-02-20,7:05 ET,Boston College,4,@,Vermont,1,,,he,True,False,False,False,20152016
Sat.,2016-02-20,7:00 ET,Notre Dame,1,@,Providence,3,,,he,True,False,False,False,20152016
Sat.,2016-02-20,7:00 ET,Connecticut,1,@,Northeastern,4,,,he,True,False,False,False,20152016
Sat.,2016-02-20,7:07 CT,Minnesota Duluth,1,@,North Dakota,2,,,nt,True,False,False,False,20152016
Sat.,2016-02-20,7:07 CT,St. Cloud State,6,@,Omaha,3,,,nt,True,False,False,False,20152016
Sat.,2016-02-20,7:00 ET,Miami,1,@,Western Michigan,4,,,nt,True,False,False,False,20152016
Sat.,2016-02-20,6:10 MT,Colorado College,1,vs,Denver,4,,,nt,True,True,False,False,20152016
Sat.,2016-02-20,7:07 AT,Lake Superior,2,@,Alaska Anchorage,5,,,wc,True,False,False,False,20152016
Sat.,2016-02-20,7:07 CT,Michigan Tech,9,@,Bemidji State,2,,,wc,True,False,False,False,20152016
Sat.,2016-02-20,7:07 ET,uah,1,@,Northern Michigan,3,,,wc,True,False,False,False,20152016
Sat.,2016-02-20,7:07 AT,Bowling Green,4,@,Alaska,1,,,wc,True,False,False,False,20152016
Wed.,2016-02-24,7:05 ET,Bentley,2,@,aic,2,OT,,ah,True,False,False,True,20152016
Thu.,2016-02-25,7:35 CT,Michigan,6,@,Minnesota,2,,,b10,True,False,False,False,20152016
Fri.,2016-02-26,7:05 ET,Air Force,6,@,Niagara,1,,,ah,True,False,False,False,20152016
Fri.,2016-02-26,7:05 ET,Mercyhurst,4,@,RIT,3,,,ah,True,False,False,False,20152016
Fri.,2016-02-26,7:05 ET,Holy Cross,5,@,Sacred Heart,2,,,ah,True,False,False,False,20152016
Fri.,2016-02-26,7:35 ET,Robert Morris,6,@,Canisius,3,,,ah,True,False,False,False,20152016
Fri.,2016-02-26,7:05 ET,Bentley,2,@,Army,6,,,ah,True,False,False,False,20152016
Fri.,2016-02-26,8:05 CT,Michigan,2,@,Minnesota,3,OT,,b10,True,False,False,True,20152016
Fri.,2016-02-26,6:35 ET,Wisconsin,4,@,Ohio State,4,OT,,b10,True,False,False,True,20152016
Fri.,2016-02-26,7:00 ET,RPI,0,@,Colgate,2,,,ec,True,False,False,False,20152016
Fri.,2016-02-26,7:00 ET,Dartmouth,2,@,St. Lawrence,5,,,ec,True,False,False,False,20152016
Fri.,2016-02-26,7:00 ET,Brown,1,@,Quinnipiac,4,,,ec,True,False,False,False,20152016
Fri.,2016-02-26,7:00 ET,Union,5,@,Cornell,1,,,ec,True,False,False,False,20152016
Fri.,2016-02-26,7:00 ET,Yale,6,@,Princeton,0,,,ec,True,False,False,False,20152016
Fri.,2016-02-26,7:00 ET,Harvard,1,@,Clarkson,2,,,ec,True,False,False,False,20152016
Fri.,2016-02-26,8:35 ET,Vermont,1,@,Merrimack,4,,,he,True,False,False,False,20152016
Fri.,2016-02-26,8:35 ET,Vermont,1,@,Merrimack,4,,,he,True,False,False,False,20152016
Fri.,2016-02-26,7:00 ET,Providence,4,@,Massachusetts,1,,,he,True,False,False,False,20152016
Fri.,2016-02-26,7:00 ET,Maine,3,@,Northeastern,5,,,he,True,False,False,False,20152016
Fri.,2016-02-26,7:05 ET,New Hampshire,1,@,Connecticut,4,,,he,True,False,False,False,20152016
Fri.,2016-02-26,7:35 ET,Boston University,3,@,Notre Dame,2,,,he,True,False,False,False,20152016
Fri.,2016-02-26,7:00 ET,UMass Lowell,1,@,Boston College,3,,,he,True,False,False,False,20152016
Fri.,2016-02-26,8:07 CT,Minnesota Duluth,4,@,St. Cloud State,1,,,nt,True,False,False,False,20152016
Fri.,2016-02-26,7:00 ET,Denver,5,@,Western Michigan,1,,,nt,True,False,False,False,20152016
Fri.,2016-02-26,7:35 ET,Colorado College,0,@,Miami,3,,,nt,True,False,False,False,20152016
Fri.,2016-02-26,7:07 CT,North Dakota,4,@,Omaha,2,,,nt,True,False,False,False,20152016
Fri.,2016-02-26,7:07 AT,Minnesota State,3,@,Alaska Anchorage,0,,,wc,True,False,False,False,20152016
Fri.,2016-02-26,7:37 ET,Northern Michigan,1,@,Lake Superior,3,,,wc,True,False,False,False,20152016
Fri.,2016-02-26,7:07 ET,Alaska,5,@,Michigan Tech,6,,,wc,True,False,False,False,20152016
Fri.,2016-02-26,7:37 CT,uah,1,@,Bemidji State,1,OT,,wc,True,False,False,True,20152016
Fri.,2016-02-26,7:07 ET,Ferris State,3,@,Bowling Green,4,,,wc,True,False,False,False,20152016
Sat.,2016-02-27,7:05 ET,Air Force,3,@,Niagara,0,,,ah,True,False,False,False,20152016
Sat.,2016-02-27,7:05 ET,RIT,2,@,Mercyhurst,3,,,ah,True,False,False,False,20152016
Sat.,2016-02-27,7:05 ET,Army,2,@,Bentley,2,OT,,ah,True,False,False,True,20152016
Sat.,2016-02-27,7:05 ET,Canisius,2,@,Robert Morris,6,,,ah,True,False,False,False,20152016
Sat.,2016-02-27,7:05 ET,Sacred Heart,0,@,Holy Cross,3,,,ah,True,False,False,False,20152016
Sat.,2016-02-27,7:05 ET,Wisconsin,5,@,Ohio State,6,,,b10,True,False,False,False,20152016
Sat.,2016-02-27,7:00 ET,Brown,2,@,Princeton,2,OT,,ec,True,False,False,True,20152016
Sat.,2016-02-27,7:00 ET,RPI,3,@,Cornell,3,OT,,ec,True,False,False,True,20152016
Sat.,2016-02-27,7:00 ET,Harvard,4,@,St. Lawrence,1,,,ec,True,False,False,False,20152016
Sat.,2016-02-27,2:30 ET,Union,1,@,Colgate,2,,,ec,True,False,False,False,20152016
Sat.,2016-02-27,7:00 ET,Yale,1,@,Quinnipiac,4,,,ec,True,False,False,False,20152016
Sat.,2016-02-27,7:00 ET,Dartmouth,3,@,Clarkson,4,,,ec,True,False,False,False,20152016
Sat.,2016-02-27,7:30 MT,US Under-18 Team,2,@,Arizona State,2,OT,,ex,True,False,True,True,20152016
Sat.,2016-02-27,7:05 ET,Vermont,0,@,Merrimack,2,,,he,True,False,False,False,20152016
Sat.,2016-02-27,7:00 ET,Massachusetts,0,@,Providence,6,,,he,True,False,False,False,20152016
Sat.,2016-02-27,7:05 ET,Boston University,0,@,Notre Dame,1,,,he,True,False,False,False,20152016
Sat.,2016-02-27,7:05 ET,Vermont,0,@,Merrimack,2,,,he,True,False,False,False,20152016
Sat.,2016-02-27,7:00 ET,Connecticut,5,@,New Hampshire,4,OT,,he,True,False,False,True,20152016
Sat.,2016-02-27,7:00 ET,Maine,1,@,Northeastern,7,,,he,True,False,False,False,20152016
Sat.,2016-02-27,7:00 ET,Boston College,1,@,UMass Lowell,3,,,he,True,False,False,False,20152016
Sat.,2016-02-27,7:07 CT,Minnesota Duluth,2,@,St. Cloud State,1,,,nt,True,False,False,False,20152016
Sat.,2016-02-27,7:00 ET,Denver,4,@,Western Michigan,1,,,nt,True,False,False,False,20152016
Sat.,2016-02-27,7:07 CT,North Dakota,4,@,Omaha,1,,,nt,True,False,False,False,20152016
Sat.,2016-02-27,7:05 ET,Colorado College,0,@,Miami,4,,,nt,True,False,False,False,20152016
Sat.,2016-02-27,7:07 AT,Minnesota State,2,@,Alaska Anchorage,1,,,wc,True,False,False,False,20152016
Sat.,2016-02-27,7:07 ET,Ferris State,2,@,Bowling Green,6,,,wc,True,False,False,False,20152016
Sat.,2016-02-27,7:07 CT,uah,2,@,Bemidji State,6,,,wc,True,False,False,False,20152016
Sat.,2016-02-27,7:07 ET,Northern Michigan,2,@,Lake Superior,2,OT,,wc,True,False,False,True,20152016
Sat.,2016-02-27,7:07 ET,Alaska,2,@,Michigan Tech,3,OT,,wc,True,False,False,True,20152016
Sun.,2016-02-28,7:00 MT,US Under-18 Team,5,@,Arizona State,2,,,ex,True,False,True,False,20152016
Thu.,2016-03-03,7:00 ET,New Hampshire,3,@,Merrimack,1,,,NC,True,False,False,False,20152016
Thu.,2016-03-03,7:00 ET,New Hampshire,3,@,Merrimack,1,,,NC,True,False,False,False,20152016
Fri.,2016-03-04,7:05 ET,aic,0,@,Army,5,,,NC,True,False,False,False,20152016
Fri.,2016-03-04,7:35 ET,Niagara,3,@,Canisius,2,,,NC,True,False,False,False,20152016
Fri.,2016-03-04,7:05 ET,Sacred Heart,4,@,Bentley,5,,,NC,True,False,False,False,20152016
Fri.,2016-03-04,7:05 ET,Minnesota,4,@,Michigan State,2,,,b10,True,False,False,False,20152016
Fri.,2016-03-04,7:00 CT,Penn State,2,@,Wisconsin,1,,,b10,True,False,False,False,20152016
Fri.,2016-03-04,7:35 ET,Ohio State,7,@,Michigan,4,,,b10,True,False,False,False,20152016
Fri.,2016-03-04,7:00 ET,Brown,2,@,RPI,3,,,NC,True,False,False,False,20152016
Fri.,2016-03-04,7:00 ET,Princeton,2,@,Clarkson,3,2OT,,NC,True,False,False,True,20152016
Fri.,2016-03-04,7:00 ET,Colgate,2,@,Dartmouth,3,OT,,NC,True,False,False,True,20152016
Fri.,2016-03-04,7:00 ET,Union,0,@,Cornell,1,,,NC,True,False,False,False,20152016
Fri.,2016-03-04,7:00 ET,New Hampshire,2,@,Merrimack,3,OT,,NC,True,False,False,True,20152016
Fri.,2016-03-04,7:00 ET,New Hampshire,2,@,Merrimack,3,OT,,NC,True,False,False,True,20152016
Fri.,2016-03-04,7:00 ET,Maine,2,@,Northeastern,3,OT,,NC,True,False,False,True,20152016
Fri.,2016-03-04,7:00 ET,Vermont,2,@,Connecticut,1,,,NC,True,False,False,False,20152016
Fri.,2016-03-04,7:30 ET,Massachusetts,1,@,Boston University,2,OT,,NC,True,False,False,True,20152016
Fri.,2016-03-04,7:37 MT,St. Cloud State,5,@,Colorado College,2,,,nt,True,False,False,False,20152016
Fri.,2016-03-04,7:36 MT,Omaha,0,@,Denver,3,,,nt,True,False,False,False,20152016
Fri.,2016-03-04,7:07 CT,Miami,0,@,Minnesota Duluth,5,,,nt,True,False,False,False,20152016
Fri.,2016-03-04,8:08 CT,Western Michigan,1,@,North Dakota,8,,,nt,True,False,False,False,20152016
Fri.,2016-03-04,7:07 CT,Bemidji State,1,@,Minnesota State,6,,,wc,True,False,False,False,20152016
Fri.,2016-03-04,7:07 ET,Northern Michigan,0,@,Michigan Tech,4,,,wc,True,False,False,False,20152016
Fri.,2016-03-04,7:07 CT,Bowling Green,5,@,uah,7,,,wc,True,False,False,False,20152016
Fri.,2016-03-04,7:07 ET,Lake Superior,1,@,Ferris State,3,,,wc,True,False,False,False,20152016
Fri.,2016-03-04,7:07 AT,Alaska Anchorage,2,@,Alaska,3,,,wc,True,False,False,False,20152016
Sat.,2016-03-05,7:05 ET,aic,3,@,Army,2,OT,,NC,True,False,False,True,20152016
Sat.,2016-03-05,7:35 ET,Niagara,0,@,Canisius,1,,,NC,True,False,False,False,20152016
Sat.,2016-03-05,7:05 ET,Sacred Heart,2,@,Bentley,1,OT,,NC,True,False,False,True,20152016
Sat.,2016-03-05,7:00 CT,Penn State,3,@,Wisconsin,4,,,b10,True,False,False,False,20152016
Sat.,2016-03-05,7:05 ET,Minnesota,0,@,Michigan State,5,,,b10,True,False,False,False,20152016
Sat.,2016-03-05,7:00 ET,Colgate,5,@,Dartmouth,3,,,NC,True,False,False,False,20152016
Sat.,2016-03-05,7:00 ET,Union,1,@,Cornell,2,OT,,NC,True,False,False,True,20152016
Sat.,2016-03-05,7:00 ET,Princeton,2,@,Clarkson,3,OT,,NC,True,False,False,True,20152016
Sat.,2016-03-05,7:00 ET,Brown,3,@,RPI,4,,,NC,True,False,False,False,20152016
Sat.,2016-03-05,7:00 ET,Massachusetts,4,@,Boston University,5,,,NC,True,False,False,False,20152016
Sat.,2016-03-05,7:00 ET,Vermont,4,@,Connecticut,3,,,NC,True,False,False,False,20152016
Sat.,2016-03-05,7:00 ET,Maine,3,@,Northeastern,4,OT,,NC,True,False,False,True,20152016
Sat.,2016-03-05,6:37 MT,St. Cloud State,9,@,Colorado College,3,,,nt,True,False,False,False,20152016
Sat.,2016-03-05,7:06 MT,Omaha,1,@,Denver,2,,,nt,True,False,False,False,20152016
Sat.,2016-03-05,7:07 CT,Miami,1,@,Minnesota Duluth,3,,,nt,True,False,False,False,20152016
Sat.,2016-03-05,7:07 CT,Western Michigan,4,@,North Dakota,5,,,nt,True,False,False,False,20152016
Sat.,2016-03-05,7:07 CT,Bemidji State,1,@,Minnesota State,0,,,wc,True,False,False,False,20152016
Sat.,2016-03-05,7:07 CT,Bowling Green,5,@,uah,0,,,wc,True,False,False,False,20152016
Sat.,2016-03-05,7:07 ET,Lake Superior,3,@,Ferris State,2,,,wc,True,False,False,False,20152016
Sat.,2016-03-05,7:07 ET,Michigan Tech,5,@,Northern Michigan,1,,,wc,True,False,False,False,20152016
Sat.,2016-03-05,7:07 AT,Alaska Anchorage,2,@,Alaska,3,,,wc,True,False,False,False,20152016
Sun.,2016-03-06,7:05 ET,aic,0,@,Army,4,,,NC,True,False,False,False,20152016
Sun.,2016-03-06,7:05 ET,Sacred Heart,1,@,Bentley,4,,,NC,True,False,False,False,20152016
Sun.,2016-03-06,5:05 ET,Niagara,1,@,Canisius,4,,,NC,True,False,False,False,20152016
Sun.,2016-03-06,3:05 ET,Michigan,5,@,Ohio State,6,OT,,b10,True,False,False,True,20152016
Sun.,2016-03-06,5:00 ET,Colgate,3,@,Dartmouth,4,2OT,,NC,True,False,False,True,20152016
Sun.,2016-03-06,7:00 ET,New Hampshire,1,@,Merrimack,2,,,NC,True,False,False,False,20152016
Sun.,2016-03-06,7:00 ET,New Hampshire,1,@,Merrimack,2,,,NC,True,False,False,False,20152016
Fri.,2016-03-11,7:05 ET,RIT,2,@,Mercyhurst,1,,,NC,True,False,False,False,20152016
Fri.,2016-03-11,7:05 MT,Canisius,1,@,Air Force,4,,,NC,True,False,False,False,20152016
Fri.,2016-03-11,7:05 ET,Bentley,4,@,Robert Morris,3,,,NC,True,False,False,False,20152016
Fri.,2016-03-11,7:05 ET,Army,3,@,Holy Cross,0,,,NC,True,False,False,False,20152016
Fri.,2016-03-11,7:05 ET,Ohio State,6,@,Michigan State,5,,,B10,True,False,False,False,20152016
Fri.,2016-03-11,7:35 ET,Penn State,1,@,Michigan,7,,,B10,True,False,False,False,20152016
Fri.,2016-03-11,7:05 CT,Wisconsin,4,@,Minnesota,3,,,B10,True,False,False,False,20152016
Fri.,2016-03-11,7:00 ET,Cornell,2,@,Quinnipiac,5,,,NC,True,False,False,False,20152016
Fri.,2016-03-11,7:00 ET,Dartmouth,4,@,Yale,3,,,NC,True,False,False,False,20152016
Fri.,2016-03-11,7:00 ET,RPI,2,@,Harvard,5,,,NC,True,False,False,False,20152016
Fri.,2016-03-11,7:00 ET,Clarkson,2,@,St. Lawrence,3,OT,,NC,True,False,False,True,20152016
Fri.,2016-03-11,7:00 ET,Merrimack,1,@,Providence,3,,,NC,True,False,False,False,20152016
Fri.,2016-03-11,7:00 ET,Merrimack,1,@,Providence,3,,,NC,True,False,False,False,20152016
Fri.,2016-03-11,7:00 ET,Vermont,0,@,Boston College,3,,,NC,True,False,False,False,20152016
Fri.,2016-03-11,7:30 ET,Boston University,2,@,UMass Lowell,3,,,NC,True,False,False,False,20152016
Fri.,2016-03-11,7:35 ET,Northeastern,3,@,Notre Dame,1,,,NC,True,False,False,False,20152016
Fri.,2016-03-11,7:36 MT,Omaha,2,@,Denver,5,,,NC,True,False,False,False,20152016
Fri.,2016-03-11,7:37 CT,Colorado College,1,@,North Dakota,7,,,NC,True,False,False,False,20152016
Fri.,2016-03-11,7:07 CT,Miami,4,@,Minnesota Duluth,5,,,NC,True,False,False,False,20152016
Fri.,2016-03-11,7:37 CT,Western Michigan,3,@,St. Cloud State,4,,,NC,True,False,False,False,20152016
Fri.,2016-03-11,7:07 ET,Alaska,1,@,Michigan Tech,7,,,NC,True,False,False,False,20152016
Fri.,2016-03-11,7:07 ET,Bemidji State,3,@,Bowling Green,1,,,NC,True,False,False,False,20152016
Fri.,2016-03-11,7:07 ET,Northern Michigan,2,@,Ferris State,3,,,NC,True,False,False,False,20152016
Fri.,2016-03-11,7:07 CT,Lake Superior,2,@,Minnesota State,5,,,NC,True,False,False,False,20152016
Sat.,2016-03-12,7:05 MT,Canisius,1,@,Air Force,4,,,NC,True,False,False,False,20152016
Sat.,2016-03-12,7:05 ET,Bentley,1,@,Robert Morris,4,,,NC,True,False,False,False,20152016
Sat.,2016-03-12,7:05 ET,Army,2,@,Holy Cross,1,,,NC,True,False,False,False,20152016
Sat.,2016-03-12,7:05 ET,RIT,4,@,Mercyhurst,1,,,NC,True,False,False,False,20152016
Sat.,2016-03-12,7:05 ET,Ohio State,1,@,Michigan State,1,,,B10,True,False,False,False,20152016
Sat.,2016-03-12,7:05 CT,Wisconsin,1,@,Minnesota,4,,,B10,True,False,False,False,20152016
Sat.,2016-03-12,7:35 ET,Penn State,1,@,Michigan,6,,,B10,True,False,False,False,20152016
Sat.,2016-03-12,7:00 ET,Clarkson,2,@,St. Lawrence,3,2OT,,NC,True,False,False,True,20152016
Sat.,2016-03-12,7:00 ET,Cornell,5,@,Quinnipiac,4,,,NC,True,False,False,False,20152016
Sat.,2016-03-12,7:00 ET,Dartmouth,2,@,Yale,1,,,NC,True,False,False,False,20152016
Sat.,2016-03-12,7:00 ET,RPI,2,@,Harvard,8,,,NC,True,False,False,False,20152016
Sat.,2016-03-12,7:00 ET,Merrimack,0,@,Providence,2,,,NC,True,False,False,False,20152016
Sat.,2016-03-12,7:00 ET,Merrimack,0,@,Providence,2,,,NC,True,False,False,False,20152016
Sat.,2016-03-12,7:00 ET,Boston University,0,@,UMass Lowell,5,,,NC,True,False,False,False,20152016
Sat.,2016-03-12,7:05 ET,Northeastern,6,@,Notre Dame,4,,,NC,True,False,False,False,20152016
Sat.,2016-03-12,7:00 ET,Vermont,4,@,Boston College,2,,,NC,True,False,False,False,20152016
Sat.,2016-03-12,7:07 CT,Miami,1,@,Minnesota Duluth,3,,,NC,True,False,False,False,20152016
Sat.,2016-03-12,7:07 CT,Western Michigan,2,@,St. Cloud State,4,,,NC,True,False,False,False,20152016
Sat.,2016-03-12,7:07 CT,Colorado College,1,@,North Dakota,5,,,NC,True,False,False,False,20152016
Sat.,2016-03-12,7:06 MT,Omaha,3,@,Denver,4,,,NC,True,False,False,False,20152016
Sat.,2016-03-12,7:07 ET,Bemidji State,2,@,Bowling Green,7,,,NC,True,False,False,False,20152016
Sat.,2016-03-12,7:07 ET,Alaska,3,@,Michigan Tech,5,,,NC,True,False,False,False,20152016
Sat.,2016-03-12,7:07 ET,Northern Michigan,2,@,Ferris State,5,,,NC,True,False,False,False,20152016
Sat.,2016-03-12,7:07 CT,Lake Superior,2,@,Minnesota State,0,,,NC,True,False,False,False,20152016
Sun.,2016-03-13,7:05 ET,Bentley,3,@,Robert Morris,6,,,NC,True,False,False,False,20152016
Sun.,2016-03-13,4:00 ET,Cornell,3,@,Quinnipiac,6,,,NC,True,False,False,False,20152016
Sun.,2016-03-13,4:00 ET,Vermont,3,@,Boston College,4,,,NC,True,False,False,False,20152016
Sun.,2016-03-13,7:07 ET,Bemidji State,1,@,Bowling Green,3,,,NC,True,False,False,False,20152016
Sun.,2016-03-13,7:07 CT,Lake Superior,0,@,Minnesota State,3,,,NC,True,False,False,False,20152016
Thu.,2016-03-17,4:00 CT,Wisconsin,2,vs,Penn State,5,,,NC,True,True,False,False,20152016
Thu.,2016-03-17,7:30 CT,Michigan State,3,vs,Ohio State,4,,,NC,True,True,False,False,20152016
Fri.,2016-03-18,5:05 ET,Army,1,vs,Robert Morris,2,,,NC,True,True,False,False,20152016
Fri.,2016-03-18,8:35 ET,RIT,2,vs,Air Force,1,,,NC,True,True,False,False,20152016
Fri.,2016-03-18,4:06 ET,Dartmouth,1,vs,Quinnipiac,3,,,NC,True,True,False,False,20152016
Fri.,2016-03-18,7:36 ET,St. Lawrence,1,vs,Harvard,2,,,NC,True,True,False,False,20152016
Fri.,2016-03-18,5:00 ET,UMass Lowell,2,vs,Providence,1,3OT,,NC,True,True,False,True,20152016
Fri.,2016-03-18,8:00 ET,Northeastern,5,vs,Boston College,4,,,NC,True,True,False,False,20152016
Fri.,2016-03-18,4:00 CT,Penn State,2,vs,Michigan,7,,,NC,True,True,False,False,20152016
Fri.,2016-03-18,7:30 CT,Ohio State,2,vs,Minnesota,4,,,NC,True,True,False,False,20152016
Fri.,2016-03-18,4:08 CT,Minnesota Duluth,4,vs,North Dakota,2,,,NC,True,True,False,False,20152016
Fri.,2016-03-18,7:38 CT,Denver,2,vs,St. Cloud State,4,,,NC,True,True,False,False,20152016
Fri.,2016-03-18,7:37 ET,Ferris State,1,vs,Michigan Tech,0,,,NC,True,True,False,False,20152016
Fri.,2016-03-18,4:07 ET,Bowling Green,1,vs,Minnesota State,2,,,NC,True,True,False,False,20152016
Sat.,2016-03-19,7:05 ET,RIT,7,vs,Robert Morris,4,,,NC,True,True,False,False,20152016
Sat.,2016-03-19,7:00 CT,Michigan,5,vs,Minnesota,3,,,NC,True,True,False,False,20152016
Sat.,2016-03-19,7:36 ET,Harvard,1,vs,Quinnipiac,4,,,NC,True,True,False,False,20152016
Sat.,2016-03-19,7:00 ET,Northeastern,3,vs,UMass Lowell,2,,,NC,True,True,False,False,20152016
Sat.,2016-03-19,7:38 CT,Minnesota Duluth,1,vs,St. Cloud State,3,,,NC,True,True,False,False,20152016
Sat.,2016-03-19,3:38 CT,Denver,1,vs,North Dakota,1,,,NC,True,True,False,False,20152016
Sat.,2016-03-19,6:07 ET,Ferris State,2,vs,Minnesota State,1,,,NC,True,True,False,False,20152016
Fri.,2016-03-25,5:30 ET,Notre Dame,2,vs,Michigan,3,,,NC,True,True,False,False,20152016
Fri.,2016-03-25,8:00 ET,Harvard,1,vs,Boston College,4,,,NC,True,True,False,False,20152016
Fri.,2016-03-25,4:30 ET,Minnesota Duluth,2,vs,Providence,1,2OT,,NC,True,True,False,True,20152016
Fri.,2016-03-25,2:00 ET,Northeastern,2,vs,North Dakota,6,,,NC,True,True,False,False,20152016
Sat.,2016-03-26,4:00 ET,RIT,0,vs,Quinnipiac,4,,,NC,True,True,False,False,20152016
Sat.,2016-03-26,7:30 ET,Yale,2,vs,UMass Lowell,3,,,NC,True,True,False,False,20152016
Sat.,2016-03-26,9:00 ET,Minnesota Duluth,2,vs,Boston College,3,,,NC,True,True,False,False,20152016
Sat.,2016-03-26,6:00 ET,Michigan,2,vs,North Dakota,5,,,NC,True,True,False,False,20152016
Sat.,2016-03-26,5:30 CT,Boston University,2,vs,Denver,7,,,NC,True,True,False,False,20152016
Sat.,2016-03-26,2:00 CT,Ferris State,5,vs,St. Cloud State,4,,,NC,True,True,False,False,20152016
Sun.,2016-03-27,7:30 ET,UMass Lowell,1,vs,Quinnipiac,4,,,NC,True,True,False,False,20152016
Sun.,2016-03-27,4:00 CT,Ferris State,3,vs,Denver,6,,,NC,True,True,False,False,20152016
Thu.,2016-04-07,5:00 ET,Boston College,2,vs,Quinnipiac,3,,,NC,True,True,False,False,20152016
Thu.,2016-04-07,8:30 ET,Denver,2,vs,North Dakota,4,,,NC,True,True,False,False,20152016
Sat.,2016-04-09,8:00 ET,North Dakota,5,vs,Quinnipiac,1,,,NC,True,True,False,False,20152016
